mfcc_0,mfcc_1,mfcc_2,mfcc_3,mfcc_4,mfcc_5,mfcc_6,mfcc_7,mfcc_8,mfcc_9,mfcc_10,mfcc_11,mfcc_12,chroma_0,chroma_1,chroma_2,chroma_3,chroma_4,chroma_5,chroma_6,chroma_7,chroma_8,chroma_9,chroma_10,chroma_11,centroid,zcr,genre
-113.619384765625,121.55301666259766,-19.15105628967285,42.345767974853516,-6.3711676597595215,18.613033294677734,-13.692060470581055,15.339378356933594,-12.28361701965332,10.973774909973145,-8.322409629821777,8.806787490844727,-3.665802001953125,0.361726850271225,0.36761870980262756,0.43998005986213684,0.24463452398777008,0.2478017657995224,0.3356154263019562,0.3645760416984558,0.43564707040786743,0.2958413064479828,0.3146337866783142,0.40656036138534546,0.38477030396461487,1784.416545970319,0.08306639113293343,blues
-207.58151245117188,123.99714660644531,8.939114570617676,35.870758056640625,2.9199705123901367,21.518787384033203,-8.555368423461914,23.355937957763672,-10.10103702545166,11.90644359588623,-5.558122634887695,5.375942230224609,-2.237833023071289,0.45962226390838623,0.34987717866897583,0.3209685981273651,0.2115858793258667,0.20090791583061218,0.3310050964355469,0.3976469337940216,0.5606763362884521,0.3843792974948883,0.255473792552948,0.28495901823043823,0.3342382609844208,1529.8713140945188,0.056044256724071206,blues
-90.7763442993164,140.4486083984375,-29.10055923461914,31.687339782714844,-13.975973129272461,25.741682052612305,-13.644712448120117,11.623111724853516,-11.775920867919922,9.70046615600586,-13.115348815917969,5.785763263702393,-8.89973258972168,0.2726714015007019,0.19586877524852753,0.31525424122810364,0.4081348180770874,0.5470826029777527,0.3217753767967224,0.30478695034980774,0.2885168790817261,0.3342420160770416,0.40191107988357544,0.3843080401420593,0.5881897211074829,1552.6377863181906,0.07630074799245357,blues
-199.46200561523438,150.09474182128906,5.649167060852051,26.87014389038086,1.755440592765808,14.2368803024292,-4.8288726806640625,9.29784870147705,-0.7531418800354004,8.147393226623535,-3.1952357292175293,6.085353851318359,-2.4761881828308105,0.34086182713508606,0.40857699513435364,0.5245686173439026,0.5470744967460632,0.6571127772331238,0.5116710662841797,0.35563045740127563,0.251690149307251,0.24638640880584717,0.31520888209342957,0.31654343008995056,0.3828551471233368,1070.1100585189854,0.03330894446594427,blues
-160.29185485839844,126.19576263427734,-35.602500915527344,22.151168823242188,-32.487640380859375,10.862022399902344,-23.357162475585938,0.5005233287811279,-11.804770469665527,1.2038776874542236,-13.085074424743652,-2.8098487854003906,-6.9356207847595215,0.19272667169570923,0.3172316551208496,0.39155152440071106,0.25590550899505615,0.1928039789199829,0.5305815935134888,0.2539423406124115,0.1392154097557068,0.27655506134033203,0.3243357837200165,0.5552976727485657,0.2730299234390259,1835.5070084014953,0.1015001421004257,blues
-177.88876342773438,118.18952941894531,-17.550729751586914,30.753101348876953,-21.732107162475586,11.898545265197754,-20.732280731201172,3.176168918609619,-8.575770378112793,-0.9401844143867493,-11.773798942565918,-2.4260759353637695,-9.342486381530762,0.23830761015415192,0.3001772165298462,0.6168901920318604,0.23552347719669342,0.12392118573188782,0.2436339408159256,0.27951210737228394,0.41132164001464844,0.24399375915527344,0.28561267256736755,0.28419914841651917,0.3658749759197235,1831.9900685948742,0.09403986975135449,blues
-190.17501831054688,130.29241943359375,-36.348472595214844,33.029090881347656,11.085680961608887,-0.5963724851608276,-20.882356643676758,0.2771161198616028,-6.500870704650879,-5.515623092651367,-7.8452887535095215,-3.123599052429199,-6.5957159996032715,0.42547881603240967,0.22330671548843384,0.1313037872314453,0.1526467353105545,0.2418576180934906,0.4910733699798584,0.2456035315990448,0.16917839646339417,0.2882331311702728,0.4614280164241791,0.35944870114326477,0.3073091208934784,1459.0353761872718,0.07302790308146284,blues
-179.42007446289062,136.4420928955078,-26.644338607788086,39.979591369628906,5.301814556121826,10.921236991882324,-20.555347442626953,8.507476806640625,-11.35435962677002,-3.4690983295440674,-8.414113998413086,-6.956976890563965,-3.5483481884002686,0.25941815972328186,0.26425817608833313,0.32541999220848083,0.21780180931091309,0.2151205837726593,0.295216828584671,0.1900440901517868,0.1808650642633438,0.26435011625289917,0.3901410400867462,0.6485509872436523,0.43658754229545593,1451.8494584581754,0.06143500266060371,blues
-121.38711547851562,122.5053939819336,-14.739394187927246,46.135292053222656,-8.160384178161621,20.170509338378906,-19.169321060180664,23.050188064575195,-11.825939178466797,21.173410415649414,-6.720290660858154,7.005018711090088,-12.739909172058105,0.31952103972435,0.3046649396419525,0.36683228611946106,0.42233848571777344,0.524003803730011,0.4506942629814148,0.493522047996521,0.3529855012893677,0.38034287095069885,0.46188274025917053,0.366482138633728,0.46470749378204346,1719.2739373344168,0.06402757957623839,blues
-213.20452880859375,115.154541015625,-11.720502853393555,39.032554626464844,-20.357818603515625,13.089925765991211,-9.180814743041992,9.023638725280762,-14.101024627685547,4.283337116241455,-6.044196128845215,3.786367893218994,0.22368738055229187,0.24841243028640747,0.2733064293861389,0.4887445867061615,0.26811468601226807,0.1795714646577835,0.2677972614765167,0.22273746132850647,0.41564545035362244,0.2728808522224426,0.18116427958011627,0.2293047159910202,0.24049191176891327,1817.5295464146707,0.0792153184258901,blues
-173.7158660888672,137.14024353027344,-23.76764678955078,26.99173927307129,-16.68766212463379,4.214374542236328,-12.58261775970459,5.854559421539307,-2.8846731185913086,-1.1866810321807861,-1.9771538972854614,1.8001550436019897,-3.004411458969116,0.4616740345954895,0.1709531545639038,0.1926480382680893,0.37859681248664856,0.35386496782302856,0.4591083824634552,0.2763881981372833,0.324049711227417,0.1876990646123886,0.20247578620910645,0.3237245976924896,0.316399484872818,1410.6753570562125,0.06298072271671827,blues
-287.9235534667969,123.97102355957031,5.456121921539307,33.68454360961914,1.0892010927200317,14.704721450805664,-4.898605823516846,8.653275489807129,0.7827977538108826,6.566735744476318,-4.879439830780029,-3.1806588172912598,-5.557003498077393,0.2483915239572525,0.2302265763282776,0.3049179017543793,0.41385775804519653,0.6585419178009033,0.5414393544197083,0.3524606227874756,0.3485755920410156,0.34564974904060364,0.3480110764503479,0.2766418755054474,0.32097095251083374,1353.3291189300635,0.04395891785990712,blues
-207.208740234375,132.79708862304688,-15.460705757141113,60.99486541748047,0.7102412581443787,12.461278915405273,1.160927653312683,-1.5278946161270142,-17.90181541442871,8.369234085083008,-2.4538185596466064,-0.5966886878013611,0.3688164949417114,0.303676038980484,0.160280242562294,0.2196275293827057,0.2034941166639328,0.1968066245317459,0.26644212007522583,0.30161792039871216,0.1576872318983078,0.18246063590049744,0.2134687751531601,0.37555256485939026,0.6508768200874329,1361.1004062354928,0.06912392064144737,blues
-209.78219604492188,124.4659194946289,10.285804748535156,47.030174255371094,6.482385635375977,15.417020797729492,-2.010077714920044,6.735785961151123,-21.548620223999023,10.728497505187988,-5.5324320793151855,-2.202038049697876,-3.051727056503296,0.12737734615802765,0.1421058475971222,0.1711677461862564,0.14698217809200287,0.1898864060640335,0.23153729736804962,0.15596744418144226,0.2164877951145172,0.34531906247138977,0.3849269151687622,0.691530704498291,0.3734269142150879,1324.3317542217217,0.051417300575657895,blues
-305.6985778808594,113.0416259765625,12.114899635314941,45.03944396972656,17.739240646362305,14.594630241394043,4.157128810882568,0.24009813368320465,-7.013088226318359,13.649843215942383,8.923057556152344,1.301689863204956,5.952127933502197,0.2962065041065216,0.3160898685455322,0.29482224583625793,0.24004888534545898,0.29478704929351807,0.3142643868923187,0.23711232841014862,0.23535692691802979,0.2841905653476715,0.3778442144393921,0.6203979253768921,0.437369704246521,1172.2763008557504,0.045045834945820436,blues
-238.5330352783203,120.08828735351562,-4.224555492401123,42.31004333496094,5.916329383850098,13.91418170928955,5.357577323913574,1.903708815574646,-16.929880142211914,12.339310646057129,3.94096040725708,-1.3906770944595337,0.014792084693908691,0.262889564037323,0.1662413328886032,0.2438019961118698,0.2428956925868988,0.28420233726501465,0.29283303022384644,0.2606823444366455,0.1692272424697876,0.19756260514259338,0.24369342625141144,0.3623674809932709,0.5177621841430664,1420.4114787701458,0.0637176797116873,blues
-233.79489135742188,120.66705322265625,-3.167560338973999,39.539268493652344,3.8588550090789795,18.839672088623047,-3.6889171600341797,4.431845188140869,-14.975372314453125,17.571035385131836,1.8447446823120117,2.538606643676758,-1.2386857271194458,0.23256327211856842,0.1688748002052307,0.14962568879127502,0.2787191569805145,0.40747806429862976,0.24971187114715576,0.272273451089859,0.3550833463668823,0.5286722183227539,0.5375012159347534,0.2650396525859833,0.25401490926742554,1455.0424713768248,0.061350725014512386,blues
-245.75413513183594,140.48092651367188,-2.7714390754699707,60.42012023925781,18.925399780273438,9.837099075317383,3.5665769577026367,0.536187469959259,-16.367359161376953,6.629854202270508,7.269148826599121,-4.015730857849121,1.6074535846710205,0.30284935235977173,0.2071584016084671,0.15734095871448517,0.15960150957107544,0.30674272775650024,0.256511390209198,0.2541382312774658,0.3122527599334717,0.4253430962562561,0.5789123177528381,0.35321244597435,0.3128110468387604,1088.7781161784512,0.04832397083010836,blues
-252.51876831054688,104.9369888305664,15.316827774047852,42.67346954345703,6.762617588043213,21.623579025268555,-1.313277006149292,5.6919331550598145,-16.619516372680664,12.161626815795898,-1.9679499864578247,1.969765067100525,-0.8889584541320801,0.21098193526268005,0.1609378308057785,0.1887495517730713,0.20268116891384125,0.21735221147537231,0.28019803762435913,0.3294546902179718,0.2506038248538971,0.33041706681251526,0.3770619332790375,0.2986023724079132,0.39391082525253296,1537.56091926741,0.056131935710139316,blues
-236.68890380859375,138.40428161621094,-4.923574924468994,47.64771270751953,5.152376174926758,8.895283699035645,0.48285630345344543,-3.8016674518585205,-14.97489070892334,10.432586669921875,-0.3539614975452423,0.7883455157279968,1.7829302549362183,0.19436335563659668,0.1935489922761917,0.15701021254062653,0.2542506456375122,0.34076017141342163,0.14692921936511993,0.13923534750938416,0.24408164620399475,0.43790003657341003,0.5547572374343872,0.25239962339401245,0.1730765551328659,1195.4133983085592,0.05887114817143963,blues
-230.42657470703125,127.10052490234375,7.145354270935059,39.78431701660156,1.9449424743652344,17.40534019470215,-5.639429092407227,8.252129554748535,-18.10438346862793,13.842513084411621,-3.7609128952026367,2.571859836578369,-4.320805549621582,0.24988871812820435,0.17251883447170258,0.21738861501216888,0.2925994098186493,0.4965704679489136,0.24946391582489014,0.22612887620925903,0.34282177686691284,0.3883362412452698,0.2994912564754486,0.2835259437561035,0.41485920548439026,1389.9522837601053,0.05256015080785604,blues
-264.678466796875,138.85833740234375,11.156023025512695,48.53825378417969,14.89592456817627,20.584367752075195,3.2051422595977783,1.2625881433486938,-15.847021102905273,15.986576080322266,3.3616716861724854,-1.5137410163879395,1.8921550512313843,0.23320144414901733,0.16180479526519775,0.17967814207077026,0.21733346581459045,0.38632258772850037,0.5575255751609802,0.4565768837928772,0.4428042471408844,0.4035208523273468,0.2965203523635864,0.2842470705509186,0.2341705709695816,1046.7275070203577,0.04793735185274768,blues
-233.85751342773438,136.17208862304688,3.2713184356689453,48.93121337890625,8.685133934020996,13.979510307312012,5.354867935180664,0.39087027311325073,-13.5045747756958,16.85610580444336,5.1309380531311035,-2.231879949569702,3.9640326499938965,0.3897472620010376,0.23288270831108093,0.21152746677398682,0.2562978267669678,0.3287827968597412,0.4949999749660492,0.35562562942504883,0.32009533047676086,0.28151294589042664,0.31772667169570923,0.2504669725894928,0.23763889074325562,1156.202363121508,0.05861340218653251,blues
-227.26885986328125,137.73069763183594,-14.4934663772583,63.555702209472656,5.612640857696533,11.984639167785645,1.8855520486831665,-1.863376498222351,-7.620555400848389,-2.447174549102783,-2.8867249488830566,-9.429529190063477,-10.92391300201416,0.20807507634162903,0.2733587324619293,0.187953919172287,0.20785000920295715,0.48305603861808777,0.2290041148662567,0.1247604638338089,0.16496522724628448,0.2822200655937195,0.6509669423103333,0.36525827646255493,0.19118231534957886,1210.4571260262846,0.052482675841718264,blues
-274.3118591308594,130.41371154785156,-6.392800331115723,70.40501403808594,13.26914119720459,9.461283683776855,7.725641250610352,-1.247490644454956,-0.5775883197784424,-2.30258846282959,3.783147096633911,0.08482332527637482,-0.9394359588623047,0.30606743693351746,0.23341652750968933,0.23148825764656067,0.17517268657684326,0.20543847978115082,0.2379918098449707,0.11788558959960938,0.08235787600278854,0.12760813534259796,0.29731470346450806,0.6089550256729126,0.5336004495620728,1120.3909802285903,0.047297899937113,blues
-249.28939819335938,130.98703002929688,0.6773899793624878,66.68578338623047,17.89780616760254,4.623736381530762,6.5983076095581055,1.2490499019622803,1.4163895845413208,-1.5791419744491577,-0.9626631140708923,-3.571995735168457,-2.9279816150665283,0.24268873035907745,0.20951725542545319,0.2663934528827667,0.18093737959861755,0.23689621686935425,0.30532306432724,0.13582204282283783,0.11215391010046005,0.1764555722475052,0.4369102120399475,0.7759139537811279,0.41275712847709656,1109.721378629315,0.05172493288022446,blues
-284.6973571777344,108.8051986694336,9.088282585144043,51.222740173339844,18.09175682067871,7.612260818481445,8.779499053955078,2.3628289699554443,0.005786435212939978,2.2509660720825195,4.205099105834961,-3.2933170795440674,1.6082983016967773,0.3756738305091858,0.24711091816425323,0.21831059455871582,0.148929625749588,0.20581449568271637,0.37001508474349976,0.2007742077112198,0.15389935672283173,0.19805417954921722,0.24975109100341797,0.46622928977012634,0.5094305276870728,1198.7544985722175,0.051987591911764705,blues
-228.2506561279297,130.3444061279297,-23.291290283203125,70.1720962524414,1.1422709226608276,7.602447509765625,0.9099381566047668,1.9782512187957764,-6.1670074462890625,-9.396023750305176,-2.5628409385681152,-4.522894382476807,-0.2629503607749939,0.39033597707748413,0.23876804113388062,0.2807732820510864,0.2451445609331131,0.4131217896938324,0.29711827635765076,0.20195573568344116,0.12534329295158386,0.16362884640693665,0.21441921591758728,0.3320140540599823,0.5618314743041992,1391.4439037459135,0.07235897288602941,blues
-248.9867401123047,139.06719970703125,-16.282499313354492,57.117984771728516,20.19265365600586,10.188037872314453,4.543976306915283,0.3312790095806122,-7.877950668334961,-3.4479153156280518,-2.646488904953003,-2.8313822746276855,-0.902166485786438,0.29127100110054016,0.22079145908355713,0.2584635019302368,0.17772096395492554,0.21079666912555695,0.30909228324890137,0.16693708300590515,0.10157757997512817,0.16217629611492157,0.3373441994190216,0.5991712808609009,0.47678855061531067,1115.5411952519341,0.04802843217879257,blues
-233.75082397460938,101.17827606201172,17.64976692199707,23.733776092529297,2.0820329189300537,25.941923141479492,-16.95884895324707,15.098033905029297,-22.278715133666992,4.395122528076172,-23.2074031829834,-6.057175159454346,-5.068857192993164,0.26941633224487305,0.3572019338607788,0.4740205705165863,0.4313819408416748,0.2813246250152588,0.2253451943397522,0.2033645361661911,0.22684213519096375,0.24075070023536682,0.3195425570011139,0.17719383537769318,0.16026365756988525,1649.2877536970093,0.05292636174535604,blues
-206.96807861328125,117.79298400878906,23.23587989807129,28.297826766967773,-1.1239153146743774,18.862035751342773,-21.949682235717773,17.849985122680664,-25.585643768310547,2.129925012588501,-17.794416427612305,-8.01590347290039,-17.60727882385254,0.24510246515274048,0.1638219803571701,0.19979612529277802,0.2714952528476715,0.2921726107597351,0.4671075642108917,0.3753550052642822,0.38638922572135925,0.2223765105009079,0.16280455887317657,0.20548458397388458,0.16564637422561646,1378.9657764881297,0.03937580120452786,blues
-221.8311309814453,110.83949279785156,18.6168212890625,30.920137405395508,3.2959229946136475,22.58736228942871,-20.416349411010742,12.11873722076416,-26.35049819946289,-4.3674845695495605,-26.413198471069336,-13.045098304748535,-12.654766082763672,0.13407158851623535,0.2872180640697479,0.4490413963794708,0.3309780955314636,0.15556232631206512,0.10287249833345413,0.1988152712583542,0.2871967852115631,0.24909941852092743,0.4184880554676056,0.2473631650209427,0.18295347690582275,1331.0365912698594,0.04296723829334365,blues
-288.8077087402344,105.89604187011719,18.77703857421875,23.710391998291016,5.711881160736084,25.549087524414062,-13.473759651184082,12.428972244262695,-11.942033767700195,1.571425437927246,-15.63591194152832,-6.650615692138672,-11.713253021240234,0.3537141680717468,0.21901589632034302,0.19678902626037598,0.18292836844921112,0.22371414303779602,0.2961808145046234,0.31177639961242676,0.4353170394897461,0.2774195373058319,0.24801817536354065,0.2964007258415222,0.27394476532936096,1309.6646971460593,0.03939318583107585,blues
-239.03807067871094,108.6572036743164,34.151893615722656,30.23917007446289,-0.4757433533668518,27.29263687133789,-21.379398345947266,14.150508880615234,-24.510177612304688,-1.8840460777282715,-28.050291061401367,-11.2566499710083,-16.476930618286133,0.3117258846759796,0.21653465926647186,0.17708136141300201,0.1554446518421173,0.24418199062347412,0.4570799469947815,0.3171609342098236,0.23538409173488617,0.21042242646217346,0.26943257451057434,0.28200140595436096,0.2533915936946869,1430.5981944868504,0.04196988982681889,blues
-217.23867797851562,105.79236602783203,15.617069244384766,25.25638198852539,-1.4402743577957153,30.1898193359375,-17.715219497680664,17.318172454833984,-27.20952796936035,4.33916711807251,-20.059492111206055,-10.695944786071777,-14.220666885375977,0.23829385638237,0.32618284225463867,0.4690555930137634,0.3810312747955322,0.24735845625400543,0.23893548548221588,0.19860117137432098,0.21174567937850952,0.23596490919589996,0.31428879499435425,0.15840230882167816,0.12556354701519012,1536.7310778930728,0.04570040392801858,blues
-171.81019592285156,120.28062438964844,15.327536582946777,21.090450286865234,-5.4192962646484375,24.189464569091797,-24.138221740722656,18.55198097229004,-22.34890365600586,1.3031774759292603,-20.763931274414062,-4.988852500915527,-17.118927001953125,0.19509723782539368,0.17154741287231445,0.2522575557231903,0.29595109820365906,0.3386576175689697,0.3788548409938812,0.2934848666191101,0.29323282837867737,0.28477123379707336,0.35736343264579773,0.3982795178890228,0.19950078427791595,1507.1047288496127,0.045430186363196595,blues
-200.1960906982422,116.34013366699219,18.006210327148438,25.313560485839844,0.2917344272136688,24.19247817993164,-22.255908966064453,11.18642520904541,-26.848731994628906,-7.6384596824646,-24.889928817749023,-12.015525817871094,-17.017953872680664,0.2650594711303711,0.13887760043144226,0.13094985485076904,0.1485988348722458,0.2563791871070862,0.49997854232788086,0.27027419209480286,0.12934479117393494,0.17703039944171906,0.24998266994953156,0.31737223267555237,0.21450486779212952,1247.4080160193946,0.03690378289473684,blues
-328.6808776855469,102.71112823486328,19.895551681518555,26.732681274414062,7.1514811515808105,22.704801559448242,-6.9743266105651855,12.781993865966797,-10.725780487060547,-0.4336608350276947,-12.373165130615234,-8.90705394744873,-9.240108489990234,0.3203756511211395,0.12673254311084747,0.08796397596597672,0.19923995435237885,0.3410181701183319,0.6233105063438416,0.3519901931285858,0.1995106339454651,0.20577631890773773,0.17814229428768158,0.16852276027202606,0.1816183477640152,1188.1011591132929,0.04816032858455882,blues
-192.69381713867188,111.18816375732422,21.373310089111328,26.39214324951172,-0.6483753323554993,23.480880737304688,-25.470796585083008,16.924428939819336,-16.979984283447266,5.790150165557861,-25.72524642944336,-5.045351982116699,-17.632244110107422,0.12093210220336914,0.10103779286146164,0.17656418681144714,0.35501837730407715,0.2648180425167084,0.24474363029003143,0.29145753383636475,0.3114588260650635,0.3464932441711426,0.31772685050964355,0.4434208869934082,0.21708662807941437,1513.5200525685516,0.044378038530379256,blues
-301.7071533203125,111.53472137451172,21.896408081054688,16.14818000793457,8.196240425109863,22.08507537841797,-8.614953994750977,1.4815573692321777,-17.08437156677246,-8.345808982849121,-17.013063430786133,-10.5756196975708,-15.689096450805664,0.3304923176765442,0.22631807625293732,0.18006528913974762,0.16500484943389893,0.2833615839481354,0.4821176528930664,0.24665102362632751,0.14493411779403687,0.1780291050672531,0.2871665954589844,0.2844295799732208,0.25572890043258667,1151.378029921571,0.03533878857875387,blues
-110.2843246459961,90.70560455322266,-2.528311252593994,74.052734375,-11.7467679977417,39.214576721191406,-13.174300193786621,20.531587600708008,-17.1676082611084,12.827254295349121,-21.434446334838867,5.952132225036621,-8.032604217529297,0.37617865204811096,0.4513210654258728,0.35582399368286133,0.43828749656677246,0.29016563296318054,0.2840234041213989,0.32641562819480896,0.48981037735939026,0.670400857925415,0.45774197578430176,0.3362903296947479,0.2970637083053589,2272.5176192636222,0.09765700585332818,blues
-107.18975067138672,88.47057342529297,-4.1777873039245605,55.48548889160156,-8.010379791259766,38.416542053222656,-6.4025750160217285,28.576522827148438,-19.82078742980957,13.252738952636719,-19.23979377746582,12.076225280761719,-4.583087921142578,0.3245604336261749,0.3591505289077759,0.41972699761390686,0.5674114227294922,0.30381762981414795,0.2517710328102112,0.32479166984558105,0.3940812945365906,0.45383790135383606,0.4272596538066864,0.49134188890457153,0.3273790180683136,2390.7715766040606,0.10228887504837461,blues
-159.56771850585938,69.78482055664062,-4.391879558563232,76.85114288330078,3.9159085750579834,45.16753005981445,-4.8673529624938965,32.20051574707031,-9.796340942382812,7.812511444091797,-21.826967239379883,9.682440757751465,-2.5915892124176025,0.45202046632766724,0.4842132329940796,0.346090167760849,0.24884070456027985,0.31260254979133606,0.3653853237628937,0.4262295663356781,0.3614595830440521,0.3296450078487396,0.3440004289150238,0.3950585126876831,0.4666782021522522,2302.0756478879343,0.09786448759191177,blues
-109.19499969482422,100.6270523071289,-8.620549201965332,47.364219665527344,-6.559237003326416,39.620792388916016,-8.523994445800781,29.56473731994629,-16.583515167236328,13.170684814453125,-24.209320068359375,6.591902732849121,-8.641899108886719,0.4472540616989136,0.3154096007347107,0.3227352797985077,0.36775559186935425,0.4090806841850281,0.36744943261146545,0.464190274477005,0.38035863637924194,0.4196104109287262,0.3853965103626251,0.39044079184532166,0.5189120173454285,2155.6312958781195,0.08716538373161764,blues
-109.53234100341797,86.92649841308594,-8.62498950958252,64.489501953125,-6.306035041809082,43.64582061767578,-8.293103218078613,28.54642677307129,-14.081591606140137,8.136635780334473,-21.490427017211914,11.086616516113281,-5.094468116760254,0.31801390647888184,0.43596917390823364,0.4336637258529663,0.4646153450012207,0.314754843711853,0.2613968849182129,0.3279936611652374,0.35045722126960754,0.48082488775253296,0.46867677569389343,0.498151570558548,0.3274022340774536,2279.265543032408,0.09257049088138544,blues
-163.24313354492188,89.7848892211914,12.977458953857422,80.6924819946289,3.6667745113372803,39.7451286315918,-5.400378704071045,26.49867057800293,-13.163736343383789,2.7070133686065674,-20.552906036376953,6.0071892738342285,-2.9081320762634277,0.41372737288475037,0.37703579664230347,0.3270784616470337,0.3767583668231964,0.31578269600868225,0.2881881296634674,0.3601197898387909,0.43059173226356506,0.5448143482208252,0.5708021521568298,0.6339837312698364,0.517765462398529,1739.0461604116053,0.048051863631965945,blues
-182.66500854492188,90.68653106689453,14.118145942687988,67.5545883178711,2.687610626220703,38.43161392211914,-8.420626640319824,24.123554229736328,-13.787511825561523,4.844969272613525,-16.67662239074707,5.8230791091918945,-5.149289131164551,0.2961907982826233,0.4195946455001831,0.423566609621048,0.48048755526542664,0.3638697862625122,0.2651815414428711,0.34930357336997986,0.401484876871109,0.509716808795929,0.454368531703949,0.3903118968009949,0.30084455013275146,1912.443629773089,0.05842595056114551,blues
-149.9758758544922,93.64075469970703,6.336244106292725,71.51114654541016,-8.113178253173828,36.21202087402344,-9.78497314453125,17.641597747802734,-21.119003295898438,-0.1259031444787979,-22.200990676879883,5.435663223266602,-7.467779636383057,0.3113161325454712,0.4599725008010864,0.2708713114261627,0.3215021789073944,0.5385340452194214,0.3084210753440857,0.3324156403541565,0.31175804138183594,0.43047523498535156,0.25547969341278076,0.21191932260990143,0.284585565328598,2013.3644495068743,0.07534497145897832,blues
-106.34815216064453,102.64147186279297,-20.172258377075195,59.37520980834961,-9.967279434204102,33.706119537353516,-14.182174682617188,23.516733169555664,-13.329083442687988,16.026071548461914,-18.923175811767578,7.831766605377197,-7.800383567810059,0.3291550874710083,0.39682307839393616,0.4182690978050232,0.46914294362068176,0.29863622784614563,0.274713933467865,0.32672572135925293,0.3841606676578522,0.45922648906707764,0.4005527198314667,0.47301924228668213,0.32249966263771057,2148.749819335174,0.09881232766544118,blues
-255.9738311767578,110.82752227783203,21.460573196411133,67.588134765625,4.288311958312988,43.11846160888672,-4.508347988128662,10.442597389221191,-8.718591690063477,1.6548898220062256,-20.58778953552246,-2.430673837661743,-7.144061088562012,0.2745372951030731,0.365673303604126,0.3468444049358368,0.3284790813922882,0.21961531043052673,0.2386167049407959,0.18790069222450256,0.17457930743694305,0.21846327185630798,0.2568943202495575,0.42267102003097534,0.2968306243419647,1318.6237037811225,0.03997292533378483,blues
-83.00167846679688,107.06743621826172,-25.323680877685547,57.122074127197266,0.08129866421222687,34.70890426635742,-11.047215461730957,20.533279418945312,-11.2201509475708,14.839781761169434,-10.229966163635254,12.54285717010498,-9.772625923156738,0.4241149127483368,0.3102380037307739,0.3849945664405823,0.4273914396762848,0.4515315592288971,0.36444565653800964,0.4061640799045563,0.3024280071258545,0.32740864157676697,0.39381957054138184,0.4418066740036011,0.5765637755393982,1945.6207939267476,0.08580598152089783,blues
-55.59663009643555,114.95120239257812,-37.06935119628906,64.90438079833984,-7.164943218231201,15.2547025680542,-16.23533058166504,18.64357566833496,-9.752285957336426,21.465389251708984,-5.652097702026367,12.784239768981934,-16.537031173706055,0.2739733159542084,0.29739728569984436,0.36324039101600647,0.48123443126678467,0.5496214628219604,0.4155251085758209,0.3547118008136749,0.39161908626556396,0.44028136134147644,0.3872623145580292,0.38198378682136536,0.3876861333847046,1977.1089040094187,0.1066270952254257,blues
-225.30030822753906,117.64151763916016,-14.544607162475586,64.80238342285156,12.931656837463379,19.02923583984375,10.688533782958984,9.883125305175781,-2.3828370571136475,11.688009262084961,1.5453438758850098,3.0493669509887695,-7.628482818603516,0.4035819470882416,0.29704347252845764,0.24479199945926666,0.19054852426052094,0.2687927484512329,0.331371933221817,0.42052045464515686,0.6237369775772095,0.4284607172012329,0.29913148283958435,0.27262377738952637,0.28812408447265625,1443.2688618053005,0.06719384916795666,blues
-76.75776672363281,105.77047729492188,-43.20883560180664,60.95010757446289,-8.791271209716797,21.246782302856445,-12.877674102783203,18.6212158203125,-11.399116516113281,14.550057411193848,-6.0574212074279785,12.740340232849121,-9.374366760253906,0.42383047938346863,0.46404901146888733,0.4357616901397705,0.44259846210479736,0.3032159209251404,0.3907318711280823,0.4998936653137207,0.3994162380695343,0.4172974228858948,0.36348482966423035,0.40588411688804626,0.40372681617736816,2171.1586190945404,0.13280229598006965,blues
-58.0010986328125,109.01412200927734,-36.218387603759766,64.04035949707031,1.4301568269729614,26.31511878967285,-17.482681274414062,20.43101692199707,-9.543071746826172,18.177133560180664,-6.0571441650390625,13.878273963928223,-11.297564506530762,0.369412899017334,0.4734877943992615,0.547160804271698,0.4800194501876831,0.5049681067466736,0.38620519638061523,0.4074096083641052,0.4226023554801941,0.49907130002975464,0.5493311285972595,0.4288865923881531,0.3659524917602539,2030.3725287964605,0.10338599615421827,blues
-98.69757080078125,104.8011703491211,-35.10866928100586,60.695045471191406,-2.839327335357666,22.231002807617188,-7.837456703186035,19.03072166442871,-11.578803062438965,17.021759033203125,-5.3873515129089355,12.199110984802246,-9.960819244384766,0.4244275689125061,0.3755919337272644,0.39717286825180054,0.3177872896194458,0.4716475307941437,0.47915971279144287,0.5307233333587646,0.5678773522377014,0.40186402201652527,0.4048587679862976,0.4131021499633789,0.40983742475509644,2032.1200141615245,0.11316673822078173,blues
-145.42918395996094,102.85956573486328,-12.542129516601562,56.96205139160156,2.247262716293335,26.607046127319336,-4.267034530639648,17.337631225585938,-7.997035503387451,15.232125282287598,-6.937478065490723,7.460383415222168,-10.4683256149292,0.3006838858127594,0.2694533169269562,0.3997364342212677,0.4074830412864685,0.5191964507102966,0.4208977222442627,0.43631449341773987,0.4218055009841919,0.3778805732727051,0.3905269205570221,0.3454262316226959,0.41914045810699463,1810.9603368829592,0.07547951335139319,blues
-92.76853942871094,115.34077453613281,-35.06004333496094,57.85359573364258,1.8453195095062256,26.612060546875,-14.544861793518066,22.132043838500977,-8.207085609436035,11.007706642150879,-5.644093990325928,7.272861480712891,-10.202146530151367,0.411899209022522,0.36027270555496216,0.40026208758354187,0.4300285279750824,0.4866551160812378,0.4606785178184509,0.5119730234146118,0.3828599750995636,0.3502097427845001,0.37517908215522766,0.4080044627189636,0.5138370990753174,1886.705706255258,0.08992387045278638,blues
-95.45585632324219,105.2293701171875,-26.96267318725586,60.83698272705078,-4.847294807434082,21.545209884643555,-13.523774147033691,12.135234832763672,-20.232873916625977,12.151344299316406,-5.229753017425537,10.264025688171387,-9.453709602355957,0.34883445501327515,0.4631582796573639,0.4122450053691864,0.4827391803264618,0.3061273694038391,0.28170230984687805,0.3720431625843048,0.3049812316894531,0.33809179067611694,0.29305049777030945,0.2866458296775818,0.3904011845588684,2068.3276532886216,0.10437162889415634,blues
-86.2509765625,91.94210052490234,-23.403499603271484,68.24949645996094,-3.8901281356811523,22.742177963256836,-9.895618438720703,16.891765594482422,-11.39383316040039,18.42901611328125,-7.0118489265441895,10.766728401184082,-11.93729019165039,0.45165225863456726,0.40428194403648376,0.41462448239326477,0.27452167868614197,0.37102681398391724,0.4436115026473999,0.4318700134754181,0.5268197059631348,0.3669961094856262,0.39417797327041626,0.4088737666606903,0.3843640685081482,2235.9219734301396,0.14228825524864552,blues
-67.80553436279297,111.70936584472656,-34.65730285644531,61.34178924560547,0.04518122598528862,30.57109260559082,-12.704325675964355,21.166828155517578,-13.134889602661133,16.287799835205078,-6.343270778656006,12.295477867126465,-12.48300552368164,0.3115999102592468,0.366868793964386,0.4453190267086029,0.43717002868652344,0.5655918121337891,0.4145565927028656,0.42376279830932617,0.38662874698638916,0.46559950709342957,0.5952804684638977,0.42169860005378723,0.3370886743068695,1946.5344115984576,0.09745368130804953,blues
-82.48588562011719,94.17034149169922,-27.13920783996582,75.66252136230469,-27.529983520507812,35.58903503417969,-20.29896354675293,25.121318817138672,-15.379855155944824,11.34678840637207,-13.402289390563965,8.1533842086792,-8.504350662231445,0.36946582794189453,0.3146926164627075,0.54774409532547,0.3568965196609497,0.5215461850166321,0.4558611512184143,0.4422588050365448,0.4869512915611267,0.3673061728477478,0.559693455696106,0.4925521910190582,0.5081906318664551,2503.952796432079,0.16758439858262383,blues
-144.99365234375,95.74280548095703,-21.610319137573242,49.62971115112305,-29.898345947265625,29.358598709106445,-18.84994125366211,17.890138626098633,-9.674272537231445,5.5135674476623535,-9.554563522338867,6.369012355804443,-21.091815948486328,0.4403294026851654,0.29651570320129395,0.29633328318595886,0.2783535420894623,0.26171717047691345,0.44035378098487854,0.2777017056941986,0.34898999333381653,0.3515015244483948,0.24913780391216278,0.24539753794670105,0.2554977238178253,2279.808618295741,0.11714895148026316,blues
-129.1139678955078,72.11976623535156,-7.765846252441406,49.26091003417969,-32.72197723388672,21.60843276977539,-27.3746395111084,15.00284194946289,-10.25877571105957,12.437438011169434,-17.034568786621094,7.118173122406006,-18.020404815673828,0.47293511033058167,0.3148309290409088,0.33855319023132324,0.34527239203453064,0.28411850333213806,0.4132328927516937,0.2926374077796936,0.2942197024822235,0.3048464059829712,0.32462751865386963,0.28528937697410583,0.2942189872264862,2839.267572265232,0.15435583155959753,blues
-85.17353057861328,88.81204986572266,-16.331642150878906,59.223236083984375,-35.99360275268555,14.391534805297852,-22.306257247924805,9.651897430419922,-14.8239164352417,11.181605339050293,-14.808832168579102,8.478196144104004,-19.590890884399414,0.5866406559944153,0.30649662017822266,0.3700140416622162,0.2621116638183594,0.3094520568847656,0.6076871752738953,0.2419556826353073,0.2556207776069641,0.236263245344162,0.32434919476509094,0.1970670372247696,0.29215699434280396,2553.2225631938227,0.14685171971749225,blues
-118.37033081054688,74.86731719970703,-19.86946678161621,46.94758605957031,-32.569053649902344,23.835134506225586,-26.37411117553711,17.692514419555664,-13.826244354248047,11.946739196777344,-17.888778686523438,7.555983066558838,-22.900583267211914,0.5685388445854187,0.2625284194946289,0.2128858119249344,0.24416173994541168,0.27325183153152466,0.24869735538959503,0.24989323318004608,0.42419126629829407,0.219239741563797,0.22793418169021606,0.2706986665725708,0.3103296458721161,2816.7459196931127,0.14631846519446595,blues
-116.5463638305664,97.44462585449219,-13.895613670349121,48.974853515625,-22.594566345214844,27.765439987182617,-20.240068435668945,18.63935089111328,-14.651667594909668,8.481433868408203,-16.65589714050293,11.001678466796875,-13.869424819946289,0.3452090620994568,0.3324325382709503,0.43564310669898987,0.3034057915210724,0.3884829580783844,0.35458752512931824,0.3112020194530487,0.3524125814437866,0.3016221821308136,0.4375467300415039,0.4690718650817871,0.46648120880126953,2340.3362115325713,0.1217751517753483,blues
-95.46324920654297,101.38037872314453,-20.697004318237305,48.66807174682617,-30.27181053161621,20.812761306762695,-18.31358528137207,14.146871566772461,-12.798890113830566,13.444279670715332,-14.078200340270996,7.732656002044678,-19.23227310180664,0.28484272956848145,0.23302854597568512,0.33838772773742676,0.2749187648296356,0.41894039511680603,0.3338549733161926,0.31326860189437866,0.6014236807823181,0.38233593106269836,0.3138188123703003,0.2794167697429657,0.28101646900177,2258.5305012842978,0.11276500217685759,blues
-113.19473266601562,88.70586395263672,-8.925186157226562,49.48269271850586,-34.57383346557617,15.86412525177002,-17.74479103088379,14.710541725158691,-11.201998710632324,15.367768287658691,-15.076569557189941,8.747663497924805,-18.631790161132812,0.37294429540634155,0.20997720956802368,0.2229081094264984,0.18258339166641235,0.26471054553985596,0.5765500664710999,0.24400697648525238,0.2542512118816376,0.2750273048877716,0.3953609764575958,0.2648718059062958,0.21109387278556824,2513.747081320468,0.13514619715073528,blues
-121.4295425415039,96.12303161621094,-19.616804122924805,48.020565032958984,-38.808189392089844,24.758066177368164,-32.945823669433594,8.104194641113281,-17.811519622802734,6.113285541534424,-19.998334884643555,6.793924331665039,-19.340662002563477,0.2925962209701538,0.19067256152629852,0.342271625995636,0.24157658219337463,0.3649531900882721,0.398347944021225,0.2830318212509155,0.43520617485046387,0.22767937183380127,0.21458956599235535,0.252180814743042,0.2606900930404663,2370.9632922676196,0.12514096664570434,blues
-133.04440307617188,105.72738647460938,-22.146265029907227,41.81864929199219,-26.996667861938477,19.124523162841797,-26.569320678710938,19.24604034423828,-15.334524154663086,6.989655494689941,-10.818551063537598,6.793742656707764,-11.729827880859375,0.40472185611724854,0.28484249114990234,0.23898084461688995,0.27340012788772583,0.33967143297195435,0.45552587509155273,0.3000771105289459,0.26518532633781433,0.25049206614494324,0.3209744989871979,0.4155125916004181,0.3228636682033539,2159.5483196611644,0.0983489895752709,blues
-89.39149475097656,93.78778839111328,-14.571089744567871,54.39153289794922,-33.515018463134766,19.421157836914062,-19.763673782348633,13.022462844848633,-13.86949634552002,14.61171817779541,-14.970264434814453,10.589299201965332,-18.023412704467773,0.4834364056587219,0.24265362322330475,0.25104454159736633,0.2352173775434494,0.31490007042884827,0.6132312417030334,0.256417453289032,0.263115793466568,0.2424848973751068,0.34634509682655334,0.19143585860729218,0.2227109968662262,2429.3359591758494,0.13468663832720587,blues
-118.68192291259766,87.62361907958984,6.558794021606445,45.09804916381836,-38.915706634521484,20.813005447387695,-26.86333656311035,13.798008918762207,-17.238609313964844,5.110157489776611,-15.709853172302246,3.981842041015625,-27.549043655395508,0.22623051702976227,0.2374643087387085,0.48727360367774963,0.25895845890045166,0.3801622688770294,0.2203691303730011,0.2897925078868866,0.5230702757835388,0.24706202745437622,0.22697661817073822,0.22581805288791656,0.3611408770084381,2595.2893633321164,0.12924562814434984,blues
-30.129287719726562,103.74479675292969,-19.765731811523438,56.411624908447266,-12.724869728088379,20.19422721862793,-17.34809684753418,16.309158325195312,-18.444427490234375,8.932051658630371,-11.661623001098633,11.210426330566406,-8.85125732421875,0.34977179765701294,0.330897718667984,0.29128408432006836,0.4761088788509369,0.3075926899909973,0.30076178908348083,0.3208819329738617,0.3377576470375061,0.3218900263309479,0.2819157838821411,0.49956363439559937,0.28590190410614014,2094.775833910308,0.10056968665344428,blues
-56.03289031982422,87.84066772460938,-1.6012412309646606,41.20536422729492,-5.620271682739258,27.784927368164062,-24.00258445739746,21.76812171936035,-18.42898941040039,12.328123092651367,-13.717034339904785,11.850818634033203,-3.982272148132324,0.32479703426361084,0.36816006898880005,0.3500518202781677,0.49737024307250977,0.31926974654197693,0.3086501657962799,0.2840878665447235,0.3490411341190338,0.3694264888763428,0.32760417461395264,0.579487144947052,0.3281422257423401,2515.8691600222824,0.12091612446787926,blues
-86.33547973632812,92.70050048828125,-15.399187088012695,54.05200958251953,0.8667874932289124,31.560293197631836,-14.622711181640625,23.32544708251953,-14.978636741638184,15.339353561401367,-7.049361705780029,12.182225227355957,-6.110912322998047,0.5765213966369629,0.46035897731781006,0.42200952768325806,0.3943972885608673,0.5309075713157654,0.4711454510688782,0.4035523533821106,0.5201733708381653,0.43327152729034424,0.49211692810058594,0.4549160301685333,0.43812131881713867,2225.1768658281667,0.10858664497871517,blues
-52.70116424560547,74.45541381835938,-18.715457916259766,56.30721664428711,-3.9593265056610107,31.98715591430664,-16.457786560058594,22.41769027709961,-12.262028694152832,27.228351593017578,-9.233884811401367,7.807102680206299,-10.567174911499023,0.3258439600467682,0.2637728750705719,0.3802873492240906,0.30837151408195496,0.3168240189552307,0.5364333391189575,0.3260227143764496,0.397660493850708,0.2776516079902649,0.42786073684692383,0.4771001935005188,0.3492204248905182,2645.5300364910313,0.1364685625483746,blues
-29.03915023803711,104.53732299804688,-30.97895622253418,38.1544303894043,-7.991591930389404,30.89167022705078,-20.596235275268555,25.830780029296875,-12.959671020507812,16.941612243652344,-12.26368236541748,10.786707878112793,-10.564545631408691,0.555446445941925,0.34035879373550415,0.3536929786205292,0.34397509694099426,0.397165447473526,0.44617968797683716,0.37079063057899475,0.4640413224697113,0.34487807750701904,0.4436681270599365,0.4035743772983551,0.4427391588687897,2206.7704721917903,0.11152578064531733,blues
-2.551016330718994,101.25788116455078,-33.92729187011719,41.518402099609375,-13.815157890319824,31.92072296142578,-21.868602752685547,24.458948135375977,-15.881365776062012,15.794474601745605,-14.372410774230957,12.507440567016602,-13.373969078063965,0.3445315957069397,0.5283112525939941,0.47427061200141907,0.5392007231712341,0.3300875425338745,0.3291427195072174,0.30918410420417786,0.42533355951309204,0.40429791808128357,0.35721275210380554,0.5586844086647034,0.3708358705043793,2333.716389709888,0.12386319659442724,blues
-3.5590715408325195,92.92778778076172,-25.11854362487793,45.18721008300781,-10.871893882751465,31.86241912841797,-18.05792236328125,28.62801170349121,-10.234053611755371,14.673486709594727,-14.906988143920898,14.75164794921875,-15.609781265258789,0.37625622749328613,0.377920925617218,0.3907720744609833,0.600676953792572,0.4033760130405426,0.34884700179100037,0.4355800449848175,0.42402657866477966,0.33407357335090637,0.3408094644546509,0.6224746704101562,0.4036007225513458,2443.2389164951205,0.12473545133513932,blues
-54.74724197387695,119.48587799072266,-34.86473846435547,37.537147521972656,-15.886235237121582,22.081096649169922,-14.668314933776855,18.534313201904297,-9.643757820129395,11.2588529586792,-11.732051849365234,11.539118766784668,-6.430719375610352,0.4358827471733093,0.34366557002067566,0.4587610065937042,0.3590238690376282,0.43761536478996277,0.2581755518913269,0.29188111424446106,0.46044421195983887,0.3037308156490326,0.36337605118751526,0.2991347312927246,0.407382607460022,1827.1513096464714,0.09403873597136223,blues
-26.955238342285156,107.34024047851562,-46.81220626831055,40.932655334472656,-21.469863891601562,24.81685447692871,-18.947702407836914,15.260985374450684,-15.04425048828125,12.270949363708496,-15.23953914642334,14.331287384033203,-13.830044746398926,0.41186264157295227,0.3723597228527069,0.6419904232025146,0.28423258662223816,0.36957406997680664,0.3657621741294861,0.3690275251865387,0.4498816430568695,0.23249204456806183,0.2767532169818878,0.3350412845611572,0.4544157087802887,2116.8942510812694,0.12727247303115324,blues
-29.400257110595703,108.69148254394531,-25.589895248413086,38.44014358520508,-18.353866577148438,21.78569984436035,-25.172714233398438,22.406967163085938,-17.60605812072754,14.675622940063477,-12.086358070373535,5.462190628051758,-7.706029891967773,0.30444949865341187,0.3812373876571655,0.3619936406612396,0.30514201521873474,0.47864142060279846,0.27242329716682434,0.29799309372901917,0.3014776110649109,0.2735693156719208,0.4886280596256256,0.2892390787601471,0.3118433654308319,2141.332015271235,0.10515129160216719,blues
-19.8935489654541,98.89588165283203,-24.476659774780273,49.585853576660156,-16.200876235961914,30.19780921936035,-18.029512405395508,27.554832458496094,-11.405635833740234,14.8779935836792,-8.908681869506836,11.671263694763184,-10.88602066040039,0.5460671186447144,0.31171005964279175,0.3859840929508209,0.31303852796554565,0.40949010848999023,0.668211817741394,0.3662906587123871,0.3444095253944397,0.3855675756931305,0.47913703322410583,0.5271818041801453,0.3911851942539215,2314.8192389666888,0.11795053393479102,blues
-38.994842529296875,112.03825378417969,-31.817707061767578,38.24067687988281,-6.320669174194336,23.330562591552734,-18.77887725830078,23.932188034057617,-10.934215545654297,13.234858512878418,-14.381190299987793,13.326929092407227,-10.922000885009766,0.5687236785888672,0.30889034271240234,0.3026520013809204,0.44104787707328796,0.2966398298740387,0.3017144501209259,0.31870758533477783,0.572438657283783,0.33702412247657776,0.3361769914627075,0.5817644596099854,0.3898281157016754,2061.202741434345,0.11339689555921052,blues
-180.14874267578125,131.41078186035156,0.5733358860015869,43.165672302246094,14.1355562210083,25.621374130249023,-5.315874099731445,12.03432846069336,-13.538714408874512,-1.0941216945648193,-7.614390850067139,2.718074321746826,0.774272084236145,0.36588254570961,0.3315267562866211,0.47167283296585083,0.27510130405426025,0.21546456217765808,0.19473229348659515,0.22194093465805054,0.385840505361557,0.31244027614593506,0.3432883620262146,0.3169006109237671,0.3498487174510956,1312.3500760815823,0.059416496347716716,blues
-212.81539916992188,139.06922912597656,9.454340934753418,35.44626998901367,12.70954418182373,20.41766357421875,-5.573953151702881,10.893662452697754,-8.73171329498291,8.055455207824707,0.16379719972610474,2.641746759414673,-1.025734782218933,0.2895459532737732,0.26634636521339417,0.3729839324951172,0.32169678807258606,0.33470597863197327,0.4099465608596802,0.42452648282051086,0.4525691568851471,0.37857386469841003,0.36752164363861084,0.40607979893684387,0.3663395047187805,1245.581771913736,0.04882661329334365,blues
-155.51651000976562,125.65575408935547,1.5753217935562134,45.82986831665039,0.9089944958686829,25.3912410736084,-10.813492774963379,15.574149131774902,-11.929205894470215,1.2717782258987427,-6.661503314971924,-0.7791247963905334,-7.749224662780762,0.30446138978004456,0.41171038150787354,0.3028462529182434,0.3249027132987976,0.31316840648651123,0.3625277876853943,0.34671539068222046,0.2864625155925751,0.39791780710220337,0.39409640431404114,0.3371034264564514,0.25899142026901245,1441.9992540972155,0.050889337025928794,blues
-194.27951049804688,151.85118103027344,-1.1928876638412476,39.19459915161133,16.58248519897461,18.25238609313965,-1.3991609811782837,14.877710342407227,-11.616781234741211,2.4488766193389893,-5.079173564910889,3.9416005611419678,-0.9037845134735107,0.3870719373226166,0.41316676139831543,0.5122684836387634,0.3377022445201874,0.24120160937309265,0.26846447587013245,0.33272606134414673,0.3958912789821625,0.3917999267578125,0.4029772877693176,0.4439524710178375,0.40726563334465027,1006.8779768813247,0.03206556574109907,blues
-346.8868713378906,139.24795532226562,24.084861755371094,22.264015197753906,18.64784049987793,11.657902717590332,9.017679214477539,6.977828025817871,-2.023301124572754,5.420398235321045,1.6508171558380127,-2.353006362915039,3.193639039993286,0.3900832533836365,0.28115999698638916,0.22107574343681335,0.22271090745925903,0.24884451925754547,0.2540365755558014,0.2706543803215027,0.3902943730354309,0.4493391811847687,0.5359525084495544,0.46854615211486816,0.45161986351013184,798.5684450379811,0.025639678671633127,blues
-177.4873504638672,115.33374786376953,9.963013648986816,54.056209564208984,7.615619659423828,28.31572914123535,-9.070212364196777,20.058439254760742,-15.045547485351562,6.222492694854736,-5.688930988311768,1.3798959255218506,-5.843506813049316,0.34384822845458984,0.3151596486568451,0.31665924191474915,0.33829793334007263,0.43941858410835266,0.42228785157203674,0.4201420545578003,0.3884716331958771,0.3608308434486389,0.3831136226654053,0.38362249732017517,0.42283451557159424,1613.4333911575961,0.058235853449109906,blues
-236.3834686279297,161.69500732421875,-1.1533348560333252,27.288705825805664,9.581351280212402,20.61904525756836,0.23412783443927765,13.796686172485352,-0.5009198188781738,10.185429573059082,-4.454618453979492,5.5080885887146,-3.716721773147583,0.53779137134552,0.44453874230384827,0.47121191024780273,0.4253426194190979,0.42958518862724304,0.32071468234062195,0.2928881347179413,0.30396169424057007,0.37333616614341736,0.3692692518234253,0.4743945598602295,0.6203575730323792,991.1502533354555,0.03605269204721362,blues
-332.3079833984375,128.0807647705078,28.82521629333496,41.8360595703125,31.234664916992188,23.358219146728516,5.7872233390808105,8.996201515197754,-3.8611278533935547,3.739000082015991,-0.8690584301948547,-0.4369308352470398,1.4746556282043457,0.35883504152297974,0.30686092376708984,0.26538440585136414,0.2948504388332367,0.3996049165725708,0.44876551628112793,0.5514617562294006,0.4583989083766937,0.39537423849105835,0.3936888873577118,0.39706137776374817,0.4224952161312103,918.3602069536548,0.03231802075270898,blues
-350.35888671875,169.54632568359375,31.780227661132812,16.713754653930664,28.661758422851562,19.24909019470215,7.846699237823486,10.039794921875,4.742694854736328,2.9156229496002197,3.8965418338775635,1.8103498220443726,-5.970981121063232,0.41551199555397034,0.1888025552034378,0.23865340650081635,0.3348388671875,0.3764401078224182,0.3857561945915222,0.5216245651245117,0.2985651195049286,0.33433961868286133,0.3980545103549957,0.440773606300354,0.5994691848754883,570.1506880585581,0.021700549051857584,blues
-206.28115844726562,126.62033081054688,10.590662956237793,43.215721130371094,12.49489974975586,19.41366195678711,0.3519679307937622,12.73094367980957,-4.579289436340332,4.058012008666992,-4.409212589263916,3.6634230613708496,-1.4560471773147583,0.3519870638847351,0.40087687969207764,0.33802396059036255,0.29051053524017334,0.3755975365638733,0.3406349718570709,0.36057206988334656,0.3901923596858978,0.43655356764793396,0.49172908067703247,0.37645915150642395,0.3674476742744446,1239.6879986706629,0.05090785543246904,blues
-130.58154296875,139.9748992919922,-1.2707358598709106,39.3104248046875,-6.353665351867676,19.767845153808594,-11.213424682617188,27.24368667602539,-16.5345401763916,7.021878719329834,-1.2004069089889526,1.6136364936828613,-6.629040718078613,0.3600297272205353,0.4108976125717163,0.33639514446258545,0.30291908979415894,0.31208086013793945,0.31408071517944336,0.42758557200431824,0.3364506959915161,0.3443877696990967,0.36950257420539856,0.4854815602302551,0.4397973120212555,1388.4454872380973,0.05714742465654025,blues
-314.5821838378906,139.91444396972656,11.862516403198242,30.10210609436035,-7.539035320281982,14.907038688659668,-2.680898666381836,6.701543807983398,-6.395509243011475,2.8176138401031494,-11.706480979919434,2.06302809715271,-11.438629150390625,0.18420225381851196,0.21320055425167084,0.17043250799179077,0.3554421663284302,0.5363070964813232,0.3001633584499359,0.2651241719722748,0.20984286069869995,0.30768540501594543,0.14086054265499115,0.16534407436847687,0.2787545919418335,1132.5184226709684,0.048313766810178016,blues
-148.647705078125,145.73776245117188,-9.363346099853516,48.45144271850586,10.543868064880371,18.014604568481445,-2.634578227996826,16.95808219909668,-11.506823539733887,8.73170280456543,-8.173254013061523,3.2235357761383057,-0.6797586679458618,0.4811069667339325,0.44949373602867126,0.4206750690937042,0.30834466218948364,0.2998240888118744,0.28387731313705444,0.35210561752319336,0.3956695795059204,0.36662039160728455,0.3608940839767456,0.35039910674095154,0.43439939618110657,1236.606352338598,0.04462595842202012,blues
-90.70722198486328,100.10758209228516,-23.924427032470703,52.58830642700195,-20.928014755249023,31.502182006835938,-11.213112831115723,20.094327926635742,-10.915236473083496,17.563922882080078,-14.097333908081055,12.994507789611816,-11.420426368713379,0.47012007236480713,0.34224843978881836,0.36540496349334717,0.3852209746837616,0.44618749618530273,0.44313758611679077,0.4462459683418274,0.6515389680862427,0.4627452790737152,0.46061277389526367,0.44728872179985046,0.3975903391838074,2310.1410834053418,0.12842590520994582,blues
-177.19161987304688,136.21420288085938,-26.91071319580078,36.372779846191406,-18.75942611694336,20.905872344970703,-1.7765746116638184,3.015932559967041,-5.599410057067871,5.6345953941345215,-8.114803314208984,5.645383834838867,-10.786548614501953,0.37277692556381226,0.2551526725292206,0.316119521856308,0.4245951771736145,0.41967475414276123,0.4388444125652313,0.3412333130836487,0.43841832876205444,0.3162318468093872,0.33158165216445923,0.443997323513031,0.3443225026130676,1538.9317922233738,0.07479924535603716,blues
-268.1800231933594,135.68788146972656,-34.07107162475586,25.634862899780273,-12.97032356262207,17.894695281982422,-9.997608184814453,5.629223346710205,-14.14646053314209,7.497625827789307,-3.970524787902832,8.258684158325195,-1.352737307548523,0.12438634037971497,0.2978305518627167,0.41115525364875793,0.20605504512786865,0.3402339816093445,0.1598987579345703,0.33706340193748474,0.19655737280845642,0.17474877834320068,0.3215410113334656,0.14644843339920044,0.31263503432273865,1505.3776997189866,0.09824505974264706,classical
-324.0919494628906,133.59413146972656,-25.021385192871094,24.567686080932617,-11.939837455749512,17.66022491455078,-5.5225830078125,1.7202383279800415,-10.571335792541504,-0.8508673906326294,-7.797244071960449,3.5256078243255615,5.0467987060546875,0.16399100422859192,0.24028559029102325,0.3884362280368805,0.15338173508644104,0.14760644733905792,0.11815949529409409,0.254926860332489,0.1615116447210312,0.0907502993941307,0.17607560753822327,0.2170363813638687,0.4684044420719147,1360.5964481029573,0.0877715781008127,classical
-235.30642700195312,141.13674926757812,-34.679046630859375,30.997169494628906,-16.40024185180664,23.120685577392578,-11.043703079223633,7.6586432456970215,-19.01723861694336,4.236546039581299,-11.835343360900879,8.91806411743164,-1.4424690008163452,0.19734491407871246,0.42330530285835266,0.3618371784687042,0.23213954269886017,0.39298564195632935,0.14596353471279144,0.23273099958896637,0.14154265820980072,0.2812501788139343,0.286687433719635,0.17813198268413544,0.4602554738521576,1490.0147947114058,0.09004972003192724,classical
-326.8998718261719,127.39418029785156,-30.584468841552734,37.47574996948242,-5.291165828704834,20.806989669799805,-1.7857136726379395,-4.6031646728515625,-4.048745155334473,5.238034725189209,-0.6428714990615845,2.8008627891540527,7.245894908905029,0.3342439532279968,0.13990047574043274,0.3485143184661865,0.253645122051239,0.2602531611919403,0.2667495608329773,0.20027819275856018,0.3216395378112793,0.11443017423152924,0.20066118240356445,0.16787543892860413,0.20261217653751373,1526.560670734666,0.10895172213622291,classical
-259.9622802734375,118.93238067626953,-35.60653305053711,31.99001693725586,-16.535491943359375,10.620697975158691,-15.655909538269043,7.442337512969971,-5.810464382171631,8.26894760131836,-18.01859474182129,-1.1994924545288086,-6.346673011779785,0.3268883526325226,0.14018608629703522,0.24916662275791168,0.12604594230651855,0.3418576121330261,0.2410169392824173,0.1227850392460823,0.13005393743515015,0.18343645334243774,0.31037265062332153,0.18286435306072235,0.3042832612991333,1705.7324266471087,0.1128666644494969,classical
-264.27740478515625,138.1509246826172,-30.101551055908203,37.8242301940918,-7.180178165435791,6.782935619354248,-11.818900108337402,4.712040901184082,-9.843632698059082,5.863747596740723,-9.573777198791504,2.670395851135254,-4.796442031860352,0.3151443302631378,0.15606020390987396,0.25539863109588623,0.38896018266677856,0.18442395329475403,0.2763819396495819,0.16469243168830872,0.36229532957077026,0.42984873056411743,0.2540014684200287,0.2585231065750122,0.17690517008304596,1431.542306293269,0.07523877406636997,classical
-295.7435302734375,134.53831481933594,-22.44930648803711,40.759246826171875,-5.875979900360107,9.276347160339355,-11.87594223022461,6.294928550720215,-8.86693000793457,4.406290054321289,-9.378153800964355,4.061379909515381,1.6256829500198364,0.5870931148529053,0.2240094095468521,0.19463162124156952,0.23414158821105957,0.17385122179985046,0.27659523487091064,0.19085842370986938,0.2974233627319336,0.3159888684749603,0.1565653681755066,0.18860600888729095,0.2976473271846771,1372.8214993768145,0.07292321739551083,classical
-286.86822509765625,135.91835021972656,-24.436616897583008,36.661170959472656,-6.245214462280273,6.962935447692871,-8.168272018432617,3.844066619873047,-4.398345470428467,6.432785511016846,-4.1305766105651855,1.5490411520004272,-4.352837562561035,0.18926110863685608,0.14117497205734253,0.34174466133117676,0.3953198492527008,0.20488275587558746,0.39024919271469116,0.17468993365764618,0.2759982943534851,0.30621403455734253,0.2584158480167389,0.4688863754272461,0.17212021350860596,1358.926260249797,0.07314694998065016,classical
-292.1529235839844,127.76366424560547,-29.90902328491211,37.44208526611328,-9.556901931762695,5.113048553466797,-13.823928833007812,7.031728267669678,-7.032631874084473,6.492002487182617,-9.904400825500488,4.713663101196289,0.37483152747154236,0.47993388772010803,0.20538835227489471,0.22570888698101044,0.16878050565719604,0.17346175014972687,0.32589712738990784,0.17479629814624786,0.24695025384426117,0.19402731955051422,0.31362780928611755,0.34226882457733154,0.2062762975692749,1516.6480402419818,0.07878788336880804,classical
-356.1439514160156,139.79286193847656,-6.286765098571777,43.18829345703125,-8.879337310791016,11.050313949584961,-8.393051147460938,4.418520450592041,-8.283711433410645,8.682831764221191,-8.135774612426758,3.4271080493927,-1.4406310319900513,0.3301655352115631,0.2243737429380417,0.4263562560081482,0.4164789021015167,0.1813930869102478,0.1793232560157776,0.23200301826000214,0.32183539867401123,0.21312855184078217,0.25441622734069824,0.2816678583621979,0.18491610884666443,1216.426225125279,0.05627025686919505,classical
-315.0445251464844,128.7392578125,-28.93490982055664,30.839513778686523,-8.996638298034668,7.990107536315918,-9.846988677978516,1.4414119720458984,-8.973623275756836,6.04984188079834,-3.320935010910034,7.609508037567139,3.7989611625671387,0.2863065004348755,0.1470596343278885,0.3277880549430847,0.31758832931518555,0.21730123460292816,0.4148789048194885,0.14930911362171173,0.17877264320850372,0.10868825018405914,0.24739901721477509,0.3812578618526459,0.16367670893669128,1497.076295694056,0.08621640987809598,classical
-385.265869140625,177.27786254882812,-9.337662696838379,24.373218536376953,5.805441379547119,-4.5630621910095215,-6.3569488525390625,-6.957894325256348,-4.12742805480957,3.858067274093628,-0.35820192098617554,-0.9461219310760498,-3.6705594062805176,0.539653480052948,0.25267839431762695,0.30663713812828064,0.17036455869674683,0.12699978053569794,0.27474454045295715,0.16171517968177795,0.30076098442077637,0.24271832406520844,0.14842885732650757,0.14593175053596497,0.268396258354187,949.3765619854879,0.06072601223877709,classical
-362.7138671875,143.93861389160156,-18.981813430786133,30.657846450805664,1.028146505355835,0.2848453223705292,-7.989743232727051,-3.8509774208068848,-8.944669723510742,3.249770164489746,-4.45463752746582,3.649625062942505,4.933547019958496,0.5431308746337891,0.1897541880607605,0.19267824292182922,0.10470744222402573,0.2511747181415558,0.3967949450016022,0.13831472396850586,0.20689275860786438,0.1218377947807312,0.25909534096717834,0.1938456892967224,0.2300153374671936,1179.9891396444557,0.06593875471652477,classical
-343.13555908203125,140.08688354492188,-20.911033630371094,32.33219528198242,-3.686810255050659,2.9435577392578125,-10.669529914855957,0.3191030025482178,-5.784346103668213,7.688079833984375,-3.677107334136963,2.5538179874420166,-3.49806809425354,0.31140783429145813,0.2016613632440567,0.40755924582481384,0.14311838150024414,0.19530455768108368,0.1815578043460846,0.18618929386138916,0.43192434310913086,0.17802250385284424,0.22759142518043518,0.11538252234458923,0.20483297109603882,1388.2456582676334,0.08088953354779412,classical
-324.63909912109375,147.82701110839844,-31.937816619873047,27.408855438232422,-4.508828163146973,-4.165104389190674,-12.588298797607422,-5.1182966232299805,-7.741826057434082,0.8432943224906921,-8.19558334350586,-0.8224472403526306,1.004500150680542,0.3751946985721588,0.25174662470817566,0.4498231112957001,0.1549234688282013,0.1329057812690735,0.06842392683029175,0.17341554164886475,0.28818371891975403,0.14769749343395233,0.2549724876880646,0.1314142942428589,0.3802832365036011,1279.5500532331514,0.0684731309258901,classical
-449.5143737792969,124.9736099243164,-19.919233322143555,27.45220947265625,-5.775594234466553,2.22729754447937,-6.552791595458984,10.601104736328125,3.3547377586364746,14.393793106079102,1.9887378215789795,5.250284194946289,4.426794528961182,0.2080674022436142,0.11122770607471466,0.15198782086372375,0.1779051423072815,0.389568567276001,0.1398007720708847,0.2865654528141022,0.23641088604927063,0.1584201455116272,0.2496977001428604,0.15762194991111755,0.3319169878959656,1371.6170328582264,0.07575237640286378,classical
-482.6763610839844,154.86114501953125,-5.025981903076172,29.737667083740234,-1.8687446117401123,8.22309684753418,-4.765954494476318,9.646515846252441,-3.335390329360962,4.532223701477051,-10.103473663330078,-0.6667129397392273,-2.4448435306549072,0.21905986964702606,0.23902049660682678,0.6498103141784668,0.2618747651576996,0.08797822147607803,0.050590649247169495,0.14219290018081665,0.27119508385658264,0.13931071758270264,0.2569766044616699,0.12612901628017426,0.18677550554275513,1054.4585145386827,0.04766448880127709,classical
-311.51123046875,148.661376953125,-33.50911331176758,10.361734390258789,-12.907805442810059,1.232577919960022,-12.908662796020508,0.8045731782913208,-9.738698959350586,2.068979501724243,-5.106062889099121,6.744292736053467,4.615777015686035,0.2553235590457916,0.2945164740085602,0.263371080160141,0.219629168510437,0.5005324482917786,0.21890415251255035,0.16877424716949463,0.1575375199317932,0.17605862021446228,0.39867937564849854,0.17194323241710663,0.25167304277420044,1358.9070916597766,0.08111553369291796,classical
-405.68310546875,145.6948699951172,-0.8267259001731873,23.06764793395996,9.225309371948242,-2.6439387798309326,-5.7504730224609375,-2.0919251441955566,-0.6470630764961243,6.7592291831970215,2.807607650756836,2.446449041366577,5.084672927856445,0.27276718616485596,0.22677551209926605,0.14785751700401306,0.1129647046327591,0.28168126940727234,0.36787986755371094,0.15742315351963043,0.26766684651374817,0.3005484342575073,0.16199438273906708,0.3298528492450714,0.24189390242099762,1158.0012026973075,0.07066888484423374,classical
-475.8676452636719,141.53086853027344,-8.475214004516602,33.9920654296875,0.5255774855613708,6.034852981567383,0.027931425720453262,9.53715705871582,2.1625168323516846,7.082099437713623,-8.048425674438477,-0.10827343910932541,0.7882737517356873,0.3497105538845062,0.23413538932800293,0.28399431705474854,0.4593861699104309,0.18989121913909912,0.18594612181186676,0.1636226922273636,0.3556097745895386,0.3719392418861389,0.22249732911586761,0.38593265414237976,0.20590153336524963,1184.5272815945475,0.057591488486842105,classical
-300.94049072265625,161.0862579345703,-24.240718841552734,27.966188430786133,-2.862255334854126,2.387561798095703,-11.273426055908203,0.22528113424777985,-6.841876983642578,6.094607353210449,-8.138311386108398,-1.805325984954834,-4.110150337219238,0.21486040949821472,0.12451959401369095,0.3590167462825775,0.347423791885376,0.16145898401737213,0.33324065804481506,0.15373848378658295,0.26446405053138733,0.28629639744758606,0.28247126936912537,0.5171310305595398,0.18305006623268127,1218.4372978528554,0.0698128809500774,classical
-278.2295227050781,147.87562561035156,-31.567955017089844,20.352279663085938,-9.582643508911133,-6.244678974151611,-13.601203918457031,-0.6661554574966431,-7.27447509765625,1.0198702812194824,-11.7584810256958,-0.9619852304458618,-2.216409206390381,0.30251726508140564,0.2520546317100525,0.2299915999174118,0.19869022071361542,0.20985165238380432,0.39833804965019226,0.2628988027572632,0.18366694450378418,0.17211799323558807,0.29146599769592285,0.40952134132385254,0.29071882367134094,1371.3696318927568,0.07956679022349071,classical
-278.7824401855469,160.0192413330078,-28.398984909057617,23.062633514404297,-2.6952755451202393,3.009983777999878,-11.293976783752441,-0.5086696147918701,-11.364047050476074,3.173475503921509,-5.1071953773498535,4.339189052581787,-4.070891380310059,0.3431512117385864,0.22835899889469147,0.2677323520183563,0.29321375489234924,0.34069663286209106,0.5195006132125854,0.21404705941677094,0.26460781693458557,0.13242138922214508,0.23025362193584442,0.30119389295578003,0.18020330369472504,1211.2151185706325,0.06844629813273993,classical
-406.9654235839844,163.13946533203125,-2.4138152599334717,32.45665740966797,7.907837867736816,9.677142143249512,-5.489042282104492,9.523496627807617,-3.1028213500976562,10.209687232971191,-10.385391235351562,-5.3867082595825195,-8.08006477355957,0.12949499487876892,0.0942414328455925,0.303356796503067,0.6258839964866638,0.2790984809398651,0.24142128229141235,0.1569933146238327,0.21508313715457916,0.30641990900039673,0.2556505799293518,0.39795953035354614,0.2005482316017151,983.7618406456091,0.044227245791408666,classical
-223.17724609375,163.24624633789062,-34.41622543334961,24.187868118286133,-10.304306983947754,3.2287347316741943,-12.88459300994873,0.8050693273544312,-14.284255027770996,1.6726216077804565,-10.143485069274902,0.24415677785873413,-4.54510498046875,0.23656605184078217,0.25234079360961914,0.45243698358535767,0.2689932882785797,0.13567858934402466,0.15842443704605103,0.18693046271800995,0.30873945355415344,0.20621280372142792,0.3105267584323883,0.3439915180206299,0.17923873662948608,1253.1322234388265,0.07164771490421827,classical
-221.283447265625,173.33663940429688,-37.45654296875,24.36245346069336,-8.687614440917969,3.385791778564453,-12.84117603302002,1.0815359354019165,-15.328134536743164,0.4232371747493744,-9.623608589172363,2.292809009552002,-4.4855637550354,0.34090930223464966,0.19695788621902466,0.3942089378833771,0.27632492780685425,0.19342243671417236,0.30051660537719727,0.26003217697143555,0.4185043275356293,0.22972425818443298,0.38449257612228394,0.3436426818370819,0.22966262698173523,1184.0658218421831,0.068293993687113,classical
-319.3323669433594,143.66473388671875,-31.164365768432617,10.908863067626953,-5.553890228271484,-4.265030860900879,-8.952561378479004,-5.583489894866943,-8.020538330078125,2.3426132202148438,-4.477271556854248,-0.31978708505630493,0.9748613834381104,0.3128400146961212,0.17135870456695557,0.38464489579200745,0.14286036789417267,0.20876574516296387,0.19251802563667297,0.17999865114688873,0.4919593334197998,0.20521514117717743,0.2239667773246765,0.16185712814331055,0.27214866876602173,1278.574558748878,0.08174818292859908,classical
-366.25018310546875,181.59939575195312,-5.526270389556885,27.008371353149414,-4.832132339477539,4.610715389251709,-10.542601585388184,0.16762113571166992,-11.139511108398438,3.584805965423584,-10.332783699035645,-1.0784339904785156,-4.5973076820373535,0.41827067732810974,0.22012054920196533,0.16716906428337097,0.07946448028087616,0.1457541435956955,0.334809273481369,0.14140619337558746,0.27820536494255066,0.17903663218021393,0.44037553668022156,0.3195570707321167,0.1646406501531601,901.7856877463795,0.05344941224845201,classical
-228.95733642578125,153.97128295898438,-30.685277938842773,20.812599182128906,-6.080230236053467,1.1724140644073486,-10.788690567016602,-3.8824687004089355,-11.589583396911621,0.8821475505828857,-8.279237747192383,-0.7267745733261108,-3.1044509410858154,0.33162957429885864,0.23058372735977173,0.42773088812828064,0.16584479808807373,0.19227248430252075,0.17101143300533295,0.2951429486274719,0.44962355494499207,0.19933179020881653,0.2814764380455017,0.14883102476596832,0.2616061866283417,1313.7853629984959,0.08109777113970588,classical
-297.24658203125,130.2744140625,-30.589977264404297,27.486968994140625,-7.05499267578125,1.9900563955307007,-11.125770568847656,4.752086162567139,-8.77153491973877,5.415232181549072,-5.375332832336426,4.464271545410156,1.7346497774124146,0.360480397939682,0.2220594733953476,0.4771273136138916,0.174739807844162,0.24922947585582733,0.21840877830982208,0.17295785248279572,0.2706848978996277,0.14503005146980286,0.28257298469543457,0.12316129356622696,0.26714378595352173,1558.898531652357,0.09221523981714397,classical
-315.6780700683594,149.6684112548828,-30.59499168395996,23.221498489379883,-8.69983196258545,-10.104395866394043,-15.733573913574219,-4.047280788421631,-7.652163028717041,0.046231769025325775,-11.14389705657959,-7.670450210571289,-5.870633602142334,0.2574661672115326,0.1906922459602356,0.3933461010456085,0.30910682678222656,0.17859895527362823,0.2805634140968323,0.22978068888187408,0.3681923747062683,0.33326470851898193,0.2960045039653778,0.3154035210609436,0.18751421570777893,1243.720620928661,0.06372448239164087,classical
-374.00750732421875,172.44232177734375,6.4029860496521,20.150894165039062,5.85180139541626,1.5909548997879028,-6.710564136505127,-1.1913427114486694,-0.2905022203922272,0.33312535285949707,-6.551819801330566,-7.30025053024292,-7.328370571136475,0.2984037697315216,0.21784242987632751,0.3408695459365845,0.1988578587770462,0.2587810456752777,0.3586617112159729,0.3741726875305176,0.4549417495727539,0.4248793423175812,0.23461191356182098,0.18181061744689941,0.2943250834941864,822.4267361319853,0.03945743336397059,classical
-498.6087341308594,177.5231170654297,11.209715843200684,27.63433074951172,-2.8418264389038086,5.090956211090088,-6.604383945465088,-1.0570544004440308,-4.14449405670166,-3.0533735752105713,-9.909939765930176,-8.573807716369629,-9.189355850219727,0.28821852803230286,0.6999815106391907,0.32396188378334045,0.21525795757770538,0.2453317493200302,0.36395618319511414,0.3500973582267761,0.15744921565055847,0.2724722623825073,0.18707309663295746,0.1584104299545288,0.1361837536096573,792.835553815877,0.03658178937693499,classical
-429.1031494140625,120.74545288085938,-1.6823533773422241,17.948556900024414,7.733590602874756,-2.0437235832214355,-3.941744089126587,-2.5360472202301025,-0.5834435820579529,-0.7965371608734131,-9.05119800567627,-3.68993878364563,-0.9829521179199219,0.41253823041915894,0.2844262719154358,0.19094176590442657,0.26480165123939514,0.34093204140663147,0.3869001865386963,0.19571039080619812,0.30517274141311646,0.4563148319721222,0.2662232220172882,0.2126178741455078,0.33111122250556946,1128.3232351038566,0.05439309512867647,classical
-309.2428283691406,138.64112854003906,-29.713258743286133,33.6187858581543,-0.3782574534416199,5.243738651275635,-6.33231258392334,3.280733108520508,-6.714090824127197,-0.6922032237052917,-13.243885040283203,-8.528504371643066,-9.668246269226074,0.3743000030517578,0.18011999130249023,0.19281212985515594,0.13403534889221191,0.2044999897480011,0.4596191942691803,0.24102289974689484,0.25116848945617676,0.25997254252433777,0.3585842251777649,0.37373659014701843,0.2593155801296234,1369.6932279666041,0.07356796028444272,classical
-319.7822265625,165.987548828125,-11.918571472167969,27.24034309387207,7.843559741973877,1.7273006439208984,-7.8498430252075195,-2.4120850563049316,-2.9088757038116455,-2.53113055229187,-11.365740776062012,-4.613610744476318,-4.487359523773193,0.3353012502193451,0.3898000717163086,0.25528255105018616,0.24274751543998718,0.3339834213256836,0.2655000686645508,0.2747271955013275,0.2847299873828888,0.4686439335346222,0.3846200406551361,0.25844722986221313,0.33723026514053345,1016.4245653368089,0.06115495900251548,classical
-419.2631530761719,127.44508361816406,-3.7823562622070312,23.20021629333496,-4.334698677062988,4.030427932739258,-8.209101676940918,-7.618860721588135,-7.07568883895874,-2.9239513874053955,-7.409897804260254,-5.437335968017578,-9.099494934082031,0.15404033660888672,0.30050644278526306,0.2999461591243744,0.40522250533103943,0.28206905722618103,0.11986767500638962,0.15475769340991974,0.2648172378540039,0.20749297738075256,0.29304125905036926,0.20924845337867737,0.1805698722600937,1281.8143785370296,0.059410449521091334,classical
-275.3759765625,125.30792999267578,-41.05128860473633,24.607311248779297,-4.788928031921387,-4.253849029541016,-15.021034240722656,-5.0450921058654785,-5.001837253570557,2.473059892654419,-10.89470100402832,-8.017638206481934,-5.166378498077393,0.22602590918540955,0.24934504926204681,0.23471271991729736,0.2148011326789856,0.3834690749645233,0.20879213511943817,0.18594221770763397,0.2946202754974365,0.33974435925483704,0.5399965643882751,0.2999645173549652,0.23306843638420105,1534.2936138496057,0.09395219076528638,classical
-276.0390319824219,146.35081481933594,-36.59162139892578,24.200796127319336,-2.5551605224609375,-2.1697466373443604,-13.303984642028809,-6.504971027374268,-9.398983001708984,-3.12747859954834,-11.537067413330078,-4.187116622924805,-1.6895955801010132,0.24362759292125702,0.31889674067497253,0.46781373023986816,0.26825129985809326,0.31498607993125916,0.16608931124210358,0.22209051251411438,0.3161897361278534,0.2640139162540436,0.3873501121997833,0.2785486578941345,0.28667569160461426,1279.1711367505459,0.07583589819562693,classical
-409.5344543457031,116.80004119873047,-16.16423225402832,11.717684745788574,0.7060146927833557,6.006948471069336,-4.27445650100708,0.4954766035079956,0.43389034271240234,12.597705841064453,-1.1140985488891602,-1.1403234004974365,4.957851886749268,0.296065092086792,0.1963389664888382,0.23524068295955658,0.3267630338668823,0.27857691049575806,0.21608859300613403,0.2134602814912796,0.15635155141353607,0.2803085744380951,0.31401848793029785,0.37339574098587036,0.364041805267334,1633.409673177342,0.10895928066950464,classical
-358.65673828125,129.0874786376953,-30.397640228271484,19.889530181884766,-10.386380195617676,-0.6520450115203857,-10.61114501953125,1.5420539379119873,-3.975386381149292,1.8689039945602417,-8.833539962768555,-7.167654514312744,-8.21275806427002,0.17277458310127258,0.1635850965976715,0.20126831531524658,0.1762482225894928,0.20020835101604462,0.2944801449775696,0.5209584832191467,0.32041066884994507,0.3690183162689209,0.24691142141819,0.1901002824306488,0.15071865916252136,1396.6924270627298,0.0726431737374226,classical
-368.4659423828125,124.2659912109375,-31.582448959350586,17.601762771606445,2.322930335998535,-5.949597358703613,-11.807772636413574,-5.547481060028076,-5.4078874588012695,-1.305171251296997,-8.4271821975708,-3.613823890686035,2.206169605255127,0.33525094389915466,0.24715588986873627,0.36127644777297974,0.2703206539154053,0.46498245000839233,0.3180142939090729,0.2074422389268875,0.2346533238887787,0.15818120539188385,0.21526889503002167,0.21427470445632935,0.19164341688156128,1329.2649559947513,0.07881698372194272,classical
-160.3394317626953,164.12074279785156,-48.875038146972656,1.5913547277450562,-7.591043949127197,-2.6314709186553955,-11.077547073364258,-7.027632713317871,-8.120848655700684,1.231188178062439,-5.4963483810424805,-4.2221760749816895,-5.458137035369873,0.2802635729312897,0.15560096502304077,0.1882961243391037,0.17225602269172668,0.5843467116355896,0.21115121245384216,0.15760503709316254,0.2980634272098541,0.24182911217212677,0.43427184224128723,0.1358252912759781,0.28117477893829346,1327.3486451321814,0.09385279605263158,classical
-249.5494384765625,161.568359375,10.129533767700195,-3.0705642700195312,-0.5965175628662109,-2.0836586952209473,-12.1917724609375,-8.601490020751953,-14.638914108276367,-12.049384117126465,-12.30034065246582,-7.174556732177734,-7.891678810119629,0.10367677360773087,0.05824677646160126,0.21122710406780243,0.3652149736881256,0.1389925628900528,0.17465509474277496,0.10680415481328964,0.24985742568969727,0.13253571093082428,0.1454271376132965,0.46698465943336487,0.13772337138652802,1063.472218094083,0.051040885618227554,classical
-402.2223205566406,154.00491333007812,-15.21134090423584,15.294041633605957,-3.0777785778045654,-3.1944375038146973,-9.778080940246582,-17.31020736694336,-12.306559562683105,-7.914642333984375,-7.08275842666626,-0.28117215633392334,1.5458184480667114,0.35328400135040283,0.2086394876241684,0.18041080236434937,0.37561315298080444,0.22110635042190552,0.27378761768341064,0.20261754095554352,0.26553645730018616,0.21168699860572815,0.1566041111946106,0.3929379880428314,0.1823083460330963,1181.5125561645536,0.07170553768382353,classical
-170.8865966796875,157.0391387939453,-21.966075897216797,5.244653701782227,-4.09241247177124,-3.6912691593170166,-8.810494422912598,-4.857596397399902,-7.874581813812256,-5.411010265350342,-9.373977661132812,-6.6236138343811035,-7.811285972595215,0.240622878074646,0.13201366364955902,0.20688782632350922,0.20555658638477325,0.3354988098144531,0.2925814986228943,0.24306386709213257,0.25380298495292664,0.17499542236328125,0.28618887066841125,0.18794484436511993,0.27602311968803406,1175.9242233254756,0.0622955416747291,classical
-85.2649917602539,118.42305755615234,-31.47277069091797,20.282014846801758,-4.4177093505859375,6.922598361968994,-10.950942039489746,-1.6200852394104004,-7.367900848388672,-3.0172998905181885,-4.437201023101807,-1.4064465761184692,-4.246368885040283,0.18727201223373413,0.3901507258415222,0.5803363919258118,0.32467299699783325,0.33424025774002075,0.27569466829299927,0.2591050863265991,0.3473527133464813,0.42146235704421997,0.4296594262123108,0.3602997064590454,0.25124335289001465,1878.7740300458224,0.11161308170472137,classical
-436.84234619140625,154.1132049560547,-19.859338760375977,20.183603286743164,3.1647443771362305,0.4463924169540405,-6.530638694763184,-4.603338241577148,-10.056252479553223,-6.153286457061768,-4.52944278717041,-2.7835943698883057,-5.2353196144104,0.25887101888656616,0.24988548457622528,0.23601803183555603,0.19757069647312164,0.473133385181427,0.23259714245796204,0.3714216351509094,0.19668151438236237,0.12585189938545227,0.1959395855665207,0.1345381885766983,0.42907091975212097,1173.9310654516082,0.06632537369388544,classical
-123.7633056640625,148.4300079345703,-21.551395416259766,17.444747924804688,-1.408804178237915,4.178294658660889,-6.990444660186768,-5.103336334228516,-5.795701026916504,5.063121318817139,-6.247764587402344,-1.9818285703659058,-0.96844083070755,0.2230556756258011,0.26512783765792847,0.3150230944156647,0.43311604857444763,0.32439491152763367,0.2243444174528122,0.30517545342445374,0.20011594891548157,0.3055116534233093,0.29310208559036255,0.3307064473628998,0.3426937460899353,1516.0858565701667,0.087271581124226,classical
-98.35357666015625,98.35549926757812,-20.49053192138672,18.82003402709961,-2.095781087875366,2.665037155151367,-7.311517238616943,-3.590113639831543,-7.989524841308594,-1.9183743000030518,-4.731997013092041,0.6237758994102478,-2.5930848121643066,0.5672501921653748,0.22129181027412415,0.2787291407585144,0.20264935493469238,0.3409086763858795,0.31959807872772217,0.2697981297969818,0.5040020942687988,0.23177878558635712,0.24236761033535004,0.19719643890857697,0.3638124167919159,2224.8938399288413,0.10944642813951239,classical
-449.6217956542969,151.5031280517578,-12.746682167053223,44.270389556884766,6.2447590827941895,4.053897857666016,-1.4805392026901245,-1.624076008796692,-2.486776828765869,-4.28238582611084,-9.653202056884766,-1.3421049118041992,0.1463838517665863,0.5367996096611023,0.6135942935943604,0.22317370772361755,0.1546868532896042,0.12139611691236496,0.22342641651630402,0.25310856103897095,0.25966039299964905,0.28272753953933716,0.19466352462768555,0.37551674246788025,0.19446547329425812,1170.1422672261847,0.049492898002128485,classical
-230.27236938476562,119.15338134765625,-1.0512242317199707,28.38448715209961,10.008779525756836,16.125822067260742,4.7939453125,6.192378520965576,0.9515957236289978,5.915187358856201,-1.1755236387252808,3.5739166736602783,-2.09965443611145,0.37507304549217224,0.39823946356773376,0.49174490571022034,0.41076037287712097,0.45233428478240967,0.3230750858783722,0.40875914692878723,0.4037612974643707,0.28654390573501587,0.3396206796169281,0.31262528896331787,0.3749493956565857,1527.645526264714,0.06010507872968266,classical
-186.42808532714844,86.65457153320312,-15.711971282958984,14.741792678833008,-2.215897798538208,6.271489143371582,-0.8879222869873047,0.6650469303131104,-6.088321685791016,-5.213674068450928,-7.865932941436768,-1.7187315225601196,-4.704501628875732,0.4453079104423523,0.34236496686935425,0.3834714889526367,0.35206878185272217,0.39714235067367554,0.3935496211051941,0.3379659950733185,0.3313271105289459,0.30986419320106506,0.46075958013534546,0.5092944502830505,0.39324045181274414,2411.9327529379098,0.12697013169988391,classical
-119.30437469482422,149.57778930664062,-43.31768035888672,24.636247634887695,-5.6093878746032715,10.784379005432129,-2.8926939964294434,0.7833024263381958,-6.545638561248779,4.3880391120910645,-1.2940493822097778,1.3600910902023315,-1.0813605785369873,0.18142469227313995,0.2511580288410187,0.6543705463409424,0.2408536970615387,0.22762860357761383,0.2813687026500702,0.3163621723651886,0.5384485721588135,0.22165930271148682,0.32336243987083435,0.2250216156244278,0.19489379227161407,1465.595382672086,0.0879189694998065,classical
-106.22087860107422,127.37078094482422,-45.2861328125,31.2772159576416,4.3054399490356445,-5.068432807922363,-16.129375457763672,14.690695762634277,-7.912097930908203,-1.2216625213623047,2.9819395542144775,17.464767456054688,-4.0720086097717285,0.5081604719161987,0.5083854794502258,0.48933085799217224,0.36999940872192383,0.28508853912353516,0.27867788076400757,0.21047312021255493,0.25046682357788086,0.21144476532936096,0.2112259715795517,0.23835232853889465,0.27233222126960754,1712.466255822982,0.11627820844620743,classical
-484.0267028808594,144.12991333007812,1.39647376537323,8.075530052185059,4.933926582336426,-2.3170042037963867,-2.746943712234497,-6.84481143951416,-10.147136688232422,-8.056598663330078,-7.151669502258301,-10.563925743103027,-7.7874321937561035,0.09572724997997284,0.24059399962425232,0.1191849634051323,0.29182755947113037,0.2749842703342438,0.10078281164169312,0.1706143021583557,0.09200788289308548,0.2593320310115814,0.29171913862228394,0.12469103187322617,0.17628136277198792,1079.9035739320498,0.059341288941563465,classical
-81.13433074951172,129.09852600097656,-42.53482437133789,33.17631149291992,5.66361665725708,-6.402249336242676,-2.261098623275757,7.373443603515625,-18.71800994873047,2.4979705810546875,3.786280632019043,1.9323546886444092,-10.066779136657715,0.1656523048877716,0.2065105140209198,0.6908084154129028,0.30299291014671326,0.27772587537765503,0.18376524746418,0.32615408301353455,0.620492696762085,0.27906566858291626,0.28397825360298157,0.15213938057422638,0.26522284746170044,1680.101088819283,0.09672579455301858,classical
-367.15606689453125,112.80696105957031,-18.74736785888672,10.16273021697998,-1.6047247648239136,3.8029534816741943,0.9223539233207703,5.0671491622924805,-5.372570514678955,-9.522553443908691,-8.495644569396973,-1.783828616142273,1.299131989479065,0.39473044872283936,0.2122015655040741,0.3683323562145233,0.2034485936164856,0.21090096235275269,0.23700250685214996,0.1432351917028427,0.30492639541625977,0.2085442990064621,0.24797485768795013,0.3079856336116791,0.20691394805908203,1751.7302668488421,0.09525792738970588,classical
-349.95245361328125,161.8511199951172,-3.3711888790130615,14.167043685913086,5.733972072601318,3.5160558223724365,2.9774911403656006,-7.090641975402832,-7.917532444000244,-0.3646010756492615,2.849557876586914,-2.481045722961426,-6.791948318481445,0.25889384746551514,0.1551397293806076,0.40333500504493713,0.14622828364372253,0.35984620451927185,0.41566482186317444,0.2201487123966217,0.377642959356308,0.17055757343769073,0.37423643469810486,0.11168458312749863,0.1951914280653,1137.9529528789749,0.08186836360777863,classical
-197.15272521972656,137.3531036376953,-34.18893051147461,25.36216163635254,-5.266597270965576,-2.777787923812866,-9.506929397583008,-7.609987258911133,-7.6446852684021,-5.667839527130127,-4.386776447296143,-5.430217266082764,-3.5417912006378174,0.3330998420715332,0.19689223170280457,0.30959823727607727,0.18925625085830688,0.3075406849384308,0.3359872102737427,0.24827414751052856,0.32611778378486633,0.24593929946422577,0.3759905993938446,0.2181166708469391,0.3041883409023285,1551.8652270368914,0.09329951141640867,classical
-166.43154907226562,122.13554382324219,-32.10679244995117,16.685277938842773,-5.400679588317871,-2.4871227741241455,-9.832805633544922,-4.900509357452393,-6.974421977996826,-4.571056842803955,-6.66841459274292,-5.497281074523926,-5.372569561004639,0.40976619720458984,0.22988569736480713,0.28202834725379944,0.21535839140415192,0.31852319836616516,0.3398866355419159,0.26599007844924927,0.3827400505542755,0.24949657917022705,0.34075185656547546,0.23353375494480133,0.3952293395996094,1803.525958968436,0.10401637782991487,classical
-274.3863830566406,148.3533935546875,-20.334354400634766,21.812437057495117,7.930837154388428,3.7759368419647217,-2.232815980911255,-6.101349353790283,-5.629293918609619,-6.689497947692871,-5.906604766845703,-4.594999313354492,-1.5465238094329834,0.4709753394126892,0.2190025895833969,0.310813844203949,0.19041496515274048,0.3167174160480499,0.20581325888633728,0.20139430463314056,0.39423665404319763,0.23731622099876404,0.37750956416130066,0.17266711592674255,0.284164160490036,1322.6998486991345,0.07612614587364551,classical
-305.422607421875,135.92340087890625,-11.75271224975586,18.21502113342285,10.389049530029297,3.0129587650299072,-5.5959153175354,0.14172546565532684,-1.3495618104934692,-1.867753267288208,-3.205263614654541,-6.7425217628479,-2.694417715072632,0.4340648949146271,0.2603262662887573,0.3332643508911133,0.21791920065879822,0.2430100291967392,0.45379874110221863,0.3321232795715332,0.3020579516887665,0.21611902117729187,0.36766886711120605,0.3846939206123352,0.298473060131073,1474.8137600109778,0.07404603751451239,classical
-465.86431884765625,180.2053985595703,56.636234283447266,11.02556037902832,5.844780445098877,0.7319183945655823,-3.974208116531372,-5.88804817199707,-8.464273452758789,-9.792966842651367,-7.692700386047363,-3.253418445587158,-1.8652483224868774,0.2563801109790802,0.17722250521183014,0.25013643503189087,0.16080015897750854,0.17695175111293793,0.45994487404823303,0.19207599759101868,0.1311967372894287,0.12041734158992767,0.18346282839775085,0.37709394097328186,0.23527592420578003,690.354003458877,0.036054203753869966,classical
-498.68023681640625,145.6677703857422,46.470741271972656,15.253131866455078,3.0677740573883057,-0.8257449865341187,-5.210668087005615,-6.198704719543457,-3.8057758808135986,0.08864203840494156,2.7183187007904053,2.218207359313965,0.24392761290073395,0.13228797912597656,0.21326413750648499,0.11767267435789108,0.3151550590991974,0.19685441255569458,0.05665984004735947,0.10438922792673111,0.1939818263053894,0.6018275022506714,0.2663612961769104,0.07038458436727524,0.11831054091453552,1118.5116673005261,0.04229906395123839,classical
-421.71588134765625,172.79299926757812,28.108295440673828,-2.576975107192993,-3.5656778812408447,-4.865173816680908,-8.889884948730469,-10.696762084960938,-7.6852006912231445,-7.957630634307861,-7.334867000579834,-2.717174768447876,-0.9175328016281128,0.1635940968990326,0.35692453384399414,0.49000951647758484,0.28249216079711914,0.13819849491119385,0.17700400948524475,0.18760457634925842,0.11599458754062653,0.09088236838579178,0.15327975153923035,0.1801547408103943,0.1501873880624771,828.825494001674,0.047511806428986066,classical
-429.3504333496094,175.13577270507812,31.911319732666016,4.282115459442139,1.0457514524459839,-5.7668776512146,-9.477814674377441,-11.283073425292969,-10.58198070526123,-8.66474723815918,-6.333889961242676,-1.6819392442703247,0.8189264535903931,0.27219149470329285,0.16109678149223328,0.20583239197731018,0.18325255811214447,0.06995350867509842,0.09970109164714813,0.10599866509437561,0.2832789123058319,0.18796780705451965,0.12434545159339905,0.32101044058799744,0.23043067753314972,795.1394730921776,0.04503222958591331,classical
-413.571533203125,143.42080688476562,31.35431671142578,14.031841278076172,1.5281579494476318,-2.2939951419830322,-6.480335712432861,-8.104997634887695,-5.927911281585693,-4.468453884124756,-2.7899303436279297,-0.814875066280365,-1.2128331661224365,0.4225405156612396,0.23194698989391327,0.297072172164917,0.21177361905574799,0.3842247724533081,0.31580495834350586,0.1765860617160797,0.3243559002876282,0.16342729330062866,0.12490909546613693,0.16929394006729126,0.3881349265575409,1117.9494607534948,0.046355350836880804,classical
-234.41783142089844,130.2551727294922,-39.53114318847656,19.33563804626465,-6.793274879455566,-5.130112648010254,-3.7073676586151123,-4.036016464233398,-5.0718770027160645,-1.3683323860168457,-7.735770225524902,-4.382000923156738,0.46520522236824036,0.41676950454711914,0.1256720870733261,0.15850110352039337,0.08215894550085068,0.29507532715797424,0.5276157855987549,0.15229538083076477,0.2886565923690796,0.14428472518920898,0.3983723223209381,0.33066871762275696,0.16738766431808472,1559.8986812117996,0.09520237217008513,classical
-321.17950439453125,136.29669189453125,-28.29936408996582,31.011459350585938,0.5664154887199402,0.23202675580978394,0.6554856300354004,-1.3426684141159058,-0.05769699439406395,-0.4247514605522156,-6.180905342102051,-0.14451801776885986,-0.45611709356307983,0.39428600668907166,0.12458444386720657,0.17896470427513123,0.07494335621595383,0.23662881553173065,0.4313013553619385,0.15175029635429382,0.29236796498298645,0.11967020481824875,0.34636110067367554,0.32868579030036926,0.16072319447994232,1349.5963387962488,0.079280321812113,classical
-321.192626953125,134.5342559814453,-18.235279083251953,22.179880142211914,0.42954105138778687,-3.805614948272705,0.49535295367240906,-1.1447423696517944,-1.9025487899780273,-0.10540185868740082,-2.7555181980133057,0.5932069420814514,2.4970192909240723,0.24016495048999786,0.18247908353805542,0.2518209218978882,0.1688777059316635,0.2125251293182373,0.2716943025588989,0.14158561825752258,0.21744512021541595,0.22609727084636688,0.5400896668434143,0.3146771490573883,0.1634913980960846,1355.999780696475,0.07085595854295666,classical
-269.6988220214844,136.47506713867188,-25.001760482788086,26.395002365112305,0.6870049238204956,-5.381706237792969,-1.1201947927474976,-1.5102577209472656,-0.16106204688549042,-3.7851603031158447,-9.287220001220703,-3.148440361022949,1.641606330871582,0.46530312299728394,0.19248610734939575,0.1730709671974182,0.10423218458890915,0.18461297452449799,0.29413238167762756,0.12555904686450958,0.1932816356420517,0.09473375231027603,0.20329995453357697,0.22883747518062592,0.23829784989356995,1396.7861186062223,0.07585706208881579,classical
-360.8370361328125,138.98072814941406,-12.931410789489746,33.80207061767578,7.593800067901611,-1.709073543548584,1.0358476638793945,4.076970100402832,3.931011438369751,0.9335501790046692,0.5041115880012512,4.6821160316467285,3.3401989936828613,0.3145737648010254,0.199676513671875,0.3202347457408905,0.26618289947509766,0.24991166591644287,0.4722205102443695,0.21978190541267395,0.17575900256633759,0.15546342730522156,0.3354404866695404,0.40430963039398193,0.23974940180778503,1285.1523138296154,0.06374980347813468,classical
-306.7855529785156,152.90353393554688,-27.58682632446289,16.31919288635254,-3.1550989151000977,-8.931758880615234,-5.431834697723389,-9.781289100646973,-7.1121745109558105,0.29346588253974915,0.8718292117118835,5.4160614013671875,8.19581413269043,0.42949503660202026,0.15248900651931763,0.2861449122428894,0.1526002287864685,0.19393381476402283,0.4607459306716919,0.141328826546669,0.11859460175037384,0.061452027410268784,0.18994690477848053,0.2428472638130188,0.16634929180145264,1211.352791907563,0.07093910240905572,classical
-289.8247985839844,143.9031524658203,-26.996417999267578,24.0676212310791,-1.1449987888336182,-6.298981189727783,-2.7494168281555176,-3.5280802249908447,-3.0203988552093506,-3.1464948654174805,-7.256324768066406,-1.6778024435043335,3.0785980224609375,0.2773977816104889,0.1373409479856491,0.30272045731544495,0.1473645120859146,0.21253079175949097,0.4499349296092987,0.1475352644920349,0.1391173005104065,0.10037897527217865,0.31582120060920715,0.4394516050815582,0.17932775616645813,1360.0001055902917,0.07211672189434984,classical
-412.9592590332031,138.51983642578125,-19.26238250732422,34.14668273925781,8.97506332397461,-4.294471263885498,4.152583122253418,0.8819504380226135,3.079378604888916,0.12249623239040375,-4.05718469619751,3.7797231674194336,5.917003154754639,0.5358941555023193,0.2608436048030853,0.06875687837600708,0.09138043224811554,0.17037944495677948,0.2633013129234314,0.12949199974536896,0.2432914525270462,0.22036780416965485,0.11388120800256729,0.23377595841884613,0.27747300267219543,1171.8444805151357,0.0608847414376935,classical
-238.5963134765625,149.7830810546875,-28.872142791748047,28.239665985107422,-0.8014046549797058,-3.924771547317505,-2.1356680393218994,-4.334019184112549,-4.187280654907227,-3.438997983932495,-5.771542549133301,-0.12075097113847733,2.519979476928711,0.3052603304386139,0.23003537952899933,0.20068731904029846,0.4150305986404419,0.16568712890148163,0.18385346233844757,0.11607296764850616,0.34255099296569824,0.39286354184150696,0.2094971090555191,0.36707010865211487,0.1969004124403,1340.368610909044,0.07171347414376934,classical
-477.97784423828125,155.3107147216797,12.760652542114258,5.525207042694092,2.377072811126709,-10.652257919311523,-16.64824104309082,-12.547405242919922,-11.19011116027832,-9.378249168395996,-3.2180299758911133,-2.7673490047454834,-6.468446254730225,0.17473451793193817,0.09401336312294006,0.2830348014831543,0.4026798605918884,0.19130109250545502,0.3291451632976532,0.198675274848938,0.1924429088830948,0.2753181457519531,0.16436924040317535,0.158808171749115,0.16388081014156342,811.9966754623425,0.04834475679663313,classical
-552.1063232421875,173.3629608154297,26.354450225830078,14.122475624084473,7.259274959564209,-7.0849690437316895,-5.859200954437256,-10.342716217041016,-11.022790908813477,-9.200838088989258,-8.82726764678955,-4.930299758911133,-3.6547000408172607,0.2568659484386444,0.2331199049949646,0.18223094940185547,0.4022933542728424,0.15897274017333984,0.13768397271633148,0.10124713182449341,0.295329749584198,0.4032750427722931,0.19807785749435425,0.213089719414711,0.1196209192276001,715.4772961169846,0.04129340109810371,classical
-437.5252380371094,170.97140502929688,7.386170864105225,-3.1087050437927246,0.7773014903068542,-11.135055541992188,-12.523805618286133,-6.9009270668029785,-5.850052356719971,-8.455719947814941,-8.472509384155273,-8.329373359680176,-7.373799800872803,0.12176554650068283,0.10357944667339325,0.30335569381713867,0.35567888617515564,0.1274745762348175,0.1953432708978653,0.1405639946460724,0.18211543560028076,0.2873864769935608,0.22788408398628235,0.4085107147693634,0.15907453000545502,790.4782247441923,0.05211230771091331,classical
-549.623779296875,156.95286560058594,6.6107096672058105,34.415283203125,13.258631706237793,5.755012035369873,5.051405429840088,-3.0009751319885254,2.0665762424468994,3.077338218688965,2.016796112060547,3.2401437759399414,5.666260719299316,0.36730334162712097,0.33428284525871277,0.3952426612377167,0.4815475046634674,0.49326127767562866,0.385517418384552,0.5562690496444702,0.5251989960670471,0.2923735976219177,0.2727928161621094,0.5734614133834839,0.579307496547699,973.5547961720958,0.031537602191369966,classical
-374.7354431152344,153.8209228515625,-21.555330276489258,20.8302059173584,7.00356912612915,-3.9481635093688965,-2.521589994430542,-2.8035051822662354,-4.2827653884887695,-4.499873161315918,-5.7614006996154785,-4.25962495803833,-3.843543291091919,0.1607099175453186,0.35965496301651,0.4199369549751282,0.2223048210144043,0.3436224162578583,0.21863605082035065,0.3622252345085144,0.22203762829303741,0.2079852968454361,0.24850775301456451,0.15748785436153412,0.27898719906806946,1214.3345474841144,0.06055896865325077,classical
-264.05682373046875,142.12022399902344,-51.3542594909668,5.018921375274658,-20.266204833984375,-17.137805938720703,-16.06991958618164,-20.31136703491211,-15.042227745056152,-9.73814582824707,-8.40202808380127,-11.775307655334473,-6.880457401275635,0.22400060296058655,0.17009882628917694,0.27082687616348267,0.2245360165834427,0.2899223566055298,0.31686273217201233,0.33061301708221436,0.3874431550502777,0.28884440660476685,0.32383567094802856,0.3151533007621765,0.2504643499851227,1415.311188046843,0.08737929022349071,classical
-338.78729248046875,190.1043701171875,-16.3048152923584,3.7044484615325928,-0.4479043185710907,-8.88447380065918,-10.400300979614258,-16.366039276123047,-13.285848617553711,-10.799825668334961,-8.649679183959961,-8.285074234008789,-4.618802547454834,0.5076874494552612,0.17888809740543365,0.195137158036232,0.08816951513290405,0.2235369086265564,0.4096912145614624,0.14107190072536469,0.21645836532115936,0.15860380232334137,0.47568410634994507,0.2028045952320099,0.13797512650489807,853.4404819807542,0.05079296572658669,classical
-369.1368713378906,171.89466857910156,-27.269670486450195,6.017667293548584,-0.14046438038349152,-10.66923713684082,-11.915658950805664,-10.193318367004395,-11.368732452392578,-10.511279106140137,-8.377620697021484,-9.789240837097168,-5.0547614097595215,0.23021157085895538,0.14386709034442902,0.2085433155298233,0.15709438920021057,0.11341258883476257,0.21162059903144836,0.18951313197612762,0.5901241302490234,0.2907960116863251,0.19030256569385529,0.4335462749004364,0.18646317720413208,1002.3644432557223,0.05794825125773994,classical
-246.21836853027344,149.44387817382812,-41.97381591796875,11.60641098022461,-10.287586212158203,-4.018404483795166,-7.138944625854492,-10.1370267868042,-9.425965309143066,-7.176623344421387,-3.1531364917755127,-5.6295013427734375,-2.581601142883301,0.3370544910430908,0.22709909081459045,0.4994971752166748,0.296906977891922,0.36282336711883545,0.34920206665992737,0.2081211656332016,0.3918665945529938,0.21881814301013947,0.3208886682987213,0.2974928915500641,0.2059096395969391,1525.6012665401886,0.09158788155476007,classical
-283.4352111816406,159.55325317382812,-29.518972396850586,18.540626525878906,-9.879667282104492,-3.4205968379974365,-10.990983009338379,-9.784339904785156,-8.296976089477539,-4.242829322814941,-2.8664071559906006,-5.969814777374268,-4.020927429199219,0.19158585369586945,0.1663486212491989,0.34820640087127686,0.46222633123397827,0.23383794724941254,0.40053942799568176,0.20452016592025757,0.4283490777015686,0.4553816020488739,0.26147204637527466,0.42314860224723816,0.16996480524539948,1356.517262209537,0.07686121323529412,classical
-393.0342102050781,190.77561950683594,-13.312166213989258,8.263632774353027,1.5518677234649658,-11.080790519714355,-11.24487018585205,-13.998270988464355,-10.620688438415527,-9.390382766723633,-4.6135573387146,-10.067734718322754,-4.8152570724487305,0.22896476089954376,0.21486319601535797,0.4024888277053833,0.16071225702762604,0.2193303108215332,0.1250019073486328,0.29081884026527405,0.4511273205280304,0.23991334438323975,0.43308737874031067,0.18514151871204376,0.34192779660224915,876.9626952356676,0.051046554518188854,classical
-299.79180908203125,157.32382202148438,-37.352020263671875,15.766813278198242,-5.7569355964660645,-4.454066276550293,-6.815181732177734,-10.736592292785645,-9.884847640991211,-8.15744400024414,-5.422234058380127,-7.840023517608643,-2.730618715286255,0.3412942886352539,0.252921462059021,0.2115461230278015,0.31092002987861633,0.14867635071277618,0.21900977194309235,0.14118485152721405,0.3968302607536316,0.555549681186676,0.27454689145088196,0.46130672097206116,0.21650026738643646,1302.9045959121115,0.07053623258513932,classical
-301.928466796875,57.542442321777344,-59.133270263671875,33.54234313964844,-20.912109375,17.741283416748047,-0.6430503726005554,49.02375793457031,19.130111694335938,27.0985050201416,-17.633901596069336,-0.2625490427017212,-3.75183367729187,0.18490350246429443,0.09342169761657715,0.061236314475536346,0.18328845500946045,0.2750726342201233,0.08941834419965744,0.12427932769060135,0.0752759650349617,0.368741899728775,0.3404347896575928,0.1564158946275711,0.6554177403450012,2423.3992282999484,0.16668644482875386,classical
-326.3167419433594,85.90869903564453,-42.98691940307617,31.837812423706055,-19.5760555267334,9.992609024047852,-16.461275100708008,10.000378608703613,-8.599359512329102,25.513212203979492,6.538747310638428,16.400178909301758,3.5028579235076904,0.16772553324699402,0.2869931757450104,0.12965351343154907,0.26353779435157776,0.15776212513446808,0.07338658720254898,0.17544758319854736,0.22691495716571808,0.4870699942111969,0.2738761901855469,0.24192200601100922,0.14773374795913696,2172.514738800756,0.151986231375774,classical
-251.31829833984375,88.73773956298828,-41.75239944458008,37.90864562988281,-12.024271965026855,21.624099731445312,-5.853931427001953,25.719711303710938,-5.185972213745117,14.301179885864258,-7.550951957702637,10.464780807495117,-4.928892612457275,0.14311522245407104,0.2927902638912201,0.13141301274299622,0.24408002197742462,0.42175397276878357,0.17629767954349518,0.20674334466457367,0.14152167737483978,0.3382435142993927,0.2395293116569519,0.09838598221540451,0.2757357954978943,2192.7057790195913,0.1524378537393576,classical
-299.71258544921875,103.67623901367188,-27.657272338867188,51.02833557128906,12.27966022491455,16.5087833404541,-10.941352844238281,-0.8949336409568787,3.835167169570923,12.960474967956543,-12.398089408874512,2.464722156524658,5.178436279296875,0.28995734453201294,0.09248042106628418,0.04283280670642853,0.12819570302963257,0.281264066696167,0.12580232322216034,0.12646418809890747,0.06840237975120544,0.10203364491462708,0.40023547410964966,0.17951293289661407,0.33637046813964844,1807.4309138096596,0.13095801385932662,classical
-207.37747192382812,117.60778045654297,-41.40425491333008,13.253087043762207,-1.6882401704788208,15.532319068908691,-10.36276912689209,-1.8636897802352905,-12.76217269897461,7.0103325843811035,-0.7813688516616821,2.071812868118286,-8.2644681930542,0.2562152147293091,0.10053325444459915,0.21928854286670685,0.16476285457611084,0.42679551243782043,0.43200060725212097,0.2551233768463135,0.41458168625831604,0.11726976931095123,0.11135347187519073,0.061259131878614426,0.16442155838012695,1623.8299978978253,0.10825822670762383,classical
-385.7943115234375,128.62301635742188,-26.73168182373047,39.48326110839844,-2.1734619140625,16.760435104370117,-5.734195709228516,14.72441577911377,-3.090662717819214,12.311254501342773,-5.892706871032715,2.7925820350646973,3.6800177097320557,0.42616117000579834,0.3349906802177429,0.5315263271331787,0.3251379132270813,0.20121358335018158,0.2186177670955658,0.3524300456047058,0.44692790508270264,0.2952912747859955,0.48474550247192383,0.5489150285720825,0.2612287998199463,1424.1018503760445,0.07015490458107586,classical
-422.6080322265625,89.84973907470703,-18.71620750427246,37.78641128540039,6.016749858856201,4.161733627319336,-1.9914650917053223,12.111291885375977,4.167896747589111,13.791266441345215,2.8296854496002197,5.886289119720459,6.122228145599365,0.293744832277298,0.15837927162647247,0.35647907853126526,0.1685742437839508,0.12493987381458282,0.3364556133747101,0.13233186304569244,0.22108496725559235,0.17831440269947052,0.224814772605896,0.38083115220069885,0.1547616422176361,1800.6383191622836,0.12435714674438854,classical
-203.619384765625,111.2059555053711,-51.53665542602539,39.48582077026367,-10.562026023864746,11.913712501525879,-13.181607246398926,15.123318672180176,-7.29170036315918,13.37704849243164,-7.313064098358154,3.8404088020324707,-3.78200626373291,0.21410685777664185,0.3673665523529053,0.5991417765617371,0.2510623633861542,0.221235454082489,0.17684295773506165,0.2199135720729828,0.2953638434410095,0.21187402307987213,0.4688205420970917,0.29102155566215515,0.19967134296894073,1932.8371720042157,0.11752045339106038,classical
-280.7255859375,122.72235107421875,-14.398865699768066,26.855798721313477,1.3519740104675293,5.994227409362793,-13.104070663452148,3.375361680984497,-11.554337501525879,5.1937947273254395,-1.0517687797546387,2.7634668350219727,0.06284391134977341,0.35059088468551636,0.23697690665721893,0.24395179748535156,0.1116204485297203,0.3792511224746704,0.19719932973384857,0.08268535882234573,0.17918260395526886,0.17020505666732788,0.3315593898296356,0.1352965235710144,0.2493535280227661,1494.1405636701372,0.08592124915344428,classical
-287.52099609375,101.73793029785156,-35.36899948120117,41.28276062011719,-12.745121955871582,17.284992218017578,-13.97829818725586,16.3118839263916,-5.59902811050415,13.66428279876709,-8.790592193603516,-0.05710599571466446,-13.769375801086426,0.39803552627563477,0.1438681036233902,0.11238598823547363,0.10271219909191132,0.3878880441188812,0.5834692716598511,0.27812978625297546,0.2832412123680115,0.1927616000175476,0.5180961489677429,0.3103597164154053,0.16872721910476685,1953.0123992184488,0.1234924505369582,classical
-378.73931884765625,126.49873352050781,-18.81513023376465,42.87580871582031,-14.30518913269043,25.342689514160156,-14.641030311584473,18.70429039001465,-10.188718795776367,21.108089447021484,4.437037944793701,18.22564697265625,-10.274280548095703,0.30584660172462463,0.35233595967292786,0.3315961956977844,0.3523237407207489,0.39388471841812134,0.22775612771511078,0.4245684742927551,0.3653213083744049,0.25268974900245667,0.32067546248435974,0.29921990633010864,0.3804491460323334,1524.8987119782064,0.08068318558920279,classical
-23.184358596801758,70.25887298583984,3.818911075592041,28.329025268554688,13.764470100402832,5.725914478302002,3.9781453609466553,7.4515557289123535,2.64951753616333,8.495177268981934,-2.2885162830352783,2.079876661300659,-3.378119707107544,0.2805222272872925,0.4258882403373718,0.3356831669807434,0.3655458688735962,0.37006106972694397,0.391761839389801,0.5886548161506653,0.39377790689468384,0.46288225054740906,0.32935193181037903,0.31432053446769714,0.34410086274147034,2797.969870734425,0.10713729622194272,country
-8.00119686126709,62.72800064086914,-1.458080768585205,28.115848541259766,9.972362518310547,9.353734970092773,5.420156002044678,9.82502269744873,3.0283052921295166,8.42697811126709,0.31103771924972534,6.545156002044678,0.7390595078468323,0.31546005606651306,0.41503825783729553,0.3188965618610382,0.44661790132522583,0.4165378212928772,0.45446503162384033,0.6390807032585144,0.4210757315158844,0.37973570823669434,0.2612519860267639,0.38857221603393555,0.5097729563713074,2937.8328051469803,0.12698751632643188,country
-120.72672271728516,79.31613159179688,5.453444957733154,34.8121337890625,16.550336837768555,13.15254020690918,6.239587306976318,9.98454475402832,-1.9874377250671387,6.765197277069092,-6.290685176849365,0.27700409293174744,-6.701879501342773,0.2634401023387909,0.3248739242553711,0.2517108619213104,0.2522813081741333,0.36251309514045715,0.2618926465511322,0.2291720062494278,0.22256320714950562,0.3699093163013458,0.4679856300354004,0.295785516500473,0.26483580470085144,2307.5397576425735,0.0741337165005805,country
-57.759788513183594,95.7664794921875,-10.109318733215332,40.979637145996094,13.979035377502441,-0.9898583292961121,-0.18847127258777618,7.425077438354492,-3.6333374977111816,9.54513931274414,-2.9410641193389893,2.436251163482666,1.9947803020477295,0.3063270151615143,0.35659170150756836,0.6214755177497864,0.34400609135627747,0.33014699816703796,0.2327682226896286,0.3699312210083008,0.5071027874946594,0.3788371980190277,0.4702666699886322,0.2734431028366089,0.3329557180404663,2174.1604935047117,0.1025643835864938,country
-20.781349182128906,62.9504280090332,2.3044402599334717,30.773717880249023,6.973462104797363,6.50581169128418,6.323636531829834,9.873085975646973,3.4352970123291016,9.372201919555664,-0.40415793657302856,7.519415378570557,-0.9842739105224609,0.3137994110584259,0.2327737659215927,0.21850554645061493,0.36114880442619324,0.5383796691894531,0.35542598366737366,0.37827789783477783,0.322340726852417,0.4478793442249298,0.37981829047203064,0.41035565733909607,0.6344665288925171,2966.1571589936843,0.12416100280572756,country
-24.69242286682129,62.38838577270508,-7.768984794616699,28.530288696289062,10.947265625,5.609288692474365,0.032920848578214645,13.834209442138672,3.01373028755188,9.866081237792969,0.8187443614006042,5.870721340179443,-1.2669297456741333,0.44179144501686096,0.41340434551239014,0.49678677320480347,0.3653978407382965,0.44029220938682556,0.35305076837539673,0.40590524673461914,0.5253201127052307,0.37218403816223145,0.41380906105041504,0.33453160524368286,0.44575026631355286,2926.865766278933,0.13645079999516255,country
-23.146039962768555,71.35540771484375,1.3973156213760376,24.474510192871094,16.3499698638916,4.516972541809082,-3.9798617362976074,18.03827476501465,-3.3584671020507812,2.474036931991577,2.979959726333618,0.8368246555328369,-1.1464859247207642,0.38879674673080444,0.3234069049358368,0.476485013961792,0.40385815501213074,0.453101247549057,0.6433823704719543,0.4229413568973541,0.4379276633262634,0.296721875667572,0.3840702176094055,0.4844704270362854,0.3348409831523895,2800.214423030315,0.12843724300986842,country
-20.817459106445312,64.90751647949219,6.767101287841797,26.357126235961914,11.665423393249512,13.185628890991211,-1.9791066646575928,8.582197189331055,0.47289520502090454,7.44109582901001,-0.4149094223976135,6.945586204528809,3.660606622695923,0.4749505817890167,0.42914682626724243,0.38608166575431824,0.5202969908714294,0.36138856410980225,0.38551613688468933,0.31289979815483093,0.4275358319282532,0.5793956518173218,0.3989006578922272,0.43052399158477783,0.3507537841796875,2898.787368032488,0.11293582502902477,country
-19.723819732666016,76.66848754882812,-4.849719524383545,32.247581481933594,7.670154571533203,17.224525451660156,-1.4669177532196045,9.14332103729248,2.7177042961120605,9.111842155456543,-2.6976072788238525,7.503505706787109,0.33303114771842957,0.3554324507713318,0.36295077204704285,0.2674348056316376,0.32243433594703674,0.48363828659057617,0.38000187277793884,0.3895171284675598,0.2807265520095825,0.3921843469142914,0.2995438873767853,0.2664112150669098,0.4639303386211395,2506.169376457896,0.10473972946497678,country
12.163200378417969,58.977378845214844,0.9188626408576965,26.749126434326172,9.254704475402832,3.576305627822876,1.58315110206604,8.648173332214355,0.9710415601730347,11.627410888671875,-2.159726142883301,1.1948513984680176,0.47236940264701843,0.3438374996185303,0.330340713262558,0.49316471815109253,0.2818105220794678,0.3555111885070801,0.4321875274181366,0.4813438951969147,0.7530481219291687,0.46484610438346863,0.45497366786003113,0.39345166087150574,0.3725161850452423,3191.4845774083215,0.15687886996904024,country
-197.73265075683594,106.50902557373047,-4.434540748596191,37.64393997192383,-0.8606550097465515,-0.9555023312568665,-3.448014736175537,-0.051242224872112274,-9.299325942993164,-5.164658069610596,-4.245077610015869,-3.5471112728118896,-1.3499808311462402,0.355116605758667,0.24500323832035065,0.25045037269592285,0.2349725067615509,0.3667103052139282,0.3177689015865326,0.2702377736568451,0.43782496452331543,0.27987977862358093,0.2810242474079132,0.20964397490024567,0.24774155020713806,1861.184983990783,0.07651125314434984,country
-199.09449768066406,61.18678665161133,9.970172882080078,23.455228805541992,10.26604175567627,0.021369297057390213,8.005173683166504,1.12496817111969,-4.887679576873779,9.501937866210938,-6.3442912101745605,3.86122727394104,1.628353476524353,0.24805931746959686,0.258867084980011,0.4075601398944855,0.26749753952026367,0.268620103597641,0.24885249137878418,0.36668822169303894,0.3800710141658783,0.24949303269386292,0.3226342797279358,0.2584872543811798,0.3344322741031647,2838.2033521252542,0.11010515431501548,country
-141.02310180664062,123.89308166503906,-2.4948008060455322,27.972536087036133,0.01281303633004427,1.2166240215301514,-11.020722389221191,-1.3764036893844604,-7.020709037780762,-6.118951320648193,-5.19248628616333,-2.1684279441833496,-4.593888282775879,0.42922353744506836,0.2759110927581787,0.26665011048316956,0.21651558578014374,0.3601326048374176,0.39255255460739136,0.31909385323524475,0.4526885449886322,0.25379878282546997,0.17218829691410065,0.1557997167110443,0.2634386718273163,1667.8626239303642,0.06406763980263158,country
-126.18547058105469,77.63613891601562,3.1659162044525146,19.950847625732422,10.833183288574219,0.7266966104507446,5.217695713043213,-0.4929521381855011,-0.999363124370575,5.389013290405273,-3.735502004623413,-3.500471353530884,-5.331846714019775,0.27645838260650635,0.3698364794254303,0.28976109623908997,0.26823991537094116,0.5375144481658936,0.36388421058654785,0.34915977716445923,0.30439919233322144,0.3871833086013794,0.5403834581375122,0.35396242141723633,0.37645605206489563,2812.414612083667,0.12956497617550308,country
-124.63310241699219,72.52176666259766,16.713680267333984,18.248218536376953,12.224788665771484,8.088155746459961,7.982229232788086,-0.5219014883041382,2.3674657344818115,-0.5643610954284668,-5.573391437530518,0.5387731790542603,-5.0671539306640625,0.24964235723018646,0.43674996495246887,0.4278990924358368,0.3773772418498993,0.47580182552337646,0.32892701029777527,0.329520046710968,0.23298096656799316,0.35487452149391174,0.5127306580543518,0.3338206112384796,0.31689199805259705,2951.9486784809105,0.12474225401509288,country
-116.17637634277344,111.72994995117188,-5.24551248550415,33.995697021484375,-12.458563804626465,4.250616550445557,-14.428153038024902,8.494948387145996,-8.198229789733887,-1.3456501960754395,-12.559845924377441,-5.005492210388184,-2.149932384490967,0.33797743916511536,0.3179548680782318,0.3778701424598694,0.7603569626808167,0.364425927400589,0.3034067153930664,0.3211183249950409,0.306312620639801,0.40517663955688477,0.3274107277393341,0.4229789674282074,0.3113931119441986,1959.337324250709,0.09426624782314241,country
-210.17332458496094,139.61767578125,-16.979991912841797,58.00302505493164,-9.65481185913086,-1.964507818222046,-18.00123405456543,-8.207505226135254,-11.778446197509766,-7.882442951202393,0.6071054339408875,-9.965226173400879,-6.466773986816406,0.47925904393196106,0.23979628086090088,0.19938740134239197,0.1524699628353119,0.3221144378185272,0.6176148056983948,0.33430734276771545,0.2786882221698761,0.22328519821166992,0.3687000572681427,0.3729725778102875,0.28233209252357483,1425.8089845409772,0.06017386138254644,country
-171.33900451660156,137.3545684814453,7.964578628540039,28.53956413269043,2.7081968784332275,-0.5015100836753845,-2.9561004638671875,-1.1593420505523682,-6.159660816192627,-2.4005284309387207,-5.853388786315918,-2.166609287261963,-5.343712329864502,0.2435550093650818,0.38510072231292725,0.5565013885498047,0.3448637127876282,0.42224034667015076,0.28096964955329895,0.4075867235660553,0.39495161175727844,0.27611252665519714,0.40431785583496094,0.24762438237667084,0.3224146366119385,1469.7849502285726,0.06385600087074303,country
-131.1485595703125,102.99636840820312,-11.533306121826172,17.739639282226562,16.96238899230957,4.435607433319092,1.296534538269043,3.41845965385437,-1.4990546703338623,1.6171722412109375,-7.983499050140381,-0.8249753713607788,-8.876750946044922,0.5737086534500122,0.3623030483722687,0.31208133697509766,0.2618209421634674,0.36060428619384766,0.514809787273407,0.32192328572273254,0.4101144075393677,0.3133378028869629,0.39433273673057556,0.2940024435520172,0.32023245096206665,2068.772763718777,0.09561053296729877,country
-256.0635681152344,163.1016082763672,-22.872879028320312,26.93337059020996,15.301941871643066,-3.5052199363708496,4.217087268829346,-0.7930168509483337,-9.463186264038086,1.756961464881897,-4.423062324523926,-3.6401736736297607,-4.252334117889404,0.37916627526283264,0.2573176324367523,0.2871515452861786,0.24397315084934235,0.33201250433921814,0.2943146228790283,0.33226796984672546,0.4665152132511139,0.2868756055831909,0.28516221046447754,0.25737327337265015,0.3667903244495392,1138.6702901800775,0.050959631385448914,country
-161.0912322998047,74.7069091796875,22.421598434448242,46.01198959350586,5.269036293029785,25.112390518188477,-0.5864292979240417,10.375497817993164,-6.83021879196167,5.049812316894531,-0.769786536693573,1.4022417068481445,-6.011288642883301,0.31720107793807983,0.31227898597717285,0.469432532787323,0.39208945631980896,0.3246991038322449,0.37577956914901733,0.29324355721473694,0.2686762511730194,0.2687051594257355,0.4082476794719696,0.566956639289856,0.3892246186733246,2409.267879260446,0.08685812935371517,country
-209.38938903808594,167.13980102539062,-20.86545181274414,36.81765365600586,10.305033683776855,3.9740636348724365,-5.662354469299316,-4.638091564178467,-6.23797082901001,-4.1778645515441895,-6.688474178314209,-3.263476848602295,-7.967005252838135,0.35790860652923584,0.2290733903646469,0.22680144011974335,0.17756734788417816,0.2881913483142853,0.31439265608787537,0.2680087387561798,0.29872092604637146,0.2845667898654938,0.427606999874115,0.3072919547557831,0.28716573119163513,1043.9737111043523,0.04559534031540248,country
-195.12416076660156,114.29300689697266,0.001429554889909923,38.178550720214844,11.291479110717773,-6.07515811920166,1.218828558921814,-0.004193096421658993,-15.420766830444336,-3.570899724960327,-6.125418186187744,-4.500051021575928,-0.12475666403770447,0.26873210072517395,0.29428228735923767,0.3206484317779541,0.4405266344547272,0.31421348452568054,0.23102936148643494,0.2929586172103882,0.3177766501903534,0.39579054713249207,0.28841033577919006,0.3507440388202667,0.34189268946647644,1719.3372066856614,0.06805325440208979,country
-353.0542297363281,110.63209533691406,32.743377685546875,24.164182662963867,18.746185302734375,5.92488956451416,-1.7401658296585083,3.8813748359680176,-2.9872539043426514,-1.9034862518310547,-2.8664543628692627,-0.9788744449615479,-6.4891204833984375,0.3053225576877594,0.2290458083152771,0.25209563970565796,0.2460585981607437,0.33678579330444336,0.5544651746749878,0.40168631076812744,0.28864747285842896,0.23062603175640106,0.31937235593795776,0.28280648589134216,0.2192218154668808,1496.56913504939,0.03548126693111455,country
-199.98284912109375,109.12154388427734,-5.546024322509766,48.13289260864258,1.2039802074432373,4.597491264343262,-9.15217399597168,-1.471274971961975,-11.665059089660645,-5.204099178314209,-11.550537109375,4.978348255157471,-4.9808197021484375,0.5194875001907349,0.2771359980106354,0.20154590904712677,0.20674043893814087,0.21518242359161377,0.20544159412384033,0.2491525262594223,0.41448402404785156,0.2173355221748352,0.18494167923927307,0.2017688751220703,0.35211411118507385,1739.321196159216,0.0824598188370743,country
-200.5531768798828,119.65538024902344,-3.6046814918518066,31.952964782714844,9.957965850830078,15.293296813964844,0.6486003994941711,0.23646201193332672,-4.4767165184021,-2.310882329940796,-5.255605220794678,-2.473747730255127,-6.0480217933654785,0.3720409870147705,0.3254655599594116,0.3540245294570923,0.3273039162158966,0.3811074495315552,0.2487463653087616,0.33665210008621216,0.43232619762420654,0.32970795035362244,0.32752951979637146,0.2945704162120819,0.4382559061050415,1565.7683179567373,0.05730313044214396,country
-194.26962280273438,151.78431701660156,-3.034252643585205,29.480588912963867,9.101757049560547,5.985581398010254,3.78444504737854,3.7657220363616943,-5.869409561157227,1.5940247774124146,-3.766415596008301,0.9295918941497803,1.9723039865493774,0.3405575454235077,0.2997055649757385,0.47874799370765686,0.2915536165237427,0.24025887250900269,0.19397667050361633,0.34489452838897705,0.38057941198349,0.26216912269592285,0.41486701369285583,0.2832961082458496,0.4262288510799408,1270.4148783967134,0.05483186798568111,country
-100.73442840576172,106.97025299072266,-27.180389404296875,29.091337203979492,5.039496898651123,-5.429043292999268,3.24574613571167,-5.1666436195373535,-5.103821277618408,-0.8067116737365723,-3.8309824466705322,-2.7171006202697754,-6.651432037353516,0.26732251048088074,0.36433884501457214,0.33177414536476135,0.4005813002586365,0.5929239392280579,0.39336955547332764,0.3299906849861145,0.2892882525920868,0.45103180408477783,0.5623460412025452,0.3607015609741211,0.35763028264045715,2012.1998825497253,0.0973951026751161,country
-169.19261169433594,132.806640625,-13.484967231750488,31.18226432800293,6.335588455200195,-3.7656242847442627,-2.0574629306793213,-3.6175503730773926,-4.556713104248047,1.2857977151870728,-6.986225128173828,-7.255014896392822,-1.3873172998428345,0.2245902419090271,0.3440983295440674,0.41334882378578186,0.27139222621917725,0.339543879032135,0.3243471384048462,0.44902217388153076,0.3652629852294922,0.2732793986797333,0.36614537239074707,0.2160637378692627,0.23328657448291779,1474.0010327537864,0.05981898824496904,country
-171.28872680664062,160.4967041015625,-17.804439544677734,30.512203216552734,7.514743804931641,-8.25604248046875,-5.670382499694824,0.13195087015628815,-8.836377143859863,-2.6552681922912598,0.7057316303253174,-3.7849600315093994,-6.500516414642334,0.26950305700302124,0.3949698507785797,0.31828850507736206,0.37489938735961914,0.32296839356422424,0.43732309341430664,0.3281434178352356,0.2518364489078522,0.3935549259185791,0.26158949732780457,0.20873364806175232,0.15754349529743195,1214.054895968694,0.054208666916602165,country
-277.1022033691406,128.25643920898438,42.4285888671875,37.69783020019531,12.78097152709961,9.599223136901855,-5.983116626739502,-7.538271903991699,-8.034318923950195,-4.942378044128418,-6.530048370361328,-3.6279537677764893,-7.228426456451416,0.04745001718401909,0.1303248405456543,0.3480936884880066,0.1761101335287094,0.2296607941389084,0.14552514255046844,0.26046523451805115,0.27846428751945496,0.2222185879945755,0.5093594193458557,0.20460449159145355,0.10379889607429504,1240.5895174256275,0.042844034200851394,country
-130.4947052001953,104.13706970214844,-19.26140022277832,34.15361785888672,5.413920879364014,-2.166883945465088,-0.7268798351287842,-2.8929858207702637,-5.459535121917725,4.080211639404297,-4.462240695953369,3.5235819816589355,2.1470131874084473,0.5474179983139038,0.2590973675251007,0.2709881663322449,0.1680450588464737,0.2645198106765747,0.3529532253742218,0.2671829164028168,0.49011772871017456,0.24893470108509064,0.31306391954421997,0.29009130597114563,0.2872621715068817,2052.937539079165,0.09529609798277863,country
-237.99351501464844,97.70346069335938,6.526741981506348,45.97761535644531,2.154768466949463,16.221973419189453,8.825113296508789,7.767008304595947,-0.5937919616699219,4.480260372161865,0.1409159153699875,3.0210771560668945,-1.663800597190857,0.376996248960495,0.2879747748374939,0.21297632157802582,0.2993502914905548,0.49121952056884766,0.34743788838386536,0.28588637709617615,0.21452578902244568,0.2729492783546448,0.3112925589084625,0.34617000818252563,0.5257154107093811,1823.4330215874613,0.0676016320385062,country
-133.3365020751953,78.99036407470703,-5.6506476402282715,35.522865295410156,-7.547708511352539,7.92803955078125,2.7298073768615723,0.39645376801490784,-1.1331299543380737,-1.1071386337280273,-7.8454437255859375,-1.1711784601211548,-4.8140177726745605,0.23706649243831635,0.2540510594844818,0.20560398697853088,0.364509642124176,0.3544076383113861,0.29219821095466614,0.4642792344093323,0.2806679904460907,0.35669654607772827,0.24372956156730652,0.29416653513908386,0.45374229550361633,2456.555660328369,0.12361565462945047,country
-153.8673553466797,83.68424987792969,-8.418766975402832,13.969093322753906,13.551848411560059,3.773253917694092,3.0063745975494385,6.347874164581299,2.06679630279541,2.075455665588379,3.195274591445923,-0.47532379627227783,-3.025930881500244,0.2777952551841736,0.3537065386772156,0.4535471498966217,0.3518006503582001,0.39577338099479675,0.35125553607940674,0.38202136754989624,0.3268517553806305,0.3038121461868286,0.49577921628952026,0.32413414120674133,0.29461678862571716,2614.1281512828127,0.11928688261900154,country
-120.38322448730469,95.34891510009766,-6.00827169418335,25.168930053710938,20.961814880371094,-7.139915466308594,8.552629470825195,2.440011978149414,-14.663630485534668,9.296396255493164,-2.3618507385253906,-3.15647292137146,0.609483540058136,0.4256308972835541,0.29907864332199097,0.293386846780777,0.277942419052124,0.46236932277679443,0.5494683980941772,0.3384817838668823,0.38365790247917175,0.33377066254615784,0.4297282099723816,0.3953462839126587,0.32239511609077454,2322.0772479079756,0.10437125096749227,country
-339.7991027832031,97.781005859375,-9.69590950012207,50.98689651489258,7.824944496154785,11.747367858886719,0.684760570526123,2.4938344955444336,-4.775411605834961,0.19351886212825775,-5.974664688110352,-2.8948965072631836,-6.157009124755859,0.3694407045841217,0.5970853567123413,0.36576467752456665,0.31238389015197754,0.21822376549243927,0.30119433999061584,0.19624046981334686,0.31385695934295654,0.619947075843811,0.36537644267082214,0.24511335790157318,0.23114731907844543,1827.093958381686,0.0848248839009288,country
-173.44410705566406,105.05278015136719,1.1553170680999756,24.11484146118164,22.125150680541992,2.5424928665161133,-1.5812404155731201,0.17491428554058075,-5.323044300079346,3.8141825199127197,-4.523899555206299,-4.587282657623291,-1.5664961338043213,0.3341370224952698,0.39890405535697937,0.3364597260951996,0.43385258316993713,0.3541956841945648,0.3932722806930542,0.33944228291511536,0.3034750521183014,0.41551852226257324,0.3972719609737396,0.4570891261100769,0.3240567743778229,2069.180155621707,0.08500288735971362,country
-118.028564453125,74.16700744628906,8.28813648223877,15.46252155303955,6.154968738555908,8.443999290466309,4.118830680847168,5.738996982574463,-1.9503189325332642,3.1639108657836914,5.040856838226318,-1.1298937797546387,2.4367034435272217,0.4962555468082428,0.3707701563835144,0.43214988708496094,0.34079980850219727,0.4199334979057312,0.32684069871902466,0.36240583658218384,0.3940659165382385,0.24631400406360626,0.28548285365104675,0.28860485553741455,0.4422401487827301,2860.3399496357706,0.12115799753289473,country
-89.73638153076172,36.28620147705078,11.469534873962402,37.49559020996094,9.199135780334473,3.740518569946289,2.840357780456543,6.811540126800537,1.467455267906189,0.09733813256025314,1.0258601903915405,1.1755473613739014,-3.5642974376678467,0.4306693971157074,0.649253785610199,0.45910635590553284,0.4509706199169159,0.6284641027450562,0.3802964389324188,0.3939797580242157,0.3464697003364563,0.3953801393508911,0.4807000756263733,0.29243630170822144,0.3461074233055115,3760.4244872923673,0.21237475510352166,country
-102.89669799804688,85.32916259765625,-4.324985027313232,30.583778381347656,3.0101559162139893,-1.9592187404632568,4.445295333862305,3.420520067214966,-4.253562927246094,-1.7713998556137085,-3.970628023147583,-1.359187126159668,-3.7630884647369385,0.34925898909568787,0.41959303617477417,0.562434732913971,0.3446452021598816,0.33539536595344543,0.24101148545742035,0.3413330316543579,0.4285697340965271,0.35516157746315,0.43271926045417786,0.2931883633136749,0.37739500403404236,2449.9415972837987,0.10633306828076626,country
-111.69470977783203,82.26009368896484,13.068495750427246,31.930076599121094,23.683029174804688,-0.5323793292045593,12.029793739318848,3.6602065563201904,-5.738521099090576,3.3330349922180176,1.4207491874694824,0.7725829482078552,0.5596444010734558,0.36825576424598694,0.3431181013584137,0.3845055103302002,0.41365423798561096,0.4961283802986145,0.321953684091568,0.26089537143707275,0.3198980689048767,0.43107855319976807,0.6235852241516113,0.4315284788608551,0.37858086824417114,2634.0466588107224,0.09585618529895511,country
-101.28809356689453,84.1390151977539,7.751808166503906,30.383913040161133,13.85435962677002,11.632600784301758,-0.11175931245088577,-4.939070701599121,-2.370659589767456,-1.9748867750167847,-8.18772029876709,2.825073719024658,0.5467092394828796,0.4524177014827728,0.4321027398109436,0.4175602197647095,0.3256065547466278,0.41292792558670044,0.30966901779174805,0.24329468607902527,0.3131425976753235,0.37755319476127625,0.5492919087409973,0.4557240605354309,0.409952312707901,2386.8223453587584,0.08702592879256967,country
-101.19902038574219,85.43054962158203,-19.695709228515625,20.584856033325195,9.973623275756836,7.594192981719971,0.10405587404966354,3.40543794631958,0.04641164839267731,1.5777521133422852,-1.4500951766967773,-1.2814346551895142,2.1464107036590576,0.3637917637825012,0.37615031003952026,0.5018666386604309,0.34089893102645874,0.38934850692749023,0.2989419102668762,0.41704416275024414,0.4250478446483612,0.3949855864048004,0.6599970459938049,0.31651031970977783,0.354801744222641,2530.853994149147,0.1343000193498452,country
-162.72116088867188,119.81047821044922,-2.8799524307250977,20.506132125854492,27.80887222290039,5.485367298126221,6.040956020355225,1.204543948173523,-3.6995325088500977,0.34238550066947937,4.411624908447266,-0.4080612063407898,2.459360122680664,0.2957282066345215,0.3607160449028015,0.26926949620246887,0.44612377882003784,0.39338913559913635,0.25777772068977356,0.40982475876808167,0.34478655457496643,0.45843982696533203,0.3969474732875824,0.3326283395290375,0.3548271358013153,1730.559357956436,0.0665200059258901,country
-61.23540115356445,71.2633285522461,-17.042137145996094,17.118322372436523,5.0581464767456055,-4.204788684844971,-1.667630910873413,1.173366665840149,-0.8542969822883606,4.976346969604492,-1.6956689357757568,4.8454179763793945,-0.1578167825937271,0.31114453077316284,0.28946396708488464,0.3233734667301178,0.5439479351043701,0.3041634261608124,0.2919119596481323,0.25824835896492004,0.3846530020236969,0.45344752073287964,0.31769806146621704,0.38480374217033386,0.28368979692459106,2777.1145172614247,0.13296442651896284,country
-126.89159393310547,103.4920654296875,-31.892566680908203,58.71932601928711,-1.9583549499511719,-3.130634069442749,-2.9370546340942383,0.36575213074684143,-3.038083553314209,-0.82976233959198,5.585165500640869,-10.142878532409668,0.7323166728019714,0.23346860706806183,0.36712846159935,0.40669694542884827,0.3590552806854248,0.5563353896141052,0.4547443687915802,0.4012090861797333,0.3327641785144806,0.42734476923942566,0.48417994379997253,0.25937649607658386,0.20708639919757843,2109.4728877007824,0.11589196739551083,country
-165.51901245117188,117.87925720214844,-33.60674285888672,42.62331771850586,-1.3848820924758911,3.831390619277954,7.169803142547607,-7.170013904571533,-1.6314923763275146,0.875454843044281,-12.514056205749512,2.89426326751709,-12.372036933898926,0.4668058454990387,0.2587403953075409,0.3468470275402069,0.2326992303133011,0.2860693335533142,0.26810961961746216,0.2644062936306,0.5305753946304321,0.3197598457336426,0.2567629814147949,0.192216157913208,0.29982155561447144,1784.3451875096134,0.09412943837074303,country
-149.0001678466797,107.24382019042969,11.190145492553711,26.698795318603516,11.405787467956543,-3.808100938796997,14.028653144836426,-5.892951488494873,-11.049588203430176,2.8112707138061523,-8.445196151733398,3.1889073848724365,-0.7737127542495728,0.32462024688720703,0.2773453891277313,0.3292037546634674,0.2790676951408386,0.2963205575942993,0.4971616864204407,0.27541327476501465,0.22068201005458832,0.18921253085136414,0.2686302661895752,0.4379390478134155,0.33528006076812744,1939.716518680421,0.0639731581366099,country
-109.98737335205078,134.7486114501953,-24.02614402770996,19.394617080688477,-4.4071760177612305,-4.814888000488281,-7.800572872161865,-0.393700510263443,-5.415931701660156,-2.9570000171661377,0.7814669013023376,-4.776980876922607,-0.1722172051668167,0.2897713780403137,0.20569853484630585,0.43993428349494934,0.3245548605918884,0.3146393597126007,0.24296340346336365,0.30309951305389404,0.4249759018421173,0.2689064145088196,0.33023810386657715,0.3051679730415344,0.4334593117237091,1600.3408733031765,0.07581624600909442,country
-143.12673950195312,121.89800262451172,-13.344369888305664,47.77784729003906,-12.660494804382324,23.372251510620117,-10.99492073059082,18.85610008239746,-13.706635475158691,15.95097541809082,-11.356477737426758,10.288700103759766,-6.0024847984313965,0.47668933868408203,0.2975497245788574,0.387087345123291,0.3081240653991699,0.3983280062675476,0.30187082290649414,0.2689792215824127,0.4162968099117279,0.32813432812690735,0.44482696056365967,0.2825802266597748,0.3013817369937897,1779.496144918959,0.07890693026799536,country
-204.71435546875,121.915771484375,-17.7427978515625,46.32460021972656,-1.7955845594406128,17.031993865966797,-14.699761390686035,14.66740608215332,-19.392902374267578,10.90363597869873,-13.474712371826172,1.2002156972885132,-6.213006019592285,0.2254866659641266,0.1268320530653,0.10145241767168045,0.2288711667060852,0.380848228931427,0.278717577457428,0.2931450307369232,0.2462669312953949,0.401752769947052,0.37876707315444946,0.2741332948207855,0.3597916066646576,1552.7721617035625,0.0592494527621904,country
-265.2758483886719,138.8597869873047,6.141732692718506,47.49591827392578,-2.3968024253845215,21.038162231445312,4.086073398590088,17.653968811035156,-12.029909133911133,15.491059303283691,-1.1331512928009033,7.889359474182129,0.49858158826828003,0.46265068650245667,0.25753527879714966,0.22311486303806305,0.2552226185798645,0.44374778866767883,0.5455313324928284,0.3551313281059265,0.39432665705680847,0.27725303173065186,0.26225745677948,0.20403996109962463,0.2642366588115692,1115.7881616130558,0.03547446425116099,country
-84.74407196044922,100.98661041259766,-16.020492553710938,51.76194763183594,-17.082294464111328,22.577102661132812,-20.2999267578125,18.914926528930664,-19.4926815032959,15.328481674194336,-17.741413116455078,8.583118438720703,-15.0005521774292,0.2859400808811188,0.32455018162727356,0.37988483905792236,0.3684336543083191,0.5990750789642334,0.341789186000824,0.3059839904308319,0.3565393388271332,0.34633633494377136,0.5382805466651917,0.3512853682041168,0.28214031457901,2271.2893251438104,0.10825444744098298,country
-175.01629638671875,115.70677947998047,5.106450080871582,58.16065216064453,-3.3279542922973633,29.664283752441406,-10.028761863708496,19.655780792236328,-16.303510665893555,13.737743377685547,-8.819840431213379,7.224039554595947,-8.892760276794434,0.2528243362903595,0.20953287184238434,0.4056381285190582,0.39825180172920227,0.3005858063697815,0.3220227360725403,0.24807821214199066,0.35157161951065063,0.3108915090560913,0.30116474628448486,0.4088611304759979,0.24380311369895935,1654.6143319062874,0.06020787478231424,country
-82.96261596679688,122.53280639648438,-16.65855598449707,40.01591110229492,-15.00722885131836,21.670377731323242,-18.256282806396484,18.36186408996582,-17.988773345947266,16.99161148071289,-16.0396728515625,8.533731460571289,-8.70678424835205,0.3024228513240814,0.3123905062675476,0.2600023150444031,0.40560784935951233,0.470005601644516,0.2763131558895111,0.3164278566837311,0.2955378592014313,0.478172242641449,0.37022078037261963,0.324739009141922,0.47308287024497986,1881.161817758554,0.08110419589299536,country
-164.79193115234375,123.42044830322266,4.234655380249023,48.788734436035156,-5.151331424713135,22.84455108642578,-7.805298328399658,19.29429817199707,-11.0244140625,21.256271362304688,-9.740571022033691,5.1541314125061035,-6.141110420227051,0.3612822890281677,0.24773947894573212,0.2080206423997879,0.15535147488117218,0.2723730504512787,0.6051998138427734,0.36434224247932434,0.2882857322692871,0.27753815054893494,0.43273821473121643,0.3763585388660431,0.24074529111385345,1468.7461596453222,0.054941088791602165,country
-137.88375854492188,121.52389526367188,-13.267189979553223,43.3187255859375,-10.709388732910156,17.858776092529297,-7.949545383453369,9.089491844177246,-19.792675018310547,9.440964698791504,-19.598379135131836,6.90787410736084,-12.54389476776123,0.28796449303627014,0.3578193187713623,0.23246750235557556,0.36874788999557495,0.2304743230342865,0.24847887456417084,0.2639365792274475,0.2794802784919739,0.5628990530967712,0.398456871509552,0.33393242955207825,0.21567994356155396,1741.8149971403934,0.07543756349167957,country
-101.38996124267578,120.45384979248047,-0.4065871238708496,49.04241943359375,-15.863625526428223,19.87376594543457,-13.094367027282715,18.574186325073242,-15.7069673538208,15.254117965698242,-5.9068427085876465,6.647347450256348,-10.359329223632812,0.32209861278533936,0.2124897688627243,0.31843140721321106,0.5219454169273376,0.3460996150970459,0.41030552983283997,0.28638845682144165,0.3163573741912842,0.26881301403045654,0.2949436902999878,0.5645828247070312,0.3133622407913208,1796.1137426759592,0.07327015407314241,country
-185.11380004882812,120.50994110107422,29.717456817626953,56.40028762817383,-3.0346620082855225,22.222614288330078,-10.344738960266113,20.05401039123535,-13.685050964355469,9.17043685913086,-6.428536415100098,3.296780824661255,-8.737771987915039,0.18760517239570618,0.13434870541095734,0.21470944583415985,0.3946267366409302,0.25746870040893555,0.3199365735054016,0.2746811807155609,0.449275404214859,0.42793402075767517,0.290388822555542,0.2887314558029175,0.172882542014122,1535.3805435364122,0.052538986914667185,country
-178.51937866210938,130.1326904296875,12.088971138000488,47.05108642578125,2.622490644454956,24.09434700012207,-4.627711772918701,22.772083282470703,-10.941143035888672,13.5391263961792,-6.809722900390625,8.712160110473633,-6.090920448303223,0.48721957206726074,0.27028703689575195,0.23183684051036835,0.21975353360176086,0.352872371673584,0.49097535014152527,0.41952013969421387,0.4466085135936737,0.3324427604675293,0.33111441135406494,0.24754288792610168,0.2744446396827698,1373.0379665331902,0.04291659612035604,country
-186.3923797607422,135.86007690429688,5.928499221801758,45.86050033569336,-5.7662763595581055,22.786792755126953,-13.002945899963379,17.122373580932617,-13.756378173828125,9.734512329101562,-8.36888599395752,6.6592278480529785,-9.091540336608887,0.15060625970363617,0.29895704984664917,0.4373871088027954,0.2550759017467499,0.29143136739730835,0.15945997834205627,0.23860768973827362,0.28944408893585205,0.3923190236091614,0.677494466304779,0.3518567979335785,0.23085343837738037,1397.840984804417,0.048586629861648606,country
-94.09416961669922,109.16863250732422,-11.849949836730957,41.56547546386719,-19.475982666015625,23.831954956054688,-19.935585021972656,20.37474822998047,-17.28199005126953,16.585615158081055,-10.199128150939941,9.39206600189209,-10.051931381225586,0.33516165614128113,0.3869299292564392,0.5767059922218323,0.42654773592948914,0.4425508379936218,0.39907053112983704,0.3469398319721222,0.3145996332168579,0.36108624935150146,0.5269958972930908,0.28202560544013977,0.2858580946922302,2167.0242315710375,0.10237579818111456,country
-185.422607421875,118.46734619140625,17.795289993286133,48.88768768310547,-2.16080641746521,21.370107650756836,-9.0011625289917,20.535987854003906,-11.416626930236816,9.282177925109863,-5.481672286987305,5.754807949066162,-2.9795713424682617,0.29398876428604126,0.3803144693374634,0.47583824396133423,0.3330623209476471,0.37840738892555237,0.28706347942352295,0.3856181204319,0.281602144241333,0.21900665760040283,0.2837980389595032,0.2996118366718292,0.38893505930900574,1615.0641667795348,0.058282716355456655,country
-217.74221801757812,128.346923828125,-7.513692855834961,39.2650032043457,-2.5556235313415527,18.173011779785156,-15.16671085357666,16.770923614501953,-15.265886306762695,4.899211406707764,-6.513762474060059,2.8973584175109863,-11.506306648254395,0.3138984739780426,0.21534717082977295,0.2360142320394516,0.25578197836875916,0.33189743757247925,0.5469388961791992,0.27878499031066895,0.28720274567604065,0.20994579792022705,0.19205953180789948,0.15337486565113068,0.1383948177099228,1512.285769157878,0.060115282749613,country
-250.87863159179688,163.0983123779297,-3.8807103633880615,30.153528213500977,5.576422214508057,7.496038436889648,4.024819850921631,-2.110605239868164,-5.470409870147705,-1.058341145515442,-9.981245994567871,1.818381667137146,-8.760416030883789,0.24495479464530945,0.2276124507188797,0.14058658480644226,0.2042442262172699,0.3166545033454895,0.2854708135128021,0.3571526110172272,0.27866870164871216,0.37647444009780884,0.33484572172164917,0.2672165036201477,0.3597533404827118,894.2258292361456,0.038680794069272446,country
-102.51608276367188,135.72169494628906,-46.895442962646484,32.74629592895508,-11.160360336303711,23.465744018554688,-9.7664213180542,16.901647567749023,-11.685101509094238,13.207406044006348,-7.1831440925598145,4.735628128051758,-8.202425003051758,0.16779297590255737,0.24855905771255493,0.33179524540901184,0.23446542024612427,0.4512852132320404,0.25920093059539795,0.32590028643608093,0.3556375801563263,0.3136148452758789,0.6587488055229187,0.2704598605632782,0.23111788928508759,1701.133231854635,0.09886750495839783,country
-328.7254638671875,167.05113220214844,12.98838996887207,28.820632934570312,11.246061325073242,14.42672348022461,11.70595932006836,7.804121971130371,-11.729083061218262,2.385380983352661,-8.34757137298584,-3.857314109802246,-6.7459235191345215,0.3398604393005371,0.3718282878398895,0.2967384159564972,0.3253302574157715,0.31921660900115967,0.37915122509002686,0.25290289521217346,0.27696165442466736,0.3784732520580292,0.3086451590061188,0.339856892824173,0.2666129171848297,857.9961382033647,0.03538187221845975,country
-229.46890258789062,157.3128204345703,-16.762048721313477,31.87986183166504,-0.11036970466375351,16.656442642211914,1.355171799659729,12.223306655883789,-3.862504720687866,6.839231491088867,-4.263226509094238,1.3375680446624756,-5.895663261413574,0.24516913294792175,0.3887263238430023,0.4616760015487671,0.3429388105869293,0.3292616605758667,0.3015311360359192,0.4491012692451477,0.2831572890281677,0.31443166732788086,0.4558332562446594,0.33894625306129456,0.2818756699562073,1130.9407637739448,0.050243082430340556,country
-217.1639404296875,136.16940307617188,-10.362345695495605,51.38904571533203,2.612236976623535,15.127789497375488,-0.6809203028678894,12.287425994873047,-6.226423263549805,7.8023223876953125,-5.409078598022461,3.6247036457061768,-2.8072168827056885,0.20630916953086853,0.37514740228652954,0.5760189294815063,0.3349876403808594,0.26918825507164,0.22505003213882446,0.33582380414009094,0.3393835425376892,0.37896305322647095,0.5802433490753174,0.3168187141418457,0.2879626452922821,1327.824096106779,0.06108731012964396,country
-99.320068359375,117.56864166259766,-29.88463020324707,40.83229064941406,-15.263144493103027,27.980680465698242,-11.95539665222168,13.331402778625488,-11.367624282836914,10.538833618164062,-8.748047828674316,8.410869598388672,-6.844215393066406,0.2969188690185547,0.3174959719181061,0.2707419693470001,0.44086307287216187,0.5798165798187256,0.3441195785999298,0.34008949995040894,0.2801194489002228,0.3957894444465637,0.3837319612503052,0.3051292300224304,0.4247259497642517,1935.1584683595631,0.09476964613970588,country
-185.85665893554688,155.2994384765625,-25.034076690673828,20.532516479492188,-3.834843873977661,-0.6002929210662842,-4.568850994110107,-5.9145917892456055,-16.538049697875977,-0.45218414068222046,-16.3022518157959,-4.2136077880859375,-16.815841674804688,0.19638867676258087,0.23038333654403687,0.42468908429145813,0.26773974299430847,0.29534590244293213,0.18918481469154358,0.28661251068115234,0.28556230664253235,0.2577960193157196,0.3618271052837372,0.2834447920322418,0.4287377595901489,1261.3177003596356,0.060543095733359135,country
-96.2829818725586,131.92025756835938,-26.3221378326416,35.982154846191406,-22.80771255493164,14.489156723022461,-11.834168434143066,11.801549911499023,-21.218061447143555,11.527786254882812,-12.925013542175293,7.176230430603027,-13.9385404586792,0.2491334080696106,0.4854218661785126,0.3710383176803589,0.23580479621887207,0.3294580578804016,0.3031979203224182,0.4974818229675293,0.29918739199638367,0.3245006203651428,0.4971367418766022,0.29696470499038696,0.2523145079612732,1711.2104216664566,0.08227350099167957,country
-167.00982666015625,132.44342041015625,-17.294891357421875,46.93230438232422,-3.6503565311431885,20.946674346923828,-8.8304443359375,8.546585083007812,-15.151556015014648,8.105513572692871,-16.944101333618164,6.647017478942871,-10.924016952514648,0.36888840794563293,0.3025287985801697,0.24084867537021637,0.34523510932922363,0.38462212681770325,0.29486170411109924,0.45528632402420044,0.34055665135383606,0.38551458716392517,0.3653227984905243,0.39428484439849854,0.6213245987892151,1549.1920056300596,0.06975279061048761,country
-207.2761688232422,130.9469757080078,-18.496767044067383,33.29912567138672,-3.922163724899292,15.39346694946289,-6.382999420166016,2.951951742172241,-16.78615379333496,7.084848880767822,-8.594070434570312,4.795649528503418,-12.250598907470703,0.35197654366493225,0.30720657110214233,0.49435919523239136,0.3416617512702942,0.2652886211872101,0.20216770470142365,0.3619880676269531,0.5635551810264587,0.34209999442100525,0.3793678283691406,0.2829350531101227,0.3684740662574768,1533.8625889630157,0.07112353062113003,country
-60.84931182861328,105.47065734863281,-16.914596557617188,40.70117950439453,-15.038137435913086,36.04629898071289,-12.81877326965332,17.48331642150879,-16.75531768798828,11.757575988769531,-10.13022518157959,13.194356918334961,-12.209436416625977,0.21290165185928345,0.2947869300842285,0.31451889872550964,0.4008001685142517,0.6376704573631287,0.3088987469673157,0.3471975326538086,0.4584680199623108,0.38674694299697876,0.5467197299003601,0.317730188369751,0.23525528609752655,2187.464108981412,0.11375403625677244,country
-183.97171020507812,159.8199462890625,-23.171310424804688,43.05397415161133,-9.468153953552246,8.831391334533691,-1.6515100002288818,4.351795673370361,-13.370458602905273,0.8398634195327759,-13.976324081420898,1.4428530931472778,-7.390411853790283,0.2210383415222168,0.29540979862213135,0.41105368733406067,0.290438711643219,0.3279269337654114,0.23515135049819946,0.2710255980491638,0.20833365619182587,0.25206637382507324,0.48078653216362,0.2839747369289398,0.2904873192310333,1321.5897450564103,0.0665252968991873,country
-118.23319244384766,152.9431915283203,-46.513092041015625,31.120494842529297,-17.28691291809082,6.277331829071045,-3.6798624992370605,13.048770904541016,-13.126936912536621,15.70604419708252,-13.07692813873291,5.701762676239014,-10.694594383239746,0.5940151810646057,0.24348777532577515,0.24944551289081573,0.2097029983997345,0.3530009984970093,0.5141792297363281,0.2619686424732208,0.40027284622192383,0.2936917841434479,0.39903542399406433,0.2355727255344391,0.2931312024593353,1513.1966226436089,0.08784300624032508,country
-302.5818176269531,150.15966796875,-3.7027955055236816,26.92380714416504,-0.2633158564567566,13.522551536560059,7.248563289642334,4.217867851257324,1.7668282985687256,6.563311576843262,-0.48897069692611694,7.896579742431641,1.3293300867080688,0.3765539526939392,0.39626118540763855,0.3581884503364563,0.4011523723602295,0.4408930242061615,0.31365033984184265,0.32437652349472046,0.2581435739994049,0.3577284514904022,0.4134850800037384,0.4043736457824707,0.47072792053222656,1143.943990289628,0.04985797515963622,country
-229.14720153808594,180.35635375976562,4.520905494689941,24.184404373168945,1.1109343767166138,3.9924354553222656,-5.99603271484375,1.8722158670425415,-13.136268615722656,0.004707171116024256,-13.499958038330078,1.5836844444274902,-13.435796737670898,0.40901240706443787,0.21867536008358002,0.2999451458454132,0.24163936078548431,0.45526987314224243,0.3521099388599396,0.2593403458595276,0.4713013768196106,0.2526981830596924,0.30822819471359253,0.18266312777996063,0.272064745426178,963.1958805922379,0.04576843072755418,country
-100.9559555053711,111.60762023925781,-13.15213394165039,44.59754943847656,-5.961039066314697,29.337100982666016,-7.956896781921387,19.591026306152344,-22.446842193603516,17.270526885986328,-17.831653594970703,11.408343315124512,-12.451891899108887,0.3017368018627167,0.3505522906780243,0.6034161448478699,0.4613066017627716,0.2721840441226959,0.22461596131324768,0.38877102732658386,0.43410632014274597,0.34445473551750183,0.4929320216178894,0.37635451555252075,0.3973265290260315,2049.8940197396387,0.08940724470297988,country
-74.14830017089844,107.63804626464844,-21.198165893554688,47.23445510864258,-5.976315498352051,17.81209373474121,-20.399551391601562,14.992423057556152,-15.965241432189941,15.7340726852417,-14.664024353027344,10.681490898132324,-10.128546714782715,0.3227464556694031,0.3285999000072479,0.34286385774612427,0.36174240708351135,0.5066086649894714,0.30714118480682373,0.2886427640914917,0.31173425912857056,0.4165792465209961,0.5476252436637878,0.3876609802246094,0.42289602756500244,2101.538599563589,0.10102962340363777,country
-68.6235122680664,101.3541259765625,-16.908740997314453,51.52635192871094,-10.228339195251465,20.050033569335938,-21.784996032714844,15.524762153625488,-18.795236587524414,16.359054565429688,-17.89385414123535,12.126648902893066,-13.205328941345215,0.351911336183548,0.33027663826942444,0.4483484923839569,0.3822387456893921,0.39022737741470337,0.35133886337280273,0.406574010848999,0.5471935272216797,0.37354525923728943,0.37753620743751526,0.3139878511428833,0.3568137288093567,2253.250681954205,0.10609270692240712,country
-148.5599365234375,141.28050231933594,-15.883042335510254,44.655067443847656,0.9918707013130188,13.662191390991211,-13.24034309387207,12.651496887207031,-11.702235221862793,12.159911155700684,-10.476021766662598,9.908224105834961,-5.055812835693359,0.26989468932151794,0.3416088819503784,0.2411794811487198,0.31908541917800903,0.3975381851196289,0.24863693118095398,0.2892707288265228,0.25569576025009155,0.4327142536640167,0.3557390868663788,0.28142184019088745,0.387595534324646,1436.0348088902886,0.05955141616679566,country
-80.23638916015625,108.18648529052734,-23.827434539794922,52.601409912109375,-6.424084186553955,15.064199447631836,-17.635906219482422,9.739015579223633,-16.176488876342773,8.906126022338867,-15.964033126831055,8.00182819366455,-10.704085350036621,0.3410800099372864,0.27706602215766907,0.4412651062011719,0.2744830250740051,0.2926624119281769,0.22172531485557556,0.26487085223197937,0.4068867266178131,0.2823215425014496,0.3965283930301666,0.26374274492263794,0.3741477429866791,1965.276613746473,0.09301795605166409,country
-146.04881286621094,124.64810180664062,-17.922836303710938,49.22504425048828,-0.1794755756855011,22.789756774902344,-7.173457622528076,16.74798011779785,-9.723663330078125,15.444622993469238,-7.621331214904785,10.908756256103516,-3.455136299133301,0.2253563404083252,0.30725687742233276,0.28550687432289124,0.33604565262794495,0.5213761329650879,0.3410698473453522,0.30465301871299744,0.21882034838199615,0.37224042415618896,0.5057223439216614,0.3081800937652588,0.329052209854126,1596.2209122528532,0.06926526521381579,country
-122.42741394042969,111.48313903808594,-13.694293975830078,53.82840347290039,-2.6777656078338623,19.677549362182617,-14.138922691345215,13.74367618560791,-14.016459465026855,14.626712799072266,-13.993216514587402,9.218205451965332,-10.559242248535156,0.38913893699645996,0.3365221619606018,0.3981960415840149,0.41483813524246216,0.3574164807796478,0.446814626455307,0.32249200344085693,0.3358714282512665,0.2733774185180664,0.37093105912208557,0.46467581391334534,0.3523281216621399,1879.9377906980571,0.07831736467202012,country
-170.9006805419922,124.81326293945312,-19.26219367980957,39.20719909667969,-3.75510573387146,15.289896965026855,-12.972991943359375,8.530163764953613,-11.833666801452637,11.321371078491211,-13.773078918457031,3.102463960647583,-10.078783988952637,0.3331688940525055,0.26487022638320923,0.3649671673774719,0.2731228470802307,0.37381142377853394,0.23617327213287354,0.27039939165115356,0.48070070147514343,0.3221990764141083,0.3547608554363251,0.28091663122177124,0.3861016035079956,1589.6339834802307,0.07391451903541021,country
-121.94322204589844,123.23765563964844,-8.495368957519531,51.59637451171875,-0.10351298004388809,20.406999588012695,-11.875410079956055,16.275983810424805,-11.508769035339355,11.847225189208984,-8.08565616607666,9.130350112915039,-8.638808250427246,0.27207642793655396,0.3314756155014038,0.26022884249687195,0.3851607143878937,0.46274232864379883,0.3147691488265991,0.3570905327796936,0.2985338270664215,0.41971099376678467,0.4173600971698761,0.3419888913631439,0.38260936737060547,1623.0094789002958,0.06606309258900929,country
-205.14923095703125,140.98760986328125,-8.957965850830078,36.97944259643555,6.425442695617676,14.875374794006348,-4.318117618560791,12.23244571685791,-11.431656837463379,11.850926399230957,-7.903382301330566,9.912310600280762,-2.351649761199951,0.28979864716529846,0.3907008171081543,0.3500703275203705,0.24239179491996765,0.2949354350566864,0.2491278350353241,0.26476627588272095,0.21237768232822418,0.3576790988445282,0.5257365107536316,0.34390777349472046,0.34395983815193176,1321.7303763628809,0.05250308388157895,country
-91.68522644042969,115.86115264892578,-30.20094871520996,52.27314758300781,-5.025163650512695,16.953514099121094,-15.656588554382324,13.539406776428223,-12.762941360473633,15.96912670135498,-11.96989631652832,11.058927536010742,-9.962003707885742,0.29576629400253296,0.3374830186367035,0.24843011796474457,0.3982715308666229,0.48442745208740234,0.3638690114021301,0.49671095609664917,0.3345673084259033,0.41613906621932983,0.2745853364467621,0.3261309266090393,0.4779006838798523,1927.440445022141,0.0990303913506192,country
-193.78868103027344,125.56073760986328,-20.924123764038086,46.3380012512207,-2.685431718826294,12.833369255065918,-6.601934432983398,10.727055549621582,-10.907483100891113,6.1092729568481445,-9.442731857299805,5.163946628570557,-3.6584970951080322,0.3488733768463135,0.3001886308193207,0.3850906193256378,0.4756801426410675,0.32246166467666626,0.40201106667518616,0.30212920904159546,0.3598155081272125,0.3267327547073364,0.3132770359516144,0.39741775393486023,0.3064892888069153,1563.418330602126,0.06475622218459752,country
-50.776329040527344,96.7171630859375,-24.326112747192383,66.07612609863281,-14.680636405944824,24.391263961791992,-21.017484664916992,12.469586372375488,-18.13181495666504,13.26716423034668,-12.802163124084473,9.79845142364502,-11.344080924987793,0.2711215317249298,0.2868371605873108,0.4721181392669678,0.40720507502555847,0.45137131214141846,0.26809585094451904,0.3683644235134125,0.5441292524337769,0.40210509300231934,0.37562161684036255,0.26931142807006836,0.33000507950782776,2334.872868912086,0.12121959957914087,country
-213.60235595703125,117.21269989013672,-21.871768951416016,45.65765380859375,-10.274457931518555,5.0603156089782715,-11.910964965820312,5.5678558349609375,-17.80463218688965,0.18699952960014343,-14.165857315063477,-1.1532572507858276,-10.30638313293457,0.12034943699836731,0.20670479536056519,0.3272709548473358,0.20982715487480164,0.2502954602241516,0.18342730402946472,0.31962984800338745,0.38152894377708435,0.25892454385757446,0.35481902956962585,0.19254040718078613,0.20459215342998505,1537.7642290059293,0.068123926688274,country
-104.37175750732422,136.39382934570312,-20.94023895263672,52.86117172241211,2.0258889198303223,20.427709579467773,-11.619366645812988,17.663803100585938,-15.735387802124023,11.049824714660645,-11.320436477661133,3.6714112758636475,-6.496494293212891,0.456886887550354,0.2829989492893219,0.2993488013744354,0.26371100544929504,0.35568472743034363,0.36626696586608887,0.3579150140285492,0.5967020988464355,0.40349557995796204,0.3815021812915802,0.26300349831581116,0.3737560212612152,1474.927396796844,0.06299281636996903,country
-124.83956909179688,127.38223266601562,-23.38180923461914,47.3604621887207,0.5631107687950134,15.991254806518555,-9.954187393188477,16.18013572692871,-16.729549407958984,6.78519868850708,-8.187068939208984,3.2049856185913086,-1.5920391082763672,0.2727636396884918,0.2662457525730133,0.45470455288887024,0.3458337187767029,0.33625346422195435,0.3944743871688843,0.28711366653442383,0.3828699588775635,0.2581856846809387,0.3722437918186188,0.33290520310401917,0.2404600977897644,1555.9530444453296,0.0672293742743808,country
-69.88548278808594,124.21145629882812,-32.470191955566406,47.69470977783203,1.3983787298202515,22.6176700592041,-8.754297256469727,21.443510055541992,-15.665969848632812,15.743200302124023,-12.42722225189209,9.581969261169434,-9.056124687194824,0.24956487119197845,0.28991276025772095,0.5823785066604614,0.2524244487285614,0.21662244200706482,0.18787027895450592,0.36404311656951904,0.5042922496795654,0.2816547155380249,0.39392563700675964,0.24260982871055603,0.3432947099208832,1754.1360136048193,0.09739925986842106,country
-148.44178771972656,126.85914611816406,-19.540855407714844,52.850608825683594,8.579708099365234,17.891021728515625,-8.081844329833984,17.78145980834961,-15.505313873291016,13.504546165466309,-10.957894325256348,9.476343154907227,-1.9246050119400024,0.3550005257129669,0.27416712045669556,0.34448713064193726,0.2676202058792114,0.2956271767616272,0.4791979193687439,0.327870637178421,0.39832618832588196,0.3695492148399353,0.4457497000694275,0.34831735491752625,0.2700808346271515,1560.8796813263718,0.06718742441466719,country
-139.62306213378906,128.7935333251953,-20.249359130859375,49.4436149597168,-2.16036057472229,16.98802375793457,-8.35529613494873,9.8182954788208,-20.150693893432617,2.501784086227417,-11.247767448425293,3.7660369873046875,-6.424686908721924,0.3236798048019409,0.18547020852565765,0.24020491540431976,0.18311335146427155,0.3011839687824249,0.32276833057403564,0.25847795605659485,0.4363713264465332,0.23537488281726837,0.26238176226615906,0.17992675304412842,0.3219713270664215,1425.2635079969477,0.0617449025251548,country
-42.16572189331055,106.2783203125,-24.220882415771484,44.67146682739258,-12.335060119628906,20.518545150756836,-16.044445037841797,18.488561630249023,-18.781009674072266,15.510899543762207,-15.464725494384766,8.930742263793945,-9.987847328186035,0.32071298360824585,0.4431329369544983,0.32231956720352173,0.3350710868835449,0.31806859374046326,0.42882177233695984,0.6389221549034119,0.3550823926925659,0.33893924951553345,0.2976546883583069,0.34263747930526733,0.4307587742805481,2157.205776680438,0.1082567150009675,country
-111.17790985107422,94.03520202636719,12.515315055847168,16.740259170532227,8.181676864624023,15.667252540588379,-1.3758587837219238,7.039429664611816,0.9736096858978271,-1.4805396795272827,-3.069302558898926,-5.0681891441345215,-3.6841273307800293,0.317711740732193,0.3926256597042084,0.5103671550750732,0.4343743622303009,0.4930369257926941,0.48159101605415344,0.5762194395065308,0.4789125323295593,0.42832309007644653,0.41171637177467346,0.36879536509513855,0.4567333161830902,2297.0855298395068,0.09633501838235294,disco
-28.93470573425293,51.97178649902344,-7.610494613647461,21.60556411743164,8.1283597946167,18.120981216430664,6.875497341156006,6.584002494812012,0.7281345725059509,11.147645950317383,-1.8413448333740234,1.6686252355575562,-2.6266403198242188,0.40078607201576233,0.3222646117210388,0.35982367396354675,0.4585120975971222,0.5937227606773376,0.4155083894729614,0.3546091318130493,0.38139840960502625,0.4312869906425476,0.4715276062488556,0.327091246843338,0.42587658762931824,3290.4921281244474,0.18854685685952013,disco
-53.18524932861328,57.17845916748047,21.168882369995117,11.324464797973633,18.122360229492188,1.6665679216384888,0.34381619095802307,2.3195996284484863,-5.1097412109375,2.749939441680908,3.152879238128662,-5.519138813018799,-3.1672284603118896,0.3196161091327667,0.3119993507862091,0.37137848138809204,0.3714104890823364,0.5160928964614868,0.5069992542266846,0.5736419558525085,0.43112796545028687,0.3644232749938965,0.4436972439289093,0.3352171778678894,0.39714065194129944,3591.73383244625,0.1533482790731424,disco
-44.23429489135742,52.21940231323242,3.3025825023651123,43.80800247192383,12.616857528686523,24.422096252441406,4.970883846282959,15.33407974243164,2.0627644062042236,10.375375747680664,-1.5161041021347046,8.840580940246582,0.42485904693603516,0.6620763540267944,0.45901769399642944,0.357286661863327,0.39380547404289246,0.40625622868537903,0.4287315011024475,0.3510917127132416,0.485268235206604,0.48363813757896423,0.6118593811988831,0.6933462619781494,0.6055483222007751,3048.5690425083776,0.14965177837171054,disco
-83.58349609375,64.47946166992188,5.655917644500732,2.701164722442627,0.7903159856796265,6.170802116394043,1.8922690153121948,1.9798595905303955,-1.816444993019104,1.857466459274292,2.459876298904419,-0.2279338240623474,2.955510139465332,0.2964767813682556,0.3477014899253845,0.28332027792930603,0.3725786507129669,0.4299924373626709,0.32134339213371277,0.4173685908317566,0.3200801908969879,0.45330891013145447,0.41638076305389404,0.3897209167480469,0.5374495387077332,3328.830808812161,0.16905150989260836,disco
-24.691768646240234,73.74320220947266,-11.558470726013184,28.394289016723633,6.2409563064575195,2.4656214714050293,8.634088516235352,12.309107780456543,-4.102859020233154,13.385866165161133,1.9154304265975952,-0.9733684659004211,0.6083648204803467,0.4573880136013031,0.37007322907447815,0.4556814432144165,0.388662189245224,0.49963483214378357,0.40337714552879333,0.37892788648605347,0.55491703748703,0.48633813858032227,0.5392054915428162,0.3961843252182007,0.46093153953552246,2722.0804866206827,0.14455203596652477,disco
-14.574394226074219,65.21034240722656,-19.872638702392578,31.508325576782227,-4.826449394226074,11.862319946289062,9.994608879089355,5.957391262054443,-3.8033692836761475,9.377888679504395,-4.387916088104248,3.339540958404541,-4.444170951843262,0.4510386884212494,0.48132428526878357,0.3970595896244049,0.5355883240699768,0.4867514371871948,0.33870232105255127,0.42649778723716736,0.5258799195289612,0.6559699773788452,0.4179198443889618,0.45397570729255676,0.5171439051628113,2848.2245207476594,0.16366529907604488,disco
-53.4480094909668,56.161033630371094,-6.320986747741699,31.619056701660156,4.653374671936035,16.347412109375,4.119816780090332,1.8823281526565552,-0.3882387578487396,2.495932102203369,-0.5415108799934387,0.9562786221504211,0.4956481158733368,0.4333389699459076,0.483173668384552,0.35673677921295166,0.3403274416923523,0.44492676854133606,0.41432464122772217,0.41831496357917786,0.35520654916763306,0.47262629866600037,0.5628279447555542,0.4193960428237915,0.4775960445404053,3099.1841465490747,0.1402841101489938,disco
-32.4671745300293,65.00106811523438,-26.697555541992188,30.282535552978516,5.743128776550293,11.739748001098633,-2.158412456512451,10.449981689453125,-2.361821174621582,5.323516368865967,-3.8081305027008057,-0.8611962199211121,-0.18782520294189453,0.4225410521030426,0.5016008019447327,0.39938884973526,0.44684258103370667,0.3832629323005676,0.5177702307701111,0.491615891456604,0.41731348633766174,0.5798384547233582,0.4587620496749878,0.45281943678855896,0.39233946800231934,2802.541418287883,0.16440792497097523,disco
-68.97056579589844,63.13103485107422,-15.85486125946045,28.00218963623047,8.183475494384766,7.321165084838867,-4.936118125915527,9.494792938232422,-0.9736146926879883,-1.603598713874817,-6.19012975692749,-3.9367525577545166,-1.1710127592086792,0.5567885637283325,0.48003309965133667,0.5719575881958008,0.49320435523986816,0.3802413046360016,0.5341897010803223,0.3870432674884796,0.386025995016098,0.2899268567562103,0.30293914675712585,0.4445098340511322,0.47899121046066284,3016.630571985955,0.17065354102167182,disco
-6.7841386795043945,61.12632369995117,-16.656654357910156,27.431991577148438,7.72236442565918,16.008893966674805,4.634706497192383,11.44950008392334,0.33629199862480164,9.83217716217041,3.185621738433838,5.025588035583496,-1.862208366394043,0.43994277715682983,0.4550085961818695,0.39158138632774353,0.468740314245224,0.4246522784233093,0.5012540817260742,0.3924284279346466,0.3825237452983856,0.49884331226348877,0.4206946790218353,0.48948386311531067,0.3855339586734772,2877.646855543141,0.15032410990712075,disco
-41.32794952392578,62.79434585571289,7.325326919555664,12.125494003295898,6.356637477874756,9.265048027038574,3.093090057373047,13.867353439331055,0.1636040210723877,8.06710147857666,-2.6970009803771973,-7.219517230987549,-3.245378255844116,0.3549961447715759,0.2670240104198456,0.26480597257614136,0.2873532176017761,0.3311002254486084,0.2604038417339325,0.27304089069366455,0.45629626512527466,0.47129708528518677,0.6159603595733643,0.4860943853855133,0.4156360328197479,3132.849239309041,0.13097653226586686,disco
-57.66926956176758,68.38035583496094,-15.251751899719238,23.414113998413086,14.855438232421875,13.172660827636719,2.1979193687438965,12.811308860778809,0.06121476739645004,12.777957916259766,0.0394057035446167,3.369821548461914,0.8151105046272278,0.549065113067627,0.42336738109588623,0.37392354011535645,0.34937557578086853,0.4121292531490326,0.34279754757881165,0.3423518240451813,0.4814106822013855,0.46265101432800293,0.523391842842102,0.42847543954849243,0.45661330223083496,2739.0755703377026,0.13174939229392416,disco
-40.07042694091797,56.2091064453125,23.67975425720215,31.92544937133789,2.4516677856445312,2.5737195014953613,-2.4787795543670654,3.0920588970184326,1.8828638792037964,3.350965738296509,0.0001427854149369523,-1.5209647417068481,-2.4554946422576904,0.2684252858161926,0.3110887408256531,0.3853693902492523,0.4173413813114166,0.5816738605499268,0.49486956000328064,0.47304490208625793,0.4808192253112793,0.4437539279460907,0.4585888683795929,0.3592444658279419,0.38168296217918396,3391.8321168993366,0.15957688842395512,disco
-23.927661895751953,61.22075653076172,-0.9586992263793945,25.331012725830078,0.39423465728759766,6.030254364013672,2.489081621170044,6.189191818237305,-0.3292669653892517,9.69687557220459,-5.507835388183594,1.06181800365448,-2.436964750289917,0.5521474480628967,0.32815849781036377,0.2911868691444397,0.3804513216018677,0.41945192217826843,0.6166234016418457,0.4280034601688385,0.41209861636161804,0.4307481050491333,0.4084431231021881,0.5546967387199402,0.4125521183013916,3087.483970853388,0.156306688999613,disco
-46.826416015625,103.72579956054688,22.14641571044922,9.23317813873291,2.2635014057159424,-4.791667938232422,4.809458255767822,0.9585230350494385,-9.410541534423828,-1.0655137300491333,-0.8630862236022949,-5.274380207061768,-1.7578693628311157,0.3926328420639038,0.3217516541481018,0.46526631712913513,0.3905995786190033,0.5191746950149536,0.3970898687839508,0.45181646943092346,0.4782741367816925,0.2985859215259552,0.44613412022590637,0.3136076033115387,0.5007898807525635,2361.735960891677,0.09018917497097523,disco
-36.030982971191406,83.65930938720703,-2.7294113636016846,32.392513275146484,9.196341514587402,4.13421630859375,0.03383898735046387,11.114394187927246,-2.890820264816284,7.905869007110596,0.6144370436668396,3.6502342224121094,3.751537799835205,0.45528966188430786,0.5078770518302917,0.45548057556152344,0.4513836205005646,0.5272886157035828,0.40566474199295044,0.41065743565559387,0.33931905031204224,0.33447593450546265,0.43390899896621704,0.41866534948349,0.47481292486190796,2522.8702609517236,0.11443506010545666,disco
-98.15684509277344,92.40119171142578,2.6636738777160645,19.337894439697266,3.5860509872436523,-1.7657077312469482,-1.7049834728240967,-3.1714422702789307,-9.092040061950684,-4.0804572105407715,-5.185576438903809,-5.487850189208984,-4.233516216278076,0.4866544306278229,0.36136963963508606,0.5287780165672302,0.43136167526245117,0.38047558069229126,0.43285655975341797,0.3746722340583801,0.5203524231910706,0.2694105803966522,0.28423163294792175,0.44647008180618286,0.33975037932395935,2564.6775896822555,0.12076004075561146,disco
-73.15040588378906,71.75239562988281,12.095571517944336,1.3943438529968262,4.529426097869873,10.863226890563965,3.8709230422973633,0.9386609792709351,-5.979771614074707,9.034467697143555,-2.3677687644958496,3.5552120208740234,-0.14263997972011566,0.3617834150791168,0.43799757957458496,0.2967345416545868,0.34031397104263306,0.2975943386554718,0.2812511920928955,0.4087364673614502,0.36493587493896484,0.49123328924179077,0.32736295461654663,0.3846244215965271,0.44794395565986633,3043.380831699277,0.14359928284636223,disco
-95.10371398925781,109.3531723022461,-30.161178588867188,16.35865592956543,20.039730072021484,11.96281623840332,3.485529899597168,6.173969268798828,5.2001824378967285,8.620757102966309,0.34259647130966187,0.3836270868778229,0.5362716317176819,0.36902105808258057,0.37296780943870544,0.5337149500846863,0.5034885406494141,0.44065478444099426,0.4748719036579132,0.36040329933166504,0.4375420808792114,0.38484686613082886,0.5146554708480835,0.5763266682624817,0.3708333969116211,2117.5507614054177,0.10366263847232972,disco
-103.96162414550781,105.80915069580078,-14.325732231140137,36.738468170166016,-10.34866714477539,16.810850143432617,-6.82280969619751,8.140345573425293,-4.461958885192871,0.9882636666297913,-10.006155014038086,0.3835429251194,-1.7078524827957153,0.3423684239387512,0.34181085228919983,0.3224009573459625,0.41212859749794006,0.29366299510002136,0.247630774974823,0.34731537103652954,0.24552425742149353,0.2859821021556854,0.29709020256996155,0.4128381609916687,0.5637730956077576,2117.828754709546,0.10330171850812693,disco
-115.1325454711914,70.42537689208984,31.2427921295166,11.176328659057617,13.064189910888672,3.8674585819244385,1.8087031841278076,4.970710754394531,-1.0388264656066895,3.926027297973633,-1.292635202407837,-0.68841552734375,-1.0751352310180664,0.745841383934021,0.5255285501480103,0.3928939402103424,0.33277571201324463,0.28591227531433105,0.22925978899002075,0.23881323635578156,0.4118410050868988,0.35533758997917175,0.35691842436790466,0.43044528365135193,0.5082926154136658,3248.532892801311,0.1240548054131192,disco
-71.94239044189453,46.88916015625,21.026212692260742,29.95095443725586,9.497894287109375,2.405278444290161,8.244611740112305,2.5142548084259033,-2.1629691123962402,0.4397124648094177,-0.23318739235401154,-1.5565153360366821,-3.6136648654937744,0.3408399522304535,0.36177247762680054,0.46624869108200073,0.4411680996417999,0.5043238401412964,0.47552254796028137,0.5736644268035889,0.43937191367149353,0.31560736894607544,0.4676750898361206,0.4281008839607239,0.41003262996673584,3707.487312505618,0.17289993711300308,disco
-32.17341232299805,60.033607482910156,3.3775675296783447,18.96906852722168,4.3263349533081055,0.6811349391937256,-2.0263912677764893,1.3316941261291504,-4.646989822387695,3.789341688156128,-6.734154224395752,-4.892331123352051,-2.343729019165039,0.4542120099067688,0.37328773736953735,0.39862409234046936,0.45108267664909363,0.3899964988231659,0.4731235206127167,0.4578346312046051,0.5330156683921814,0.46824178099632263,0.4108019769191742,0.4312615990638733,0.381675124168396,3167.808308145324,0.15100324412248453,disco
-69.59933471679688,83.0595703125,-16.599525451660156,0.11946944147348404,7.415704250335693,0.7696189880371094,1.337007999420166,4.690686225891113,-1.420871376991272,3.3284730911254883,-2.8755643367767334,-8.202937126159668,-5.765528202056885,0.2866545617580414,0.3698578476905823,0.2740750312805176,0.3716162145137787,0.310957670211792,0.48693591356277466,0.5516695380210876,0.37524664402008057,0.5085874199867249,0.28268200159072876,0.37579524517059326,0.277180016040802,2625.095043461179,0.12025853207236842,disco
-124.19867706298828,90.169677734375,-11.31260871887207,10.940361976623535,-1.1521435976028442,-3.75439715385437,-0.8530473709106445,-3.8402538299560547,-3.708951473236084,-0.2670247554779053,-5.823245525360107,-3.430600643157959,-4.625741481781006,0.5335789918899536,0.49466782808303833,0.3439455032348633,0.2575514018535614,0.2521325945854187,0.42769867181777954,0.33041149377822876,0.37279585003852844,0.3772837817668915,0.27984294295310974,0.3221457898616791,0.305026650428772,2410.0020281305497,0.0996603950996517,disco
-68.09458923339844,66.36573028564453,11.869311332702637,21.982038497924805,9.769292831420898,6.696674346923828,1.6115297079086304,3.8194947242736816,0.9587366580963135,4.773913860321045,-4.204498291015625,-0.058831289410591125,-1.2347756624221802,0.341667115688324,0.33522742986679077,0.4593113660812378,0.3648133873939514,0.4273991882801056,0.508998453617096,0.43045464158058167,0.5167151093482971,0.3717802166938782,0.3895100951194763,0.3744409680366516,0.2949276864528656,3042.993183926036,0.1315751681017802,disco
-155.63731384277344,60.56849670410156,23.1668643951416,31.18634796142578,25.054384231567383,16.906993865966797,9.438360214233398,8.449132919311523,5.317451000213623,6.556657314300537,5.762754440307617,3.9231863021850586,7.559715270996094,0.44453164935112,0.422990083694458,0.4481782615184784,0.45016780495643616,0.5211662650108337,0.5123023986816406,0.4537975788116455,0.4550727903842926,0.4907171428203583,0.5588646531105042,0.5521586537361145,0.5141850709915161,2909.983968555962,0.10124882086880804,disco
-20.481245040893555,53.708106994628906,5.945927143096924,10.153067588806152,17.057161331176758,9.541378021240234,4.611902713775635,6.3989410400390625,-0.33330103754997253,1.7238894701004028,3.6845264434814453,-0.7746317386627197,-5.887972354888916,0.4188724756240845,0.4984189569950104,0.6143240928649902,0.5234376788139343,0.45300206542015076,0.46475234627723694,0.45601341128349304,0.5768569707870483,0.47638970613479614,0.45103803277015686,0.4742530882358551,0.3886588513851166,3713.366946149792,0.1982474784732972,disco
-59.00656509399414,68.8701171875,-8.457221984863281,3.5900607109069824,5.072522163391113,3.284627914428711,13.525486946105957,-1.369273066520691,1.6712123155593872,3.7126450538635254,-3.7159910202026367,-0.3171887695789337,-2.835763692855835,0.3111954629421234,0.3678976893424988,0.3528892993927002,0.3996891379356384,0.4882003664970398,0.44151413440704346,0.472618967294693,0.4307507872581482,0.4185088574886322,0.31451284885406494,0.294279545545578,0.316825807094574,3075.059149844922,0.13853393176760836,disco
-40.7292366027832,63.94740295410156,4.904890060424805,16.340808868408203,12.100067138671875,9.339080810546875,4.540617942810059,5.189632892608643,-0.5894373655319214,-0.06985197216272354,2.9546146392822266,-1.4821672439575195,-1.7598724365234375,0.4936295747756958,0.42305120825767517,0.49463868141174316,0.4713420569896698,0.47036194801330566,0.3419257402420044,0.3577251434326172,0.42272406816482544,0.4362061321735382,0.5152310729026794,0.4359828233718872,0.5408594012260437,3168.1112406928287,0.1508622774767802,disco
-66.56880950927734,58.31061935424805,-8.17902660369873,15.493414878845215,5.575189113616943,7.697162628173828,4.071543216705322,-3.5835304260253906,-1.321885108947754,1.608825922012329,-5.4825334548950195,-3.7345499992370605,-3.239858627319336,0.3535933494567871,0.41014841198921204,0.46120530366897583,0.3191368281841278,0.3753167390823364,0.32037413120269775,0.5029468536376953,0.5410189032554626,0.4234648048877716,0.450516939163208,0.3612902760505676,0.48709407448768616,3257.126964639291,0.17381451964009287,disco
-123.20343780517578,86.96167755126953,-22.49518585205078,6.931238651275635,8.458765029907227,12.637701034545898,-0.8590044379234314,-0.8323708176612854,-3.2620909214019775,2.6230344772338867,-0.7835581302642822,-0.4259603023529053,-3.829258441925049,0.3797210454940796,0.29433849453926086,0.39240869879722595,0.3573650121688843,0.46789512038230896,0.43418553471565247,0.30322563648223877,0.3218016028404236,0.3766421973705292,0.5944007635116577,0.24323385953903198,0.25723502039909363,2447.5053952029866,0.12327627648510062,disco
-57.80061340332031,86.53878021240234,-11.77696704864502,38.776798248291016,2.375864028930664,8.829936981201172,-1.2931183576583862,9.917737007141113,-1.6644963026046753,9.836173057556152,3.0134122371673584,7.524686336517334,1.717929482460022,0.45876210927963257,0.290962815284729,0.33780112862586975,0.27626660466194153,0.4577174782752991,0.6384397745132446,0.3690526485443115,0.37858667969703674,0.34504884481430054,0.5001345872879028,0.3377363383769989,0.3122888207435608,2450.4078120136996,0.12449924717008513,disco
-65.79325866699219,52.83180236816406,16.578832626342773,12.546979904174805,5.6043381690979,8.383380889892578,-0.6104740500450134,-0.6237841248512268,-4.082043170928955,0.6868590116500854,-7.78745698928833,-1.8914623260498047,-7.249997615814209,0.2329758256673813,0.3737705945968628,0.5171019434928894,0.3783443570137024,0.3640669584274292,0.350395143032074,0.48758986592292786,0.3940427899360657,0.3074280619621277,0.3553540110588074,0.2365003377199173,0.2943475544452667,3653.396938317012,0.18083450742550308,disco
-51.813499450683594,55.66841506958008,11.39661979675293,7.471484661102295,12.000198364257812,6.259165287017822,4.356969356536865,4.310425758361816,-5.940892219543457,0.5657939910888672,3.59938907623291,-2.3887081146240234,-5.823011875152588,0.2742934226989746,0.2913152873516083,0.3585223853588104,0.5783916115760803,0.4489305317401886,0.4528373181819916,0.44911429286003113,0.3761318027973175,0.39360275864601135,0.3770545423030853,0.5115119814872742,0.32024893164634705,3623.816329797985,0.1764282604489164,disco
-23.55833625793457,57.34353256225586,7.011987209320068,16.52512550354004,5.500359058380127,11.859777450561523,1.6749341487884521,5.46185827255249,2.7552292346954346,7.339150428771973,1.9634922742843628,1.2612276077270508,-2.3459415435791016,0.5260406136512756,0.40989893674850464,0.44934454560279846,0.3254631757736206,0.4001607894897461,0.4943884015083313,0.3749784827232361,0.5293848514556885,0.4244915843009949,0.5328263640403748,0.36464059352874756,0.38587406277656555,3348.2009991791724,0.16205155222039475,disco
-26.56824493408203,52.04786682128906,4.177975177764893,12.859308242797852,16.74013900756836,10.133736610412598,4.475160121917725,6.326910495758057,1.1580265760421753,0.6461884379386902,4.612163066864014,2.1431961059570312,-3.3678746223449707,0.3986499309539795,0.5024959444999695,0.41676098108291626,0.41670355200767517,0.45239564776420593,0.5758225917816162,0.7403257489204407,0.5115296840667725,0.4020744264125824,0.3452611267566681,0.39580440521240234,0.297159343957901,3637.551798162976,0.19009560032894737,disco
-77.39574432373047,52.15557098388672,-8.997961044311523,12.85235595703125,8.566089630126953,2.8920133113861084,8.930742263793945,4.0137529373168945,-7.34464168548584,-2.2605180740356445,0.9621685147285461,-1.0486537218093872,-3.7624762058258057,0.39995577931404114,0.3339763581752777,0.3744497001171112,0.33614811301231384,0.41566532850265503,0.4851372241973877,0.4018200933933258,0.44785240292549133,0.3620878756046295,0.3023070991039276,0.282159686088562,0.30706000328063965,3354.360372505759,0.16828847595781735,disco
-107.36451721191406,91.02146911621094,-8.338967323303223,34.284461975097656,-1.9262821674346924,3.796600580215454,10.53145694732666,5.561392307281494,6.944074630737305,4.777405261993408,0.6849833130836487,-3.8546648025512695,-2.5791146755218506,0.242279052734375,0.19367767870426178,0.3392614424228668,0.29228177666664124,0.44166672229766846,0.2701522409915924,0.33380141854286194,0.5244488716125488,0.33937016129493713,0.49033260345458984,0.23663930594921112,0.3877998888492584,2328.7358232995766,0.10118608504256967,disco
-78.3511734008789,80.07461547851562,-9.167376518249512,25.477052688598633,-3.3905441761016846,16.80940055847168,7.270705699920654,1.8186620473861694,0.49557429552078247,6.320318698883057,1.4938976764678955,2.163630247116089,0.6581048369407654,0.34768667817115784,0.3583509027957916,0.5210351943969727,0.3962076008319855,0.4370630085468292,0.5612673163414001,0.4873042106628418,0.5964305996894836,0.3762875497341156,0.3396431505680084,0.3402445614337921,0.2891157269477844,2605.158778871083,0.12638850256385448,disco
-122.06816864013672,116.81796264648438,28.333023071289062,24.72945213317871,10.9462308883667,-1.8944624662399292,-1.4049607515335083,-0.9484212398529053,-3.5381524562835693,-2.6139373779296875,-1.1199346780776978,-4.180541038513184,-2.5521881580352783,0.2247316837310791,0.3641006052494049,0.42334890365600586,0.32952815294265747,0.41328689455986023,0.300616979598999,0.3656126856803894,0.32187315821647644,0.35583755373954773,0.5752294659614563,0.3124822676181793,0.2827901244163513,1776.3958801199312,0.053842455979102165,disco
-62.30523681640625,92.05400085449219,-19.720611572265625,17.629362106323242,-3.1775431632995605,5.419750213623047,-4.000616073608398,8.885711669921875,-2.490158796310425,3.1609385013580322,-0.5298750996589661,-1.490691065788269,1.2983328104019165,0.38558429479599,0.33433470129966736,0.6358652710914612,0.3985264003276825,0.34563496708869934,0.25724872946739197,0.3249552249908447,0.5445912480354309,0.4055425822734833,0.38736996054649353,0.31984037160873413,0.3898735046386719,2403.9325975307147,0.12167764669601393,disco
-62.78811264038086,77.84590148925781,3.535339117050171,26.012876510620117,5.932444095611572,11.292922973632812,11.104592323303223,-1.959661602973938,1.8299740552902222,9.186840057373047,4.068376541137695,0.9767575263977051,5.618281841278076,0.5086374878883362,0.3527259826660156,0.4116556644439697,0.3624235987663269,0.4484825134277344,0.3765823245048523,0.3762173652648926,0.44589078426361084,0.44093430042266846,0.49831104278564453,0.41348177194595337,0.4086324870586395,2875.523793893122,0.13478414340654024,disco
-71.24205017089844,97.7214584350586,-18.355274200439453,8.578152656555176,5.202038764953613,-0.9389216899871826,0.46801549196243286,1.6290963888168335,-4.7780914306640625,0.06490763276815414,-0.5487089157104492,-4.452000141143799,-5.314455986022949,0.4220132827758789,0.28953656554222107,0.3221598267555237,0.5323076248168945,0.37988823652267456,0.4015408456325531,0.26127415895462036,0.4111432135105133,0.4490324854850769,0.2702142596244812,0.3655989468097687,0.29982438683509827,2330.4341487066677,0.1095964650251548,disco
-81.29733276367188,106.4761962890625,-9.534991264343262,17.970006942749023,3.011077404022217,8.301613807678223,3.8938748836517334,4.249102592468262,-3.739396810531616,-2.078542947769165,-2.2060983180999756,-4.587527751922607,-1.1600444316864014,0.5152422189712524,0.3721466362476349,0.5361577272415161,0.3953126072883606,0.3183813989162445,0.4061761200428009,0.35593920946121216,0.51207435131073,0.31458911299705505,0.2779584527015686,0.47786617279052734,0.4069913923740387,2248.158016320912,0.10974196679082818,disco
-125.69445037841797,101.7862777709961,-17.48869514465332,33.677490234375,-15.244757652282715,23.698762893676758,-8.658020973205566,18.546085357666016,-14.059921264648438,19.96295928955078,-15.148183822631836,12.975601196289062,-14.307978630065918,0.31692609190940857,0.3359413146972656,0.4865480363368988,0.36314305663108826,0.31282493472099304,0.408694326877594,0.4062972068786621,0.6065250039100647,0.38845667243003845,0.31885841488838196,0.3003106713294983,0.27130958437919617,2259.667499272963,0.11426008005998452,disco
-280.9080810546875,120.81539916992188,-37.61225509643555,28.736146926879883,-10.789444923400879,-6.406518936157227,-13.808621406555176,-4.062507629394531,-14.859973907470703,4.791967391967773,-20.174320220947266,-5.093949794769287,-6.792037487030029,0.23503035306930542,0.1530277281999588,0.18411757051944733,0.157331645488739,0.23752570152282715,0.2282659262418747,0.215479776263237,0.33573031425476074,0.24113202095031738,0.29430994391441345,0.17731432616710663,0.18251362442970276,1710.8442048759703,0.08702290537925697,disco
-105.02068328857422,80.22213745117188,-41.111576080322266,54.025760650634766,-8.379423141479492,25.721208572387695,-12.471842765808105,28.713754653930664,-15.008991241455078,15.610892295837402,-7.617063522338867,12.414464950561523,-7.368524074554443,0.3539772033691406,0.33416685461997986,0.5216591358184814,0.5455853343009949,0.562315046787262,0.47979840636253357,0.41284799575805664,0.3145146369934082,0.26528292894363403,0.343562513589859,0.3542858064174652,0.42809411883354187,2616.176846102278,0.15437434996613777,disco
-45.13199996948242,98.67164611816406,-24.668424606323242,40.512596130371094,-18.104604721069336,26.11530303955078,-12.694840431213379,13.988503456115723,-15.421141624450684,16.179258346557617,-14.377716064453125,8.14035701751709,-11.9398193359375,0.43720880150794983,0.3664992153644562,0.3419862985610962,0.44601869583129883,0.35006991028785706,0.35522404313087463,0.46793311834335327,0.3370790183544159,0.4944804608821869,0.39018359780311584,0.46188828349113464,0.6079052686691284,2397.052524918614,0.13532117719620743,disco
-45.805320739746094,101.74009704589844,-32.078636169433594,34.265602111816406,-17.547401428222656,32.327186584472656,-15.645261764526367,22.041263580322266,-16.110876083374023,18.677486419677734,-13.079385757446289,16.4752197265625,-9.913808822631836,0.6395318508148193,0.35225623846054077,0.3783394396305084,0.552651584148407,0.3801157474517822,0.41053903102874756,0.42117545008659363,0.6166194081306458,0.38760897517204285,0.33120670914649963,0.5056670308113098,0.43829581141471863,2376.1512622758464,0.12878191212751547,disco
-77.19868469238281,89.36663055419922,-34.23228073120117,38.681270599365234,-22.269872665405273,31.254671096801758,-16.385425567626953,22.344226837158203,-16.015026092529297,19.283666610717773,-13.230426788330078,16.724140167236328,-10.393916130065918,0.6301676034927368,0.35654985904693604,0.38998374342918396,0.5551742911338806,0.3920089304447174,0.42048323154449463,0.43886798620224,0.6398006677627563,0.39405539631843567,0.34655728936195374,0.5198205709457397,0.44277024269104004,2651.320247246162,0.15772391398993807,disco
-70.51618194580078,90.47600555419922,-48.08651351928711,36.67485046386719,-17.666040420532227,21.60397720336914,-30.186952590942383,24.03990936279297,-20.447668075561523,14.482979774475098,-18.50306510925293,9.126518249511719,-12.047066688537598,0.41466623544692993,0.3803148567676544,0.532023012638092,0.3373744487762451,0.3889208436012268,0.40084782242774963,0.3851538598537445,0.4409695565700531,0.3442709445953369,0.49218031764030457,0.4576278626918793,0.42302408814430237,2591.5017766838123,0.16987803550696595,disco
-108.5107650756836,69.93312072753906,14.870285034179688,45.53962326049805,-5.384937286376953,41.803653717041016,-13.5187406539917,32.55927658081055,-20.397464752197266,23.435901641845703,-12.123884201049805,17.99940299987793,-9.038808822631836,0.36384281516075134,0.43472105264663696,0.44290870428085327,0.5566837191581726,0.4097372591495514,0.4039110541343689,0.4521734416484833,0.5164003372192383,0.6598597168922424,0.5455523729324341,0.4705333411693573,0.35598787665367126,3079.468912826982,0.15430745694659442,disco
-226.3543243408203,78.27161407470703,7.845218658447266,53.85680389404297,-1.1519349813461304,11.302834510803223,-7.848479270935059,24.365110397338867,-14.952828407287598,18.494565963745117,-19.137502670288086,6.156276702880859,-10.068167686462402,0.40743696689605713,0.29585057497024536,0.3477952480316162,0.4363965392112732,0.5248336791992188,0.37693652510643005,0.26499873399734497,0.3954715132713318,0.4743955135345459,0.5277697443962097,0.3983355164527893,0.3662109971046448,2566.1260441601803,0.11465010037732198,disco
-103.09194946289062,107.49750518798828,-33.526493072509766,52.796356201171875,-9.143341064453125,30.36568832397461,-9.337430953979492,23.046274185180664,-11.90022087097168,18.170902252197266,-7.554081916809082,9.401474952697754,-5.444427967071533,0.6203573346138,0.44628405570983887,0.4564841091632843,0.3882105350494385,0.4256012737751007,0.4380461871623993,0.4102382957935333,0.5693337917327881,0.4083500802516937,0.45964816212654114,0.4801197350025177,0.45373162627220154,2108.1997863703064,0.11041618795955882,disco
-182.78819274902344,124.18509674072266,-10.06248664855957,41.59244918823242,-7.389993667602539,26.952116012573242,-12.362844467163086,19.82030487060547,-16.069171905517578,16.206390380859375,-10.253924369812012,3.1237123012542725,-8.989256858825684,0.32325613498687744,0.27846941351890564,0.30778419971466064,0.28781479597091675,0.362958699464798,0.3532120883464813,0.5171017646789551,0.48819294571876526,0.3143095076084137,0.34673234820365906,0.31317439675331116,0.40601739287376404,1755.2903582545093,0.07696816648123066,disco
-143.208984375,122.59268951416016,-23.920419692993164,28.148860931396484,-23.689157485961914,23.081340789794922,-17.911197662353516,18.753313064575195,-18.636001586914062,18.356426239013672,-13.914460182189941,9.73025894165039,-12.243754386901855,0.4139234721660614,0.2785046398639679,0.3369254171848297,0.5819364786148071,0.3464204967021942,0.35064637660980225,0.25862255692481995,0.3921833634376526,0.5200924873352051,0.32469552755355835,0.3457943797111511,0.2921648621559143,1937.935756160484,0.09247298580205109,disco
-109.59149932861328,104.14510345458984,-16.2174129486084,45.37646484375,-10.19576644897461,25.55859375,-17.158018112182617,22.278688430786133,-16.850662231445312,16.53579330444336,-12.09670639038086,8.670637130737305,-8.847189903259277,0.3934975266456604,0.37331274151802063,0.43833044171333313,0.37776950001716614,0.4666280448436737,0.46187490224838257,0.3736633062362671,0.3864573836326599,0.45684370398521423,0.5255073308944702,0.38001736998558044,0.37301766872406006,2217.9682141739054,0.1109932819756192,disco
-109.05280303955078,106.84856414794922,-18.279069900512695,23.42359161376953,-17.76458168029785,19.019662857055664,-13.615213394165039,18.686107635498047,-18.371767044067383,18.40284538269043,-9.714786529541016,11.857382774353027,-5.560523509979248,0.37926045060157776,0.44702622294425964,0.49668753147125244,0.3177975118160248,0.3244636356830597,0.31227996945381165,0.43816646933555603,0.36832180619239807,0.34783095121383667,0.45016568899154663,0.4398329555988312,0.5184078812599182,2279.818496274842,0.1102181543875774,disco
-121.09522247314453,116.94249725341797,-22.786970138549805,45.14893341064453,-4.239051342010498,30.256324768066406,-12.24527359008789,21.729875564575195,-16.54076385498047,16.233280181884766,-10.655169486999512,7.330419540405273,-9.353950500488281,0.5874335765838623,0.3989192247390747,0.3898555040359497,0.3450675308704376,0.403643399477005,0.4381701648235321,0.40774446725845337,0.5447368621826172,0.38222309947013855,0.4303123950958252,0.4574931561946869,0.4325132668018341,1975.2274580999904,0.09303307311822756,disco
-91.88630676269531,87.60405731201172,-2.0581753253936768,34.28553771972656,-18.15336799621582,19.344701766967773,-14.697327613830566,17.116172790527344,-15.334747314453125,17.040912628173828,-13.558690071105957,11.848033905029297,-9.811619758605957,0.433184415102005,0.32183167338371277,0.36659732460975647,0.344640851020813,0.3214251697063446,0.33465972542762756,0.3329947590827942,0.35296890139579773,0.26968809962272644,0.24502532184123993,0.23916758596897125,0.3181825280189514,2550.135383866737,0.11589045568885449,disco
-107.86759948730469,81.93658447265625,-30.634069442749023,41.33193588256836,-8.509502410888672,31.33373260498047,-8.86906909942627,26.030899047851562,-8.280141830444336,17.894874572753906,-4.652872085571289,7.425512313842773,-4.352715969085693,0.47569727897644043,0.38163772225379944,0.3847959339618683,0.4101090431213379,0.4042918086051941,0.5006989240646362,0.4035545885562897,0.5069438219070435,0.3353320360183716,0.41196057200431824,0.4662473797798157,0.4414733350276947,2387.922380957909,0.12770671076818885,disco
-51.776084899902344,70.33135223388672,-3.91170072555542,49.742279052734375,1.5879707336425781,35.703487396240234,-4.088695049285889,24.78790855407715,-9.707022666931152,22.039283752441406,-6.114995956420898,17.181259155273438,-2.7664239406585693,0.6457223892211914,0.5417718291282654,0.5184456706047058,0.5624662041664124,0.5448766946792603,0.6049708724021912,0.5018194317817688,0.5085885524749756,0.5231691002845764,0.5246670842170715,0.5326877236366272,0.5653195977210999,2583.326723139977,0.09977263931888544,disco
-189.21511840820312,93.95932006835938,7.905782222747803,41.89059829711914,-7.09204626083374,31.882492065429688,-12.586034774780273,24.220500946044922,-6.057699203491211,24.537946701049805,-6.0252366065979,16.763090133666992,-2.0117976665496826,0.610771656036377,0.4427916407585144,0.36717647314071655,0.2936668395996094,0.36183273792266846,0.374925434589386,0.3814922273159027,0.4515076279640198,0.2891732454299927,0.2509908080101013,0.3127210736274719,0.5214906334877014,2144.2930792368275,0.06485183763061146,disco
-106.24380493164062,105.57587432861328,-5.513561725616455,50.055816650390625,1.243984341621399,37.002601623535156,-9.622076034545898,24.011703491210938,-8.668455123901367,14.975655555725098,-2.526041030883789,9.7654390335083,-0.9115710258483887,0.41943174600601196,0.42443862557411194,0.444949746131897,0.37061914801597595,0.428097665309906,0.5002659559249878,0.6825805902481079,0.5093237161636353,0.40825191140174866,0.47937390208244324,0.4354934096336365,0.550248920917511,1887.648892045496,0.07365715097716719,disco
-57.60671615600586,96.69188690185547,-24.42201805114746,40.014190673828125,-17.260251998901367,27.834213256835938,-13.297422409057617,23.196401596069336,-16.528564453125,19.427146911621094,-15.485602378845215,11.825690269470215,-10.574847221374512,0.42486751079559326,0.44761860370635986,0.4587537944316864,0.44812196493148804,0.5866356492042542,0.43610307574272156,0.40663355588912964,0.43897438049316406,0.4387584924697876,0.5192184448242188,0.39438286423683167,0.41002675890922546,2492.8521058348206,0.13862576794698142,disco
-103.76036071777344,92.46227264404297,-27.23040771484375,39.221290588378906,-23.052734375,20.634798049926758,-17.76690101623535,18.95055389404297,-15.204781532287598,16.394330978393555,-14.662063598632812,12.24946117401123,-14.973012924194336,0.30316874384880066,0.41776084899902344,0.3546201288700104,0.3097436726093292,0.5725090503692627,0.32989180088043213,0.33597439527511597,0.24073396623134613,0.3456789553165436,0.5177400708198547,0.3121582269668579,0.3400634825229645,2541.995563795192,0.14330827931501547,disco
-93.31912994384766,77.8344497680664,-8.784327507019043,42.071250915527344,-11.249411582946777,24.245376586914062,-17.912214279174805,22.240354537963867,-16.03913688659668,16.687471389770508,-15.66524887084961,15.4109468460083,-18.128246307373047,0.38454723358154297,0.6065009832382202,0.366609126329422,0.35208675265312195,0.39024680852890015,0.4416661560535431,0.5622698664665222,0.3916058838367462,0.43582233786582947,0.30841654539108276,0.36987772583961487,0.38471361994743347,2956.6002017744845,0.16269251584268576,disco
-118.3656997680664,114.23728942871094,-6.782299995422363,37.40087127685547,-17.43193817138672,28.362869262695312,-23.726537704467773,9.283809661865234,-10.439460754394531,12.624765396118164,-5.148675918579102,12.253149032592773,-3.8705227375030518,0.5608975887298584,0.2951078712940216,0.36705997586250305,0.5486964583396912,0.40145769715309143,0.49003785848617554,0.34879618883132935,0.39550477266311646,0.2769298255443573,0.28046467900276184,0.33487606048583984,0.3707980513572693,1931.1496588575947,0.08364121758900929,disco
-81.72715759277344,97.61067962646484,-27.583755493164062,36.644187927246094,-17.25299835205078,30.769319534301758,-15.94863510131836,20.968244552612305,-16.226930618286133,17.418455123901367,-13.363810539245605,15.08084487915039,-10.386919975280762,0.6376875638961792,0.3563401997089386,0.3808094263076782,0.542236328125,0.3819373548030853,0.42372751235961914,0.43392008543014526,0.6159112453460693,0.3935301601886749,0.34433019161224365,0.5114649534225464,0.44412851333618164,2449.296921443876,0.1346148322610294,disco
-105.51603698730469,79.256591796875,-15.20765209197998,40.82554626464844,-12.267790794372559,23.559673309326172,-19.938488006591797,27.319257736206055,-16.512426376342773,21.53839683532715,-11.680120468139648,13.99189281463623,-10.775012969970703,0.4924744963645935,0.353653222322464,0.38223063945770264,0.5729154944419861,0.557089626789093,0.6481767296791077,0.38152629137039185,0.32613593339920044,0.3424888849258423,0.35872137546539307,0.41115105152130127,0.39951545000076294,2809.021561476355,0.15595068208204335,disco
-128.46766662597656,67.26374053955078,-36.918983459472656,40.90837097167969,-21.745594024658203,23.162696838378906,-13.252984046936035,13.09386157989502,-14.004484176635742,17.799564361572266,-15.179245948791504,16.372459411621094,-10.465580940246582,0.3389364778995514,0.48796525597572327,0.6147786974906921,0.4024811387062073,0.47215333580970764,0.3663906455039978,0.41108468174934387,0.34962010383605957,0.3992820680141449,0.5688926577568054,0.40249207615852356,0.39752957224845886,2902.9834800553963,0.184138720249613,disco
-95.25163269042969,82.253662109375,-26.22152328491211,37.522613525390625,-16.355100631713867,25.29429054260254,-21.79648208618164,21.811946868896484,-20.064441680908203,16.297643661499023,-16.119651794433594,14.439221382141113,-11.907042503356934,0.3845939338207245,0.399065226316452,0.6496489644050598,0.35071927309036255,0.40940621495246887,0.5112839341163635,0.4486927092075348,0.6207119226455688,0.34414660930633545,0.36891624331474304,0.4470570981502533,0.42260247468948364,2846.8226092079603,0.17636703632933437,disco
-40.7629280090332,86.78238677978516,-26.962377548217773,34.941532135009766,-20.048147201538086,21.65764045715332,-23.953712463378906,19.265037536621094,-17.531558990478516,18.037153244018555,-16.02078628540039,12.44607925415039,-13.877286911010742,0.47373831272125244,0.3015480041503906,0.34001025557518005,0.5437532067298889,0.5155929327011108,0.6323509812355042,0.32100537419319153,0.2805643677711487,0.32210177183151245,0.3493366241455078,0.3968842327594757,0.35674867033958435,2649.217859026324,0.15116461880804954,disco
-91.75991821289062,86.31499481201172,-17.351943969726562,43.1060676574707,-18.407480239868164,34.05898666381836,-18.420602798461914,26.83688735961914,-13.565130233764648,20.21440887451172,-14.637163162231445,12.66814136505127,-12.608888626098633,0.47952955961227417,0.4319843351840973,0.42595207691192627,0.3652593195438385,0.36071503162384033,0.38898998498916626,0.42692065238952637,0.5895805358886719,0.5173866748809814,0.4133642911911011,0.3607010245323181,0.3880501985549927,2690.932759278845,0.12995726405282507,disco
-95.87289428710938,103.33598327636719,-36.46080017089844,27.125099182128906,-22.87316131591797,9.98593521118164,-24.656694412231445,15.670154571533203,-20.151212692260742,18.746261596679688,-18.563173294067383,9.864557266235352,-15.108638763427734,0.3110705614089966,0.22075031697750092,0.3953153192996979,0.4392815828323364,0.44339287281036377,0.5083156824111938,0.29881176352500916,0.36197805404663086,0.3088713586330414,0.3351934850215912,0.33067139983177185,0.2842816412448883,2252.122477978003,0.12191385086106811,disco
-56.90147399902344,97.02407836914062,-17.874454498291016,44.933502197265625,-6.932389736175537,23.813329696655273,-23.314041137695312,25.996196746826172,-10.480186462402344,10.453680992126465,-15.226058006286621,10.030942916870117,-9.161243438720703,0.5510221123695374,0.378849059343338,0.4071464538574219,0.34287405014038086,0.42893415689468384,0.3773611783981323,0.3428187072277069,0.49828067421913147,0.41096457839012146,0.5211892127990723,0.3288498520851135,0.40007108449935913,2308.7942063741325,0.11760246347716719,disco
-182.05023193359375,103.41655731201172,-18.227279663085938,31.200912475585938,-12.540436744689941,18.842092514038086,-12.869497299194336,19.37890625,-17.70433235168457,18.500280380249023,-14.324433326721191,11.54508113861084,-11.634119033813477,0.4399546682834625,0.2872093915939331,0.24704430997371674,0.2838088572025299,0.42997798323631287,0.6030824184417725,0.37390339374542236,0.30660149455070496,0.25317057967185974,0.24095456302165985,0.23581065237522125,0.2821236848831177,2219.3232376250994,0.09617402162345201,disco
-154.62330627441406,97.93260192871094,-10.357319831848145,39.1236686706543,-11.213964462280273,24.111309051513672,-11.846502304077148,24.19123077392578,-13.460304260253906,20.55318832397461,-8.327631950378418,5.867451190948486,-9.686903953552246,0.3885824680328369,0.4243878722190857,0.4063050448894501,0.4474751949310303,0.48486608266830444,0.6473561525344849,0.5113729238510132,0.43328672647476196,0.557518482208252,0.3919559121131897,0.3904200792312622,0.3526679575443268,2292.577700466476,0.09981534503192724,disco
-219.4556427001953,94.70133209228516,12.129364013671875,48.87006759643555,-7.212083339691162,16.62851333618164,-15.087896347045898,21.714439392089844,-20.002349853515625,13.238805770874023,-15.698356628417969,5.057011604309082,-15.283743858337402,0.35413601994514465,0.4550626277923584,0.2855951189994812,0.30539628863334656,0.3393328785896301,0.5422214865684509,0.48502087593078613,0.35730236768722534,0.4614781141281128,0.35165274143218994,0.42618945240974426,0.30098727345466614,2143.645601948083,0.08475043234810371,disco
-193.22007751464844,89.19422149658203,-20.013872146606445,38.7435302734375,-2.7159595489501953,17.05726432800293,-7.950160503387451,16.086509704589844,-16.764881134033203,7.716307163238525,-15.712639808654785,9.034708023071289,-11.316749572753906,0.41584932804107666,0.3455435335636139,0.3403658866882324,0.37620535492897034,0.5527127981185913,0.4312957227230072,0.24565079808235168,0.33148157596588135,0.31540629267692566,0.34562569856643677,0.27957791090011597,0.3208867013454437,2292.41885340361,0.11643089081849846,disco
-63.65033721923828,94.46595764160156,-13.425887107849121,32.7712287902832,-13.714619636535645,26.780269622802734,-19.395612716674805,24.652542114257812,-11.667617797851562,13.727572441101074,-9.44289493560791,8.833795547485352,-4.980146408081055,0.6224194169044495,0.3912184238433838,0.35408201813697815,0.43103575706481934,0.34982332587242126,0.41966626048088074,0.3633686602115631,0.4848021864891052,0.45300397276878357,0.34294235706329346,0.4077862799167633,0.4519098103046417,2577.013955506876,0.13824595164957432,disco
-167.378173828125,112.48346710205078,-4.582420349121094,37.09086990356445,-8.613286972045898,27.826745986938477,-14.716944694519043,18.52263069152832,-16.490127563476562,13.760586738586426,-13.331284523010254,10.215414047241211,-11.57529067993164,0.3226122260093689,0.39603713154792786,0.43785572052001953,0.45701414346694946,0.5521378517150879,0.46514368057250977,0.396648108959198,0.4174480140209198,0.4888198971748352,0.3831899166107178,0.3081348240375519,0.34455081820487976,1959.5165152861578,0.09003346918537151,disco
-197.1792449951172,83.36067199707031,-38.557830810546875,43.71670150756836,-7.295538425445557,25.659221649169922,-8.642003059387207,13.397130966186523,-12.15369701385498,12.154943466186523,-12.050202369689941,10.627792358398438,-2.4053423404693604,0.47894296050071716,0.55599045753479,0.49461403489112854,0.4273379445075989,0.4395788908004761,0.398144006729126,0.47138291597366333,0.4276827871799469,0.5221271514892578,0.561488687992096,0.6588278412818909,0.6059224009513855,2455.1239938572585,0.1514639367260062,disco
-166.76927185058594,67.7310562133789,11.180089950561523,37.429222106933594,-10.94141960144043,27.396169662475586,-18.940847396850586,27.29737091064453,-15.843281745910645,20.550397872924805,-8.622007369995117,14.18761920928955,-6.04898738861084,0.6478121280670166,0.5292873382568359,0.5142660140991211,0.5565874576568604,0.6329271793365479,0.5825980305671692,0.5212239623069763,0.55926913022995,0.5432330369949341,0.529816210269928,0.5353531241416931,0.6645973324775696,3002.526732630542,0.15866457345684984,disco
-95.80325317382812,122.05658721923828,-29.319120407104492,50.31650161743164,-11.940644264221191,28.410152435302734,-7.047781467437744,11.851945877075195,-8.612014770507812,11.56843376159668,-18.395963668823242,6.862091541290283,-11.662833213806152,0.46788087487220764,0.34794357419013977,0.3943069279193878,0.42951107025146484,0.40034887194633484,0.3332575559616089,0.3391123414039612,0.4809311330318451,0.39634236693382263,0.3928361237049103,0.3664179742336273,0.3915443420410156,1867.9206448682273,0.09448204394833591,disco
-100.29301452636719,110.01216888427734,-26.64455223083496,36.82375717163086,-10.413420677185059,28.777048110961914,-14.843354225158691,21.28986930847168,-19.675668716430664,18.52243423461914,-16.387474060058594,9.157715797424316,-13.791584014892578,0.45020055770874023,0.3682502806186676,0.35836225748062134,0.3901899755001068,0.3807257115840912,0.48120009899139404,0.4208325445652008,0.40608277916908264,0.3861711323261261,0.3386244773864746,0.32022491097450256,0.3136162757873535,2139.4226685316103,0.10026696739551083,disco
-97.8856201171875,101.00360107421875,-40.547611236572266,51.050193786621094,-11.709620475769043,25.064746856689453,-14.04820728302002,17.19739532470703,-9.623668670654297,16.973529815673828,-7.17352294921875,11.723431587219238,-5.7162299156188965,0.4983716905117035,0.3422572612762451,0.47635897994041443,0.3107091784477234,0.35979512333869934,0.4030682444572449,0.35358181595802307,0.5765141844749451,0.3635508418083191,0.40916088223457336,0.30133020877838135,0.38074567914009094,2238.799259178444,0.13146859278250775,disco
-114.93204498291016,113.4638671875,-29.804311752319336,42.61210250854492,-10.326009750366211,26.973411560058594,-14.493735313415527,21.24053192138672,-17.650537490844727,17.097871780395508,-13.478900909423828,8.591483116149902,-11.427422523498535,0.5651812553405762,0.37786993384361267,0.39667370915412903,0.34269747138023376,0.41269052028656006,0.4495140016078949,0.41114816069602966,0.5718225836753845,0.3788253962993622,0.4215725064277649,0.43757444620132446,0.39303529262542725,2129.3458917106645,0.1118704497629644,disco
-125.71577453613281,88.52808380126953,-16.73884391784668,42.798133850097656,-9.901167869567871,29.185855865478516,-19.34282112121582,20.458702087402344,-16.505529403686523,15.012511253356934,-8.765585899353027,12.784119606018066,-7.7588887214660645,0.4458443820476532,0.4444362223148346,0.6394376754760742,0.4016653299331665,0.47822290658950806,0.6109679341316223,0.5515591502189636,0.548240602016449,0.3951123058795929,0.44562390446662903,0.4377216100692749,0.42733505368232727,2574.7458410439813,0.14616918416215172,disco
-116.98033905029297,98.51445007324219,-19.01401138305664,44.84703826904297,3.80320143699646,28.483186721801758,-1.1026870012283325,14.693483352661133,-7.753823280334473,9.75631332397461,-10.111344337463379,6.367255687713623,-3.9202325344085693,0.5551560521125793,0.5278283357620239,0.5070919990539551,0.4789128303527832,0.3235686123371124,0.32315441966056824,0.32769763469696045,0.4733709990978241,0.3352958858013153,0.2347496896982193,0.45133262872695923,0.4594973623752594,2036.7728048043857,0.09159921935468267,disco
-123.78829193115234,89.82484436035156,-1.8406462669372559,51.169795989990234,-16.26130485534668,28.283544540405273,-12.495138168334961,19.032148361206055,-13.280037879943848,18.500017166137695,-13.776395797729492,12.866394996643066,-8.755499839782715,0.30480965971946716,0.39763402938842773,0.30513858795166016,0.39752164483070374,0.5853292346000671,0.40328049659729004,0.31024593114852905,0.32809823751449585,0.5291545987129211,0.24098549783229828,0.22390872240066528,0.42264342308044434,2457.998545443571,0.11753292497097523,disco
-86.0438003540039,87.53872680664062,-20.17231559753418,54.01907730102539,-1.0642164945602417,19.562545776367188,-4.089779376983643,21.037769317626953,-19.567508697509766,12.389660835266113,-22.01080894470215,9.599065780639648,-15.931527137756348,0.5154300928115845,0.41044655442237854,0.45765966176986694,0.353132039308548,0.4040074348449707,0.5227999687194824,0.3347208499908447,0.40756136178970337,0.31019049882888794,0.45620858669281006,0.3868274390697479,0.3406437933444977,2461.186456192989,0.13708722849748453,disco
-130.00576782226562,102.49774932861328,-4.443131923675537,50.061092376708984,-15.532888412475586,32.128150939941406,-18.18231964111328,24.28784942626953,-11.902588844299316,13.763346672058105,-12.89806842803955,7.2710957527160645,-9.379469871520996,0.700756847858429,0.4383890628814697,0.3583020269870758,0.3412220776081085,0.40210282802581787,0.3873756229877472,0.3248797357082367,0.44051727652549744,0.33541980385780334,0.3420254588127136,0.4461069405078888,0.48610174655914307,2208.1328125649534,0.09361054506095201,disco
-159.86688232421875,81.97526550292969,-16.76537322998047,52.50609588623047,-4.448031425476074,22.86505126953125,-8.226280212402344,23.3674259185791,-5.528469085693359,17.6933536529541,-15.369107246398926,10.806197166442871,-13.526739120483398,0.4221023619174957,0.39405277371406555,0.571239709854126,0.4799073338508606,0.43490535020828247,0.4856981635093689,0.4374927282333374,0.5346068739891052,0.49976012110710144,0.5174595713615417,0.437222421169281,0.4046494662761688,2487.5432668509993,0.11808431997387771,disco
-133.86680603027344,93.47174072265625,-24.215984344482422,61.442543029785156,-22.856273651123047,30.976551055908203,-14.959397315979004,20.244457244873047,-9.292844772338867,15.786767959594727,-8.740782737731934,11.968790054321289,-5.320814609527588,0.42868572473526,0.3748903274536133,0.4367097020149231,0.3521498441696167,0.3849141597747803,0.3303127586841583,0.41968968510627747,0.5242673754692078,0.41423299908638,0.41263189911842346,0.3878476023674011,0.5321626663208008,2481.887352406179,0.13440697259578174,disco
-116.9259262084961,75.75965881347656,-4.205479621887207,37.28704071044922,-5.338407516479492,31.376094818115234,-12.16835880279541,22.909481048583984,-11.437959671020508,14.624770164489746,-13.04989242553711,13.411264419555664,-13.228819847106934,0.3752342164516449,0.3304937183856964,0.3607465624809265,0.2750779390335083,0.2973313629627228,0.5955650806427002,0.3301941752433777,0.2699984014034271,0.3993742763996124,0.4616070091724396,0.8022119998931885,0.48320266604423523,2826.0632063160606,0.12049624794407894,disco
-91.59773254394531,99.46397399902344,-8.991621017456055,40.18504333496094,-18.037635803222656,22.567216873168945,-21.95627212524414,15.782541275024414,-25.665390014648438,17.664222717285156,-13.675539016723633,15.63508415222168,-15.46916389465332,0.3862679898738861,0.45169883966445923,0.46911749243736267,0.42789340019226074,0.5165408253669739,0.4850330650806427,0.6251105070114136,0.43903297185897827,0.31512129306793213,0.3294532597064972,0.34611380100250244,0.4990394115447998,2417.457577864453,0.11262743687113003,disco
-91.59773254394531,99.46397399902344,-8.991621017456055,40.18504333496094,-18.037635803222656,22.567216873168945,-21.95627212524414,15.782541275024414,-25.665390014648438,17.664222717285156,-13.675539016723633,15.63508415222168,-15.46916389465332,0.3862679898738861,0.45169883966445923,0.46911749243736267,0.42789340019226074,0.5165408253669739,0.4850330650806427,0.6251105070114136,0.43903297185897827,0.31512129306793213,0.3294532597064972,0.34611380100250244,0.4990394115447998,2417.457577864453,0.11262743687113003,disco
-80.92658233642578,84.79292297363281,-31.540653228759766,33.899261474609375,-19.84876823425293,23.558195114135742,-22.125015258789062,20.021148681640625,-16.759601593017578,19.211896896362305,-13.1061372756958,11.505602836608887,-10.726899147033691,0.37509438395500183,0.3575153946876526,0.4785568118095398,0.4516783058643341,0.6137968301773071,0.47035032510757446,0.45576250553131104,0.46835947036743164,0.46510741114616394,0.5388956665992737,0.4170683026313782,0.43578487634658813,2667.664494927173,0.14734075682082043,hiphop
-81.1395034790039,49.60653305053711,-14.548335075378418,57.9869270324707,6.843469619750977,27.14821434020996,-6.8552327156066895,31.3040771484375,-10.086363792419434,20.312963485717773,-2.5413641929626465,12.746545791625977,3.9735262393951416,0.49282217025756836,0.5508847832679749,0.713408350944519,0.8048773407936096,0.6255111694335938,0.4157598614692688,0.298738956451416,0.24183182418346405,0.2700258195400238,0.330337792634964,0.3477773070335388,0.39517879486083984,2808.1424053109326,0.09764869146671827,hiphop
-202.88755798339844,132.38377380371094,12.00124454498291,43.77104187011719,-10.231294631958008,17.122339248657227,-13.562600135803223,15.044013023376465,-16.261728286743164,9.421977043151855,-11.645681381225586,7.047659397125244,-4.317206859588623,0.3924197852611542,0.4013161063194275,0.41601330041885376,0.375294953584671,0.3433859348297119,0.3706197142601013,0.30611997842788696,0.2874196767807007,0.3615443706512451,0.46980077028274536,0.607330858707428,0.5175275206565857,1490.5209977308093,0.05873774005901703,hiphop
-40.25515365600586,80.83008575439453,-25.643091201782227,38.426090240478516,-11.072867393493652,24.91219711303711,-7.368901252746582,26.772397994995117,-5.2867112159729,16.798524856567383,-3.498629570007324,8.45158576965332,-5.596709728240967,0.571709156036377,0.5507718324661255,0.5817188620567322,0.5053489804267883,0.3837166726589203,0.3428700268268585,0.3356659710407257,0.33422186970710754,0.336169570684433,0.49893617630004883,0.5548498034477234,0.6111767888069153,2493.1638737463427,0.10351449122000773,hiphop
-140.21090698242188,71.62181091308594,-3.7753891944885254,39.00546646118164,4.194393634796143,31.50735855102539,-3.965308666229248,19.7635440826416,-3.7660908699035645,16.000133514404297,-3.170910120010376,11.850970268249512,-1.255204677581787,0.40303683280944824,0.3773099482059479,0.470725953578949,0.4103167653083801,0.4710659384727478,0.4555104672908783,0.3938717544078827,0.469841867685318,0.5286317467689514,0.5215349793434143,0.45737847685813904,0.43359503149986267,2372.727829534901,0.09989130829140867,hiphop
-11.675507545471191,81.99324798583984,-8.505697250366211,52.767826080322266,-14.704219818115234,31.96473503112793,-19.689998626708984,22.869426727294922,-14.710647583007812,14.518811225891113,-10.083078384399414,14.005071640014648,-8.073014259338379,0.4346809387207031,0.46970152854919434,0.48316413164138794,0.4798714816570282,0.48783808946609497,0.5238267779350281,0.5369221568107605,0.5410371422767639,0.5057567954063416,0.544185221195221,0.4567309319972992,0.4242933988571167,2708.9613684451087,0.1246141368759675,hiphop
-59.61098861694336,63.90055847167969,3.4885833263397217,45.23571014404297,-1.1763209104537964,28.23943328857422,-13.166777610778809,23.60512924194336,-6.623220920562744,16.478992462158203,-7.2890753746032715,14.477249145507812,-5.793442726135254,0.4254269003868103,0.39991435408592224,0.4120878279209137,0.48353251814842224,0.528210461139679,0.4219980537891388,0.38716602325439453,0.4292432963848114,0.4910508990287781,0.567543625831604,0.5249960422515869,0.4994804561138153,2859.0217012683083,0.12823807565789475,hiphop
-58.45187759399414,103.05015563964844,-7.215404510498047,44.88186264038086,-8.616437911987305,12.345843315124512,-13.746114730834961,19.974220275878906,-13.128944396972656,17.13624382019043,-3.9520184993743896,15.581610679626465,-0.46276769042015076,0.3877333998680115,0.37632450461387634,0.4291083812713623,0.5305994749069214,0.6232901215553284,0.3741234540939331,0.33116474747657776,0.35171371698379517,0.41265949606895447,0.48839882016181946,0.44859012961387634,0.43444445729255676,2047.1206937169864,0.07867374951625387,hiphop
-111.16548919677734,55.194400787353516,-18.444692611694336,47.21847915649414,-24.78782081604004,22.52642059326172,-21.138931274414062,12.542854309082031,-15.849727630615234,16.296558380126953,-12.565082550048828,9.609180450439453,-12.127598762512207,0.3997052013874054,0.3513115644454956,0.3201746940612793,0.37854263186454773,0.4238680303096771,0.43616822361946106,0.48409169912338257,0.5075365304946899,0.571882426738739,0.55974280834198,0.5109589099884033,0.49731171131134033,3069.3957462220505,0.17691578584558823,hiphop
-95.08694458007812,94.19347381591797,-2.517667293548584,49.53371810913086,-6.613985538482666,33.199676513671875,-7.596035480499268,20.96307945251465,-8.853171348571777,16.792491912841797,-5.245885848999023,10.775888442993164,-3.460482358932495,0.6224749088287354,0.5302032232284546,0.5407103300094604,0.5954059362411499,0.6400058269500732,0.6360834836959839,0.5603899955749512,0.4808812141418457,0.4436548054218292,0.46532905101776123,0.5596407055854797,0.6529878973960876,2199.9161931162494,0.09832480226876934,hiphop
-67.45474243164062,94.84136962890625,-38.85322952270508,37.64174270629883,-12.254446983337402,36.9015007019043,-12.65212631225586,18.297035217285156,-8.852412223815918,17.983484268188477,-7.276881217956543,9.71690845489502,-8.743619918823242,0.40581396222114563,0.4123263657093048,0.40408140420913696,0.42555585503578186,0.41782787442207336,0.40470919013023376,0.42666390538215637,0.47922301292419434,0.46542149782180786,0.421709269285202,0.43867191672325134,0.42643100023269653,2284.553702393839,0.12547203040344426,hiphop
-74.19891357421875,104.60867309570312,-8.396771430969238,49.6582145690918,-9.376968383789062,21.43830680847168,-16.337013244628906,18.781410217285156,-13.079522132873535,18.464000701904297,-14.953655242919922,6.876264572143555,-15.326539039611816,0.37310680747032166,0.38001590967178345,0.44666245579719543,0.4563700556755066,0.42528238892555237,0.48123905062675476,0.4209730923175812,0.4098479449748993,0.48407846689224243,0.5551499724388123,0.4863765835762024,0.4096042513847351,2095.2999106477832,0.0941872611503483,hiphop
-67.10565948486328,112.4154281616211,-23.642478942871094,44.28124237060547,-18.86181640625,23.874338150024414,-13.40441608428955,20.146224975585938,-10.650068283081055,20.62359619140625,-7.508759498596191,14.423368453979492,-9.391209602355957,0.20171859860420227,0.3067680597305298,0.33309441804885864,0.5106544494628906,0.433793306350708,0.37899112701416016,0.3950466811656952,0.42430388927459717,0.4036792814731598,0.38934260606765747,0.3120884895324707,0.215680330991745,1976.5494346772984,0.08725570820433437,hiphop
-129.403564453125,141.74864196777344,-42.52815628051758,34.00181198120117,-6.97137451171875,8.68778133392334,-11.363059997558594,15.943840026855469,-9.015018463134766,6.639111042022705,-8.326205253601074,7.559482574462891,-5.4699249267578125,0.2909215986728668,0.2339836061000824,0.3706743121147156,0.6092994809150696,0.5560449361801147,0.38686296343803406,0.19229035079479218,0.21492896974086761,0.26366886496543884,0.2135186642408371,0.302202433347702,0.44716042280197144,1798.234427846617,0.0966369817869582,hiphop
-51.27444839477539,91.09927368164062,-33.76968765258789,69.93060302734375,-12.95017147064209,23.18763542175293,-13.76931095123291,23.784006118774414,-14.735114097595215,10.69933032989502,-13.481396675109863,6.073526382446289,-14.720098495483398,0.47218042612075806,0.40665966272354126,0.39150235056877136,0.5931233763694763,0.5057321786880493,0.3460533320903778,0.4182716906070709,0.635818362236023,0.776960551738739,0.5865558981895447,0.3725406229496002,0.37040355801582336,2437.144490615668,0.13386653746613777,hiphop
-81.9178695678711,94.7723159790039,-16.236648559570312,40.53056716918945,-12.247199058532715,28.186155319213867,-20.102428436279297,18.10137176513672,-14.641278266906738,14.184541702270508,-7.254330158233643,13.658236503601074,-8.48799991607666,0.5479193329811096,0.541654646396637,0.4972652792930603,0.4437759816646576,0.4704169034957886,0.4253422021865845,0.36090436577796936,0.34589940309524536,0.3477882742881775,0.33859652280807495,0.36070629954338074,0.4031845033168793,2395.49619173608,0.11596868650832043,hiphop
-88.06499481201172,77.37210083007812,-19.096099853515625,51.57594680786133,-11.776864051818848,22.210979461669922,-4.7277069091796875,20.10921859741211,-8.32936954498291,14.603727340698242,-3.811248302459717,8.579865455627441,-11.464594841003418,0.5212697386741638,0.5465664863586426,0.554311215877533,0.5379911661148071,0.4350547194480896,0.3926734924316406,0.39478766918182373,0.4505418837070465,0.4882517158985138,0.4357597827911377,0.39847642183303833,0.45215749740600586,2433.764468111271,0.11047967963912539,hiphop
-76.8237075805664,98.3895492553711,-5.02606201171875,49.33168029785156,-10.28821849822998,33.28682327270508,-9.961770057678223,17.61652183532715,-12.231269836425781,18.665477752685547,-10.976790428161621,11.51085090637207,-10.49024772644043,0.5547246336936951,0.5347094535827637,0.5223081111907959,0.4879245460033417,0.4421825706958771,0.4515846073627472,0.47847115993499756,0.46454930305480957,0.47486159205436707,0.5321137309074402,0.4291972219944,0.4012297987937927,2144.794528258056,0.08034305159152477,hiphop
-113.4963150024414,68.4594497680664,-15.764092445373535,56.38856887817383,-8.150662422180176,27.041563034057617,-12.364465713500977,20.665414810180664,-12.666251182556152,15.433279037475586,-10.998274803161621,14.049128532409668,-12.50255298614502,0.4734867811203003,0.49276530742645264,0.5355643033981323,0.5821748971939087,0.6137726306915283,0.564889132976532,0.44183388352394104,0.35958680510520935,0.332394003868103,0.34419339895248413,0.37903979420661926,0.42297476530075073,2677.639716066268,0.1457859665247678,hiphop
-64.6525650024414,88.2173080444336,-10.360636711120605,41.79439163208008,-2.5611300468444824,22.90143394470215,-6.498876094818115,16.630945205688477,-5.801912307739258,13.093462944030762,-6.912008285522461,3.027008056640625,-9.772856712341309,0.4265965223312378,0.42678987979888916,0.46044808626174927,0.42870432138442993,0.37296903133392334,0.3607650101184845,0.3672766089439392,0.44314348697662354,0.4974377155303955,0.4913966953754425,0.48377466201782227,0.42751654982566833,2470.7222619019626,0.10016379341621517,hiphop
-122.2708969116211,50.5846061706543,-27.789642333984375,66.59070587158203,-6.60440731048584,32.06758499145508,-8.222271919250488,22.451204299926758,-6.941656589508057,21.064743041992188,-6.183084964752197,13.653635025024414,-3.09196138381958,0.3945135474205017,0.3449461758136749,0.36977848410606384,0.4207930862903595,0.44180548191070557,0.5107171535491943,0.5306597948074341,0.5856713056564331,0.6578896045684814,0.6407837271690369,0.5345026850700378,0.45028185844421387,2677.5983922065384,0.10805943728231424,hiphop
-27.619718551635742,94.39550018310547,-20.580795288085938,49.87200164794922,-14.710575103759766,23.870302200317383,-17.60820198059082,24.036556243896484,-15.88477611541748,16.427289962768555,-10.625280380249023,13.89017105102539,-10.467002868652344,0.36060282588005066,0.3626016080379486,0.3754478096961975,0.4397152066230774,0.4245850741863251,0.4984290599822998,0.6437861919403076,0.5433527231216431,0.4756234884262085,0.38369154930114746,0.3302898108959198,0.3247644305229187,2405.583528376153,0.11973245815595976,hiphop
-100.66327667236328,110.21073150634766,1.035768985748291,38.76592254638672,-14.493544578552246,20.65262794494629,-18.038022994995117,12.568845748901367,-14.126208305358887,15.102986335754395,-9.2415771484375,11.399988174438477,-9.509011268615723,0.4747926592826843,0.4735221862792969,0.4059654176235199,0.33572742342948914,0.37352830171585083,0.484638512134552,0.41438236832618713,0.38226568698883057,0.4407670795917511,0.44293293356895447,0.5501564741134644,0.49718084931373596,2025.7166368995138,0.0753997708252709,hiphop
-44.67913055419922,101.1993179321289,-26.271495819091797,52.9307746887207,-11.720015525817871,26.934398651123047,-13.28641128540039,20.705005645751953,-17.487642288208008,11.86238956451416,-10.670160293579102,8.376947402954102,-15.428060531616211,0.3221636414527893,0.2766634225845337,0.38021108508110046,0.33298373222351074,0.3447929918766022,0.4865987300872803,0.4282398521900177,0.6186748147010803,0.42212432622909546,0.40466609597206116,0.2908705770969391,0.2647121548652649,2240.3031802876058,0.10668265044504643,hiphop
-62.99481201171875,86.32369995117188,-37.947296142578125,39.57345199584961,-16.532899856567383,21.116252899169922,-12.255192756652832,13.09414291381836,-12.382426261901855,16.648332595825195,-3.980501890182495,8.853623390197754,-6.325511455535889,0.31602105498313904,0.3378264904022217,0.38993096351623535,0.3993704617023468,0.42057427763938904,0.500724196434021,0.5500842332839966,0.523101270198822,0.516636312007904,0.4963056743144989,0.3893109858036041,0.3305409252643585,2517.747734885853,0.13887293198529413,hiphop
-44.37471389770508,93.3746566772461,-22.270526885986328,48.86194610595703,-13.884773254394531,34.41938400268555,-6.297982215881348,25.889358520507812,-12.322335243225098,20.435733795166016,-5.749464988708496,11.854347229003906,-11.54943561553955,0.3805079460144043,0.3448367714881897,0.37690702080726624,0.44901394844055176,0.5295574069023132,0.5729113817214966,0.580714225769043,0.6239126920700073,0.670830249786377,0.6166651248931885,0.5046159625053406,0.4378347098827362,2305.1590945533026,0.10742111914667182,hiphop
-103.22315216064453,30.572120666503906,20.80903434753418,45.81602096557617,9.800678253173828,8.627315521240234,1.6164562702178955,12.33467960357666,0.5186646580696106,4.992222309112549,-2.8359498977661133,8.032366752624512,-1.3974609375,0.48939815163612366,0.45070675015449524,0.48303917050361633,0.47867104411125183,0.476281076669693,0.49911928176879883,0.48638221621513367,0.5174933075904846,0.47523191571235657,0.43033578991889954,0.43741416931152344,0.48210611939430237,3459.980501661103,0.17347174015576625,hiphop
-109.07124328613281,76.9149169921875,2.592334032058716,19.05963706970215,0.5502821803092957,8.174562454223633,-8.068408012390137,5.952351093292236,-4.330567359924316,3.656076192855835,-1.5556679964065552,2.6334877014160156,2.252040386199951,0.5394147038459778,0.5402975082397461,0.5630791783332825,0.40713363885879517,0.31313028931617737,0.2993706166744232,0.32234200835227966,0.32909026741981506,0.333291620016098,0.4081190228462219,0.4931003749370575,0.5844235420227051,2637.4232219262044,0.1028002098248839,hiphop
-83.20265197753906,67.71298217773438,1.230516791343689,29.658491134643555,12.577920913696289,5.61306619644165,6.2118377685546875,8.097905158996582,-4.784865856170654,7.664915084838867,-1.1791573762893677,4.24271821975708,1.930667519569397,0.631981611251831,0.3573031723499298,0.2639220654964447,0.23212546110153198,0.24076151847839355,0.24422091245651245,0.3123971223831177,0.42449161410331726,0.42502760887145996,0.4142792522907257,0.42585107684135437,0.523176372051239,2774.871060337549,0.11459341137770898,hiphop
-72.51429748535156,57.03794860839844,5.948390007019043,25.90442657470703,6.662389278411865,11.494861602783203,5.109200954437256,10.105276107788086,0.9503964781761169,8.685616493225098,-1.687050700187683,5.997684478759766,0.14304205775260925,0.3648527264595032,0.3830251693725586,0.3614867925643921,0.4485434889793396,0.5145344734191895,0.3790563941001892,0.39667221903800964,0.46671199798583984,0.5853396058082581,0.5046638250350952,0.456571489572525,0.42480742931365967,3131.3432607004365,0.11568637529024768,hiphop
-23.794031143188477,43.716941833496094,30.550689697265625,26.501972198486328,4.336692810058594,21.913747787475586,2.576287031173706,6.990405082702637,-1.4965211153030396,4.582283020019531,0.41704249382019043,2.464586019515991,-4.074756145477295,0.6903626918792725,0.6030499935150146,0.4925144612789154,0.49270179867744446,0.4956318736076355,0.5282262563705444,0.537423849105835,0.5292742848396301,0.47350120544433594,0.49643605947494507,0.5522763729095459,0.5793352127075195,3724.7745542619245,0.1727574587606424,hiphop
-25.108787536621094,60.825592041015625,-4.187173366546631,14.848387718200684,6.795022964477539,6.098334312438965,15.451295852661133,3.7847344875335693,5.65980863571167,10.247506141662598,0.8633309602737427,4.183889389038086,0.9262049198150635,0.43892425298690796,0.41009587049484253,0.4578365087509155,0.4018745422363281,0.49904176592826843,0.47774121165275574,0.3737168312072754,0.4664868712425232,0.5463935136795044,0.6818476915359497,0.5474817752838135,0.4567076861858368,3084.823804546642,0.13644361938854488,hiphop
-148.12135314941406,90.5676498413086,-0.2753233015537262,28.85523796081543,19.306163787841797,15.24502944946289,4.281466484069824,15.5199556350708,1.27260422706604,11.12907600402832,8.849079132080078,6.316172122955322,1.6312522888183594,0.5252237319946289,0.5453065633773804,0.4868883192539215,0.4984973073005676,0.5087469220161438,0.4416782557964325,0.4742636978626251,0.4262896478176117,0.4775785803794861,0.4295812249183655,0.4141101837158203,0.4757993817329407,2145.890945678912,0.07872191436531008,hiphop
-31.93762969970703,59.89347839355469,-2.707521438598633,33.514892578125,13.086963653564453,9.461901664733887,-1.6719099283218384,14.184528350830078,3.13834810256958,6.803654193878174,1.1695599555969238,3.89937162399292,1.6967896223068237,0.470403254032135,0.5018710494041443,0.5407397150993347,0.5889769196510315,0.5379671454429626,0.5832935571670532,0.4958648681640625,0.40567880868911743,0.44485968351364136,0.442474365234375,0.5158272385597229,0.47596117854118347,2982.0828218625525,0.15224662284732973,hiphop
5.841989517211914,53.23731231689453,-8.979135513305664,26.945999145507812,0.4411507844924927,15.555137634277344,1.6571179628372192,7.66583251953125,4.98477840423584,8.606435775756836,3.4144680500030518,8.525943756103516,1.1329907178878784,0.44533953070640564,0.47117793560028076,0.48211443424224854,0.5124896764755249,0.5016034245491028,0.48633846640586853,0.45524299144744873,0.4367280900478363,0.4597471356391907,0.43070709705352783,0.49949946999549866,0.45778751373291016,3191.1765117370255,0.16916602167182662,hiphop
-100.91944122314453,64.29093933105469,12.551603317260742,26.481693267822266,12.407429695129395,12.135958671569824,2.4698939323425293,18.496997833251953,1.5057791471481323,12.057713508605957,-1.4862085580825806,6.731626510620117,3.8606362342834473,0.5845924615859985,0.4860574007034302,0.3967083990573883,0.33250337839126587,0.3428398370742798,0.3870235085487366,0.4819313585758209,0.5350823402404785,0.6569203734397888,0.7561743259429932,0.7163573503494263,0.6697870492935181,2825.5302060644444,0.10329945094814241,hiphop
-220.95443725585938,41.13650894165039,-13.999250411987305,33.61878967285156,12.183348655700684,13.665728569030762,5.954323768615723,7.631933212280273,5.290375232696533,10.472712516784668,4.765573024749756,6.500653266906738,6.490898609161377,0.4265784025192261,0.4097440242767334,0.5129199624061584,0.612511396408081,0.45902836322784424,0.42909783124923706,0.440834105014801,0.5261940360069275,0.6416674852371216,0.6619840860366821,0.6278457641601562,0.4770353436470032,2960.013105340155,0.12089987362132353,hiphop
-96.66390228271484,30.600751876831055,2.5303547382354736,12.692529678344727,-10.973727226257324,-2.1038084030151367,-3.6324102878570557,-7.5899434089660645,-5.321712493896484,-0.6840313076972961,-4.148995399475098,-3.1092333793640137,-4.859254360198975,0.40668949484825134,0.4316009283065796,0.4529001712799072,0.36940672993659973,0.369501531124115,0.4096648395061493,0.391778826713562,0.4839150011539459,0.4099034070968628,0.35442984104156494,0.41972827911376953,0.4086224436759949,3770.0765106624654,0.21284149453366874,hiphop
-62.80690002441406,72.10189819335938,-16.1141357421875,27.41850471496582,5.560953617095947,1.8214277029037476,3.9023923873901367,8.463777542114258,-2.00744891166687,5.825008869171143,0.1558639407157898,-0.3015003502368927,-0.66753751039505,0.29257771372795105,0.2793472707271576,0.38540181517601013,0.30624350905418396,0.3335684835910797,0.43795493245124817,0.4719371497631073,0.48045170307159424,0.43394002318382263,0.5283179879188538,0.4777049124240875,0.3535999357700348,2202.2948946843676,0.09668724603328173,hiphop
-121.61006164550781,76.9194107055664,29.01348114013672,9.935918807983398,3.173764705657959,5.175321578979492,4.968313217163086,-1.0265122652053833,1.1707607507705688,2.1393537521362305,3.117647886276245,1.1366775035858154,-0.7820609211921692,0.43632790446281433,0.4001734256744385,0.409431517124176,0.41104385256767273,0.38353246450424194,0.3730727434158325,0.3540404140949249,0.4063778817653656,0.33794572949409485,0.3919180929660797,0.40940573811531067,0.36737850308418274,2706.6714628489012,0.1125715037248452,hiphop
-185.25148010253906,96.74281311035156,44.60040283203125,13.892826080322266,6.014659404754639,-2.906555652618408,3.261850595474243,-9.664786338806152,-3.648592472076416,5.25120735168457,-0.9549689292907715,7.6877121925354,6.088024616241455,0.24407704174518585,0.41597414016723633,0.3337513208389282,0.527815043926239,0.3246396780014038,0.33601701259613037,0.4147479236125946,0.3062921166419983,0.28799211978912354,0.26435691118240356,0.35386863350868225,0.3614872097969055,2431.6745536158296,0.10152508526025542,hiphop
-76.58263397216797,68.3375244140625,-0.9878047108650208,30.34624671936035,3.6340487003326416,5.201216697692871,3.2781922817230225,2.940854549407959,5.555166244506836,4.673672199249268,4.329291343688965,3.4459428787231445,2.8557052612304688,0.40686890482902527,0.47071582078933716,0.42924901843070984,0.36301305890083313,0.4005357027053833,0.40274620056152344,0.44243496656417847,0.5180116891860962,0.5340588092803955,0.43943360447883606,0.3373461961746216,0.35539552569389343,2708.8083141428915,0.12015460223974458,hiphop
-74.3597412109375,48.817752838134766,4.047643184661865,35.846370697021484,12.497231483459473,13.474960327148438,9.024468421936035,12.567509651184082,2.486557960510254,12.132177352905273,9.134346008300781,3.928713321685791,4.571033000946045,0.4268149733543396,0.4950941801071167,0.658637523651123,0.7593485116958618,0.5908048748970032,0.45080476999282837,0.3682277798652649,0.37191203236579895,0.3422163724899292,0.3022710978984833,0.2875005900859833,0.3323715627193451,2908.796471318714,0.10257420967976007,hiphop
-155.6377410888672,113.65833282470703,-4.024228572845459,18.278228759765625,13.483907699584961,8.251856803894043,8.810650825500488,11.110942840576172,8.910264015197754,10.224346160888672,6.1002116203308105,9.73854923248291,9.320226669311523,0.42379501461982727,0.43223893642425537,0.320217490196228,0.40334293246269226,0.6414912939071655,0.35447958111763,0.310085266828537,0.4081990718841553,0.5463396906852722,0.6583053469657898,0.45176082849502563,0.3923673927783966,1834.8226201664872,0.06156538735971362,hiphop
-267.5225524902344,77.79210662841797,-18.18976593017578,18.888137817382812,1.9943968057632446,-7.58877420425415,4.7138776779174805,-7.698332786560059,-10.356959342956543,10.97526741027832,-2.8659422397613525,-5.7574381828308105,2.3471529483795166,0.30715131759643555,0.2787141799926758,0.3469158411026001,0.30558720231056213,0.36296314001083374,0.33087244629859924,0.43310290575027466,0.419513463973999,0.36703142523765564,0.4292958378791809,0.3317053020000458,0.35364288091659546,2548.7636099360616,0.14338613220781735,hiphop
-121.61006164550781,76.9194107055664,29.01348114013672,9.935918807983398,3.173764705657959,5.175321578979492,4.968313217163086,-1.0265122652053833,1.1707607507705688,2.1393537521362305,3.117647886276245,1.1366775035858154,-0.7820609211921692,0.43632790446281433,0.4001734256744385,0.409431517124176,0.41104385256767273,0.38353246450424194,0.3730727434158325,0.3540404140949249,0.4063778817653656,0.33794572949409485,0.3919180929660797,0.40940573811531067,0.36737850308418274,2706.6714628489012,0.1125715037248452,hiphop
-75.66786193847656,91.02239990234375,9.864940643310547,25.094079971313477,11.801715850830078,10.166982650756836,0.12458094954490662,8.227128028869629,1.6348942518234253,0.497039794921875,1.8070878982543945,5.492985725402832,1.2929037809371948,0.5366699695587158,0.5014604330062866,0.48201337456703186,0.5023897290229797,0.5397164225578308,0.5187546610832214,0.426327109336853,0.40768495202064514,0.4502248466014862,0.5171728730201721,0.5295589566230774,0.49414491653442383,2306.786333638483,0.09149226610874613,hiphop
-76.64228057861328,52.77649688720703,34.64007568359375,26.187644958496094,16.660327911376953,11.346407890319824,5.853891849517822,6.904237747192383,3.664475917816162,-0.9604269862174988,3.87589693069458,4.487944602966309,0.6365995407104492,0.37881046533584595,0.37046024203300476,0.38839173316955566,0.41022390127182007,0.4805644452571869,0.5237683057785034,0.5399743914604187,0.5693120956420898,0.5306037664413452,0.44355353713035583,0.37774550914764404,0.3794666826725006,3236.2092131808367,0.10935685952012383,hiphop
-87.6807861328125,79.37557983398438,25.071245193481445,45.16530990600586,11.19914436340332,18.170175552368164,3.520857810974121,6.995575428009033,1.2674152851104736,2.360787868499756,-1.7764662504196167,-0.01260183472186327,-2.7059743404388428,0.3214665949344635,0.28559020161628723,0.27935314178466797,0.36181753873825073,0.5339645743370056,0.4925045669078827,0.45296311378479004,0.4611726701259613,0.46688246726989746,0.5874322652816772,0.4425743818283081,0.31045639514923096,2344.385703637443,0.07745040090460527,hiphop
-44.555233001708984,41.62350082397461,29.912630081176758,51.86369323730469,12.875630378723145,13.724888801574707,7.962604999542236,9.29023265838623,8.388367652893066,1.8994230031967163,1.1413116455078125,4.5649919509887695,5.524622440338135,0.5014446973800659,0.5058046579360962,0.4842569828033447,0.44040119647979736,0.4057275652885437,0.3978329598903656,0.3820696473121643,0.41821202635765076,0.5198114514350891,0.6286153793334961,0.5779522657394409,0.5466330051422119,3084.4973664314452,0.10872005309113777,hiphop
-114.06301879882812,110.11894989013672,17.93018341064453,37.93009567260742,27.968828201293945,1.4038033485412598,15.553620338439941,1.425545573234558,7.354289531707764,-3.325509786605835,8.241861343383789,-0.18475700914859772,0.6828672885894775,0.4206412136554718,0.40918195247650146,0.39060652256011963,0.4749152660369873,0.4584747552871704,0.46097514033317566,0.43126028776168823,0.41028979420661926,0.3883679211139679,0.39151445031166077,0.45558813214302063,0.4326501488685608,1683.7287656142807,0.04244418779024768,hiphop
-78.71351623535156,73.09977722167969,21.83403968811035,49.21601104736328,3.114288806915283,18.307453155517578,1.8565903902053833,8.398898124694824,1.4257844686508179,4.219165325164795,-1.323271632194519,1.2506556510925293,-3.0139784812927246,0.39947906136512756,0.37700796127319336,0.4189201891422272,0.473670095205307,0.466167151927948,0.3307982385158539,0.28852301836013794,0.3190392851829529,0.32045650482177734,0.4585271179676056,0.44665664434432983,0.4239593744277954,2500.521404911738,0.09951791674729102,hiphop
-146.51693725585938,81.55852508544922,31.962297439575195,22.430374145507812,5.098354816436768,13.628087043762207,6.495129108428955,8.408916473388672,4.4383158683776855,5.01066255569458,1.8354231119155884,2.864581346511841,4.526801586151123,0.528315007686615,0.4252012372016907,0.4432867169380188,0.4385965168476105,0.35620999336242676,0.3785838782787323,0.3661704659461975,0.3749043047428131,0.420870840549469,0.5096703767776489,0.6311761140823364,0.6637934446334839,2595.782821610755,0.08231280536474458,hiphop
-144.97781372070312,66.67152404785156,44.280052185058594,22.528505325317383,6.521360397338867,8.850330352783203,11.895541191101074,5.837181091308594,3.0436742305755615,6.451862812042236,3.5622899532318115,2.5228521823883057,3.830937623977661,0.5522600412368774,0.4731887876987457,0.4486384391784668,0.4703817367553711,0.444843590259552,0.4607771635055542,0.40170231461524963,0.5005135536193848,0.6074036955833435,0.5618931651115417,0.5947040319442749,0.5663589835166931,3079.1103340087907,0.10707796173568111,hiphop
-104.71599578857422,64.03459930419922,28.791667938232422,10.546079635620117,15.168903350830078,13.066783905029297,8.023292541503906,5.234204292297363,6.736820220947266,5.124849796295166,4.446024417877197,4.464317321777344,3.354733943939209,0.565268337726593,0.5088657140731812,0.4181210994720459,0.37020036578178406,0.36655882000923157,0.3762895464897156,0.4141137897968292,0.44099920988082886,0.44182461500167847,0.44273585081100464,0.49032431840896606,0.5284179449081421,3258.7937668169607,0.12631934198432662,hiphop
-161.47679138183594,104.0411148071289,-10.936408996582031,43.69308090209961,13.973774909973145,14.4622163772583,7.506261348724365,9.48156452178955,6.43916654586792,6.995227336883545,1.3608630895614624,4.438622951507568,-2.926755905151367,0.27883678674697876,0.37668049335479736,0.45154380798339844,0.5852821469306946,0.5627275109291077,0.4496312141418457,0.40959054231643677,0.33101165294647217,0.2798757553100586,0.28151261806488037,0.3624328076839447,0.31877970695495605,1735.5854903743884,0.07250031745839783,hiphop
-101.08124542236328,72.4087142944336,-2.374790906906128,46.05116653442383,5.545093536376953,24.215150833129883,3.5403549671173096,14.531002044677734,5.654685974121094,13.535110473632812,4.972192764282227,9.905891418457031,2.9368953704833984,0.47904902696609497,0.3933916985988617,0.3623459041118622,0.40715745091438293,0.4929555058479309,0.5716715455055237,0.5519908666610718,0.5221606492996216,0.49316567182540894,0.5211795568466187,0.546545147895813,0.5585528612136841,2355.621296823601,0.07013033934791021,hiphop
-113.62826538085938,87.07086944580078,-0.6380833983421326,52.25518035888672,19.37762451171875,19.676193237304688,15.387044906616211,13.7107515335083,6.9510931968688965,9.077070236206055,7.965795993804932,4.412704944610596,-0.15473127365112305,0.20128832757472992,0.20914217829704285,0.29343530535697937,0.39400556683540344,0.4181655943393707,0.35121026635169983,0.44629380106925964,0.6297242045402527,0.6576860547065735,0.6024589538574219,0.3676585853099823,0.23699447512626648,1811.0907893923022,0.05145433738873839,hiphop
-109.83064270019531,63.10463333129883,-13.84090518951416,43.019493103027344,6.1420440673828125,23.18745994567871,8.019647598266602,10.65602970123291,0.9803227782249451,5.321308135986328,-1.832165002822876,-1.4251207113265991,-1.863974690437317,0.5054155588150024,0.5013135075569153,0.47637873888015747,0.4459472894668579,0.47719159722328186,0.43457433581352234,0.4494137167930603,0.5068960189819336,0.5425369739532471,0.6284096837043762,0.5825672149658203,0.5230318307876587,2676.5339159173477,0.13613863257062694,hiphop
-133.2266845703125,93.95074462890625,-2.2413456439971924,50.19545364379883,12.518453598022461,15.036698341369629,11.511906623840332,10.248600006103516,7.951723575592041,10.803760528564453,1.9746123552322388,5.198634147644043,1.066261887550354,0.5269323587417603,0.45214757323265076,0.4461343586444855,0.47264358401298523,0.5487645268440247,0.6857482194900513,0.5459302067756653,0.44870316982269287,0.4532832205295563,0.5033798217773438,0.4550701379776001,0.45609554648399353,1949.3068336318568,0.06300302038989938,hiphop
-153.50096130371094,92.77770233154297,-15.882088661193848,57.952423095703125,8.575667381286621,18.462398529052734,13.276261329650879,11.162718772888184,7.613731861114502,12.974225044250488,5.661204814910889,7.017446041107178,2.8843374252319336,0.4689764380455017,0.4223184883594513,0.4372275769710541,0.4003389775753021,0.30945155024528503,0.27311307191848755,0.3259328603744507,0.429822713136673,0.5775477886199951,0.5833272337913513,0.5225483179092407,0.5256127119064331,1717.834483382323,0.05390783729198916,hiphop
-127.29856872558594,95.7888412475586,-12.756138801574707,37.964439392089844,20.579317092895508,23.185546875,8.276987075805664,9.6158447265625,8.685040473937988,5.521230220794678,6.679731369018555,4.026427745819092,1.7274876832962036,0.5904588103294373,0.48204976320266724,0.4026109576225281,0.36014634370803833,0.45931223034858704,0.5013031363487244,0.4808693528175354,0.4842594861984253,0.4589099586009979,0.4455645680427551,0.501908004283905,0.5162302255630493,1811.4872110056333,0.06727699303405572,hiphop
-144.1154022216797,73.38273620605469,4.689500331878662,24.034183502197266,12.896576881408691,14.024166107177734,8.642744064331055,6.908734321594238,-1.2130749225616455,-0.8405232429504395,1.162618637084961,2.5793063640594482,-1.1129529476165771,0.44480952620506287,0.40886592864990234,0.4485657811164856,0.4826050400733948,0.5502623319625854,0.49290117621421814,0.5067494511604309,0.4816654622554779,0.47095009684562683,0.45381948351860046,0.4535631537437439,0.4682575762271881,2449.072471257414,0.10955073589880031,hiphop
-98.84099578857422,71.1085205078125,-10.045742988586426,31.723390579223633,5.144659519195557,1.875218391418457,-8.893279075622559,-4.2644500732421875,-5.9622368812561035,-4.269474029541016,-0.6587040424346924,-1.8606144189834595,-0.5169800519943237,0.40628501772880554,0.4039742052555084,0.3545636534690857,0.39252886176109314,0.3846972584724426,0.42467108368873596,0.5346254110336304,0.44555577635765076,0.44560515880584717,0.491630494594574,0.5817529559135437,0.47974321246147156,2671.0740466843918,0.12218709183920279,hiphop
-82.42477416992188,69.95745849609375,10.693318367004395,48.8040771484375,4.639569282531738,13.286026954650879,-1.7903581857681274,5.122208118438721,-1.084924340248108,-2.7959132194519043,-2.5498504638671875,0.21808503568172455,-3.1269516944885254,0.3532939851284027,0.34746479988098145,0.33432263135910034,0.3640170097351074,0.37509092688560486,0.3897697329521179,0.3742579519748688,0.40017959475517273,0.555583119392395,0.5536648035049438,0.4605919420719147,0.3878355622291565,2429.9366980056257,0.07981168670181889,hiphop
-140.1487579345703,77.06105041503906,42.02964782714844,31.239227294921875,12.191808700561523,10.215243339538574,3.7374846935272217,8.286639213562012,-1.5532026290893555,-1.7558186054229736,3.626760482788086,4.589858531951904,-2.549267053604126,0.44587886333465576,0.48705175518989563,0.5250639319419861,0.5317696928977966,0.49891284108161926,0.43894344568252563,0.3948539197444916,0.31538259983062744,0.2864161729812622,0.31989797949790955,0.365523099899292,0.4037223756313324,2447.981517210075,0.0886033946884675,hiphop
-111.8478775024414,89.10122680664062,13.179903984069824,36.34461212158203,-3.2759246826171875,3.8778231143951416,0.5638424158096313,6.3377275466918945,-2.179609775543213,2.9791018962860107,-1.6365569829940796,-0.3662911355495453,-3.4718985557556152,0.6214185953140259,0.539222240447998,0.348375141620636,0.28171777725219727,0.24999040365219116,0.21833212673664093,0.3738554120063782,0.3219403922557831,0.37803226709365845,0.4336920976638794,0.49542340636253357,0.6551182270050049,2245.1543617872862,0.0793853854247291,hiphop
-74.77094268798828,58.740535736083984,9.939784049987793,21.57010841369629,15.071627616882324,4.9377288818359375,2.282747983932495,5.468897342681885,3.1200332641601562,0.6039441823959351,2.4664061069488525,4.211440086364746,3.4745802879333496,0.5529336929321289,0.4836949110031128,0.5030986070632935,0.44187647104263306,0.4049436151981354,0.42907094955444336,0.45791980624198914,0.5269033908843994,0.5466470718383789,0.5432074069976807,0.5382267236709595,0.552119791507721,3053.2752032918966,0.1268197168875774,hiphop
-66.0644302368164,74.915771484375,20.63437843322754,39.274261474609375,8.157337188720703,15.135332107543945,-0.3828370273113251,5.572951316833496,1.461735486984253,-0.6336607336997986,-1.571073055267334,1.455990195274353,-2.4145190715789795,0.33397603034973145,0.3324834704399109,0.34684693813323975,0.40522176027297974,0.4759661853313446,0.45107364654541016,0.44373294711112976,0.446001261472702,0.4724123477935791,0.5801655054092407,0.4503968060016632,0.3270213007926941,2545.058137328884,0.09572391096652477,hiphop
-59.20925521850586,36.20804214477539,39.83427810668945,49.9761962890625,10.150850296020508,16.89043426513672,9.769880294799805,4.446043968200684,2.411560297012329,1.7071006298065186,2.36737060546875,3.909562110900879,3.2013638019561768,0.42728492617607117,0.4107929766178131,0.4244970977306366,0.41960710287094116,0.415195107460022,0.4307900667190552,0.4541400969028473,0.5111299157142639,0.602908194065094,0.681522786617279,0.5905430316925049,0.5065128207206726,3299.440188118393,0.1209660107875387,hiphop
-81.68595123291016,82.3359603881836,53.542030334472656,25.494243621826172,15.711484909057617,19.212007522583008,8.440927505493164,6.372036933898926,0.20460082590579987,0.15445595979690552,1.1984615325927734,1.5259027481079102,-0.7252470254898071,0.3389224708080292,0.2944774925708771,0.31911614537239075,0.33408665657043457,0.4201106131076813,0.5590132474899292,0.5389770865440369,0.5136188268661499,0.48122525215148926,0.45308545231819153,0.4971754848957062,0.42107346653938293,2501.25903379901,0.06926450936048761,hiphop
-78.69876098632812,51.46027755737305,42.21704864501953,30.07628631591797,20.110864639282227,6.993340969085693,8.018717765808105,6.883306980133057,-4.620158672332764,3.649606466293335,3.6401922702789307,4.324947834014893,2.607875108718872,0.48330557346343994,0.5362443327903748,0.5632624626159668,0.499549925327301,0.38253867626190186,0.3499447703361511,0.3515983521938324,0.38649675250053406,0.346459299325943,0.32895296812057495,0.3012973666191101,0.3169119954109192,3186.910019337875,0.10757606907894737,hiphop
-118.02058410644531,102.30680084228516,20.772592544555664,37.01067352294922,24.395523071289062,7.802753925323486,15.927474021911621,-1.5940946340560913,6.763178825378418,-0.7802006006240845,8.579757690429688,1.4736058712005615,-4.222729682922363,0.42928528785705566,0.38966017961502075,0.38120320439338684,0.5117002129554749,0.5010557770729065,0.48009076714515686,0.46960511803627014,0.45132607221603394,0.4139971137046814,0.37373432517051697,0.4362274408340454,0.4189624488353729,1818.8189646845494,0.05136250120936533,hiphop
-78.25045013427734,70.1887435913086,45.90895080566406,42.075984954833984,15.097312927246094,10.68984603881836,-0.6920254230499268,-0.6105203032493591,0.3715642988681793,-0.3509228229522705,1.1027350425720215,-0.6717469096183777,-0.8145327568054199,0.33598434925079346,0.3069450557231903,0.40289199352264404,0.4598538279533386,0.542567253112793,0.4773240089416504,0.5244107246398926,0.5158475637435913,0.37044984102249146,0.3128482699394226,0.3798362612724304,0.44122257828712463,2566.5587161240874,0.08562004160216719,hiphop
-68.78752899169922,62.37388610839844,24.279096603393555,53.78571319580078,-1.9191564321517944,12.823493003845215,-4.358759880065918,12.354515075683594,-0.22019344568252563,9.053526878356934,-0.9775519371032715,3.941970109939575,1.916253924369812,0.37533119320869446,0.4215308129787445,0.5089464783668518,0.5486422181129456,0.5274853110313416,0.5135294198989868,0.44495445489883423,0.46477681398391724,0.4971751272678375,0.5541998147964478,0.4397831857204437,0.3909818232059479,2775.2916756205336,0.11079033535700464,hiphop
-94.57141876220703,51.72364807128906,17.519943237304688,28.90424156188965,2.0637569427490234,3.727111339569092,-1.851620078086853,4.3683600425720215,8.78132152557373,2.1316022872924805,-1.3799784183502197,4.691601276397705,4.077907085418701,0.44054514169692993,0.3820689618587494,0.40238654613494873,0.388746052980423,0.37330907583236694,0.40535828471183777,0.4522978961467743,0.532903254032135,0.5384005308151245,0.5296472907066345,0.49272456765174866,0.47580239176750183,3139.605595979825,0.146737207938274,hiphop
-111.2291488647461,89.941162109375,4.453145980834961,14.53057861328125,9.934057235717773,-9.441967010498047,2.9049582481384277,-0.13894076645374298,-3.0650675296783447,3.2723679542541504,-1.496965765953064,1.5704437494277954,2.39640474319458,0.5565378665924072,0.5461030006408691,0.49201342463493347,0.3587091267108917,0.40002796053886414,0.38380366563796997,0.4274366497993469,0.3395765721797943,0.3201172351837158,0.3647978901863098,0.3982728123664856,0.512485921382904,2328.3253525938053,0.09669745005321208,hiphop
-25.853546142578125,70.94635772705078,9.548489570617676,17.47974967956543,-1.6311872005462646,-0.5474361181259155,0.26069027185440063,-4.643626689910889,-0.5859255790710449,-3.0860726833343506,-2.4065418243408203,0.3865390121936798,-2.1581430435180664,0.5259910225868225,0.44858819246292114,0.43532079458236694,0.5317114591598511,0.4127190113067627,0.33692800998687744,0.3856223225593567,0.5018417239189148,0.4686184227466583,0.4425896406173706,0.5099959969520569,0.5312120914459229,2986.424482322364,0.13766243288022445,hiphop
-111.2291488647461,89.941162109375,4.453145980834961,14.53057861328125,9.934057235717773,-9.441967010498047,2.9049582481384277,-0.13894076645374298,-3.0650675296783447,3.2723679542541504,-1.496965765953064,1.5704437494277954,2.39640474319458,0.5565378665924072,0.5461030006408691,0.49201342463493347,0.3587091267108917,0.40002796053886414,0.38380366563796997,0.4274366497993469,0.3395765721797943,0.3201172351837158,0.3647978901863098,0.3982728123664856,0.512485921382904,2328.3253525938053,0.09669745005321208,hiphop
-79.74996185302734,62.275123596191406,-5.1084465980529785,18.229969024658203,12.862356185913086,-14.114572525024414,4.911667346954346,1.6750953197479248,-5.780055522918701,0.8144436478614807,-3.8078806400299072,2.012064218521118,3.414438247680664,0.4393622875213623,0.4936317503452301,0.45549747347831726,0.4333554804325104,0.3819177448749542,0.36538317799568176,0.3570999205112457,0.3723031282424927,0.386798620223999,0.44824928045272827,0.5279394388198853,0.46575096249580383,3213.1475995725405,0.17240182976973684,hiphop
-64.00121307373047,50.8045654296875,6.60215950012207,27.830774307250977,6.633703708648682,0.2985534071922302,2.8219563961029053,3.21342134475708,0.16524186730384827,0.6103196740150452,0.09556546807289124,-5.067102909088135,2.6628100872039795,0.3759933114051819,0.33835268020629883,0.3260327875614166,0.3430406153202057,0.3350910246372223,0.3320349454879761,0.3359069526195526,0.40213385224342346,0.5466949939727783,0.5713099837303162,0.5039466023445129,0.4322887361049652,3377.342805929625,0.15500095237519348,hiphop
-216.06976318359375,122.55899047851562,0.9373159408569336,39.35661697387695,9.288217544555664,26.045793533325195,-4.027805805206299,18.25638198852539,-6.511410236358643,13.911773681640625,-3.0722880363464355,8.8768310546875,-4.358553409576416,0.708000659942627,0.7792871594429016,0.6686787605285645,0.4763835072517395,0.43976542353630066,0.3833475112915039,0.36759501695632935,0.395128458738327,0.5493140816688538,0.49909165501594543,0.45672106742858887,0.523709774017334,1469.3760072038706,0.05177973224651703,hiphop
-122.78052520751953,95.06128692626953,-29.363250732421875,46.78004455566406,-15.998562812805176,27.117586135864258,-13.113779067993164,20.25800323486328,-5.389464855194092,15.45925235748291,-6.909566879272461,15.645837783813477,-6.707096099853516,0.4630533754825592,0.47137024998664856,0.4644743800163269,0.4379937946796417,0.47152629494667053,0.4651566743850708,0.48364168405532837,0.5854246020317078,0.52975994348526,0.5451235175132751,0.6280490159988403,0.49785739183425903,2290.107317796501,0.11322947404702012,hiphop
-122.01622772216797,89.59381866455078,-25.749513626098633,40.978492736816406,-4.280537128448486,27.573909759521484,-15.565974235534668,22.410400390625,-10.840677261352539,19.818462371826172,-8.638997077941895,19.100217819213867,-8.472635269165039,0.43708670139312744,0.4969503581523895,0.5073262453079224,0.4617313742637634,0.42152905464172363,0.4469447731971741,0.4257853627204895,0.4250360131263733,0.4519595205783844,0.43063637614250183,0.43348926305770874,0.43663451075553894,2368.0288949553296,0.11085004776993033,hiphop
-214.3130340576172,100.31755065917969,-33.45656967163086,47.25948715209961,-8.953328132629395,12.991591453552246,-17.3225040435791,11.068474769592285,-11.724059104919434,8.812742233276367,-7.832298755645752,6.2648186683654785,-0.1049594134092331,0.4396652281284332,0.46548905968666077,0.4658227562904358,0.5163847804069519,0.587470531463623,0.6246183514595032,0.5704277157783508,0.5633479952812195,0.5143516063690186,0.4678601622581482,0.4809052050113678,0.46393144130706787,2044.4018831699113,0.10514864611551858,hiphop
-114.30268859863281,80.86408233642578,-18.181608200073242,50.66254806518555,-14.933624267578125,29.264699935913086,-20.05033302307129,18.588346481323242,-17.68691635131836,16.672950744628906,-11.416135787963867,16.29712677001953,-4.47333288192749,0.4281347393989563,0.4754336476325989,0.4525943398475647,0.4669745862483978,0.47373872995376587,0.4533675014972687,0.43607786297798157,0.47923028469085693,0.4939277172088623,0.5159183740615845,0.5556898713111877,0.49049410223960876,2607.901477732147,0.1272399713380418,hiphop
-198.9750518798828,92.61563110351562,-19.53598976135254,39.54047775268555,-0.6448094844818115,33.591434478759766,-6.465564727783203,27.517139434814453,-2.4129981994628906,14.994362831115723,-2.9805147647857666,14.907301902770996,-3.387167453765869,0.4492399990558624,0.4348579943180084,0.42451703548431396,0.40108171105384827,0.35424473881721497,0.37072649598121643,0.4758012592792511,0.5687583684921265,0.6631305813789368,0.7083675265312195,0.5002146363258362,0.40713098645210266,2083.393807295725,0.0798679977747678,hiphop
-168.34710693359375,70.93956756591797,-3.0408055782318115,54.825477600097656,-12.104619979858398,30.515268325805664,-1.5212910175323486,28.844463348388672,-8.925713539123535,18.759965896606445,-6.6007914543151855,14.602880477905273,-3.575063467025757,0.5285791158676147,0.4938484728336334,0.5459863543510437,0.5658143758773804,0.5695081949234009,0.5820965766906738,0.606156051158905,0.6739353537559509,0.6517298817634583,0.6397145986557007,0.603367269039154,0.5448219180107117,2472.488643988058,0.08769334728134674,hiphop
-89.86678314208984,79.76334381103516,-25.7373046875,47.72638702392578,-10.019150733947754,31.556943893432617,-22.197519302368164,26.661226272583008,-10.976783752441406,18.82318115234375,-15.56501293182373,14.414715766906738,-10.038894653320312,0.46507805585861206,0.4727781414985657,0.48848608136177063,0.4074978530406952,0.46004602313041687,0.46310967206954956,0.38470160961151123,0.4116500914096832,0.42824047803878784,0.5192214250564575,0.5220353603363037,0.49726641178131104,2694.9757203214963,0.14991216984326625,hiphop
-103.13826751708984,74.09021759033203,-22.434640884399414,51.60478973388672,-7.079813480377197,32.67097473144531,-14.993523597717285,19.642501831054688,-7.071233749389648,22.27215003967285,-7.324057579040527,17.61178207397461,-0.045685309916734695,0.4925762414932251,0.6311309337615967,0.5252246856689453,0.47302958369255066,0.5103117823600769,0.5472689867019653,0.47850924730300903,0.46805059909820557,0.5430187582969666,0.46151313185691833,0.41944941878318787,0.42965978384017944,2670.154564498446,0.11762400529702012,hiphop
-109.5091781616211,97.38956451416016,-20.61962127685547,37.36667251586914,-3.12599778175354,28.611204147338867,-14.169424057006836,23.862110137939453,-8.736170768737793,19.89246368408203,-11.298630714416504,17.9396915435791,-3.482387065887451,0.5084263682365417,0.43667951226234436,0.42345279455184937,0.47497880458831787,0.5690552592277527,0.5226908326148987,0.45866909623146057,0.45641595125198364,0.46733537316322327,0.4923437833786011,0.4979901909828186,0.4811346232891083,2272.8344394005203,0.10450163566660217,hiphop
-105.56951141357422,76.67491149902344,-24.77430534362793,55.19899368286133,-8.257658004760742,28.89926528930664,-15.747581481933594,26.304574966430664,-8.491438865661621,20.45464324951172,-8.151382446289062,13.922347068786621,-6.56631326675415,0.48958298563957214,0.5061677098274231,0.5015619397163391,0.525812566280365,0.6087073683738708,0.6299617290496826,0.5486997365951538,0.5046517252922058,0.5137081146240234,0.5379690527915955,0.5613828301429749,0.47718343138694763,2628.9767336632103,0.1385550956607972,hiphop
-144.99234008789062,84.06177520751953,10.8482027053833,43.60133361816406,6.281899452209473,36.12910842895508,-14.66227912902832,26.80546760559082,-10.336030006408691,24.696184158325195,-8.724149703979492,18.79265022277832,-4.396878719329834,0.424809992313385,0.402385413646698,0.38756686449050903,0.43820658326148987,0.48103067278862,0.41440895199775696,0.397218257188797,0.46261605620384216,0.5681731700897217,0.6984355449676514,0.586479127407074,0.47206053137779236,2330.8396284977375,0.07263901654411764,hiphop
-191.63844299316406,41.31780242919922,4.992498874664307,65.46561431884766,-4.320229530334473,42.641536712646484,-12.25316047668457,23.817209243774414,-4.27325963973999,16.039920806884766,-5.085684299468994,16.431041717529297,-9.372979164123535,0.4468453824520111,0.427094966173172,0.4258958697319031,0.46762850880622864,0.5652268528938293,0.6245810389518738,0.49716365337371826,0.46919769048690796,0.4617617130279541,0.44724607467651367,0.44282791018486023,0.4427868723869324,3185.1421645019136,0.15219749238099844,hiphop
-169.93531799316406,98.0576171875,-11.31148910522461,38.26552200317383,5.069619178771973,25.395584106445312,-11.830673217773438,25.108501434326172,-5.5583882331848145,19.205223083496094,-2.9109885692596436,18.213062286376953,6.105380535125732,0.5304390788078308,0.4304800033569336,0.35271283984184265,0.3429110050201416,0.3518639802932739,0.34101295471191406,0.36419177055358887,0.43131202459335327,0.5366590023040771,0.6150508522987366,0.6036298871040344,0.6070427894592285,1929.5861395660595,0.054190904363390094,hiphop
-92.59165954589844,77.41268157958984,-32.756370544433594,54.59611892700195,-13.19919490814209,33.656280517578125,-12.085771560668945,28.01538848876953,-11.966781616210938,18.829349517822266,-6.670477390289307,13.036639213562012,-7.021347522735596,0.5782085061073303,0.5125276446342468,0.5176578164100647,0.5241666436195374,0.5505073666572571,0.5555652976036072,0.5712716579437256,0.6083285808563232,0.6382325887680054,0.6060565710067749,0.5337340831756592,0.5520480275154114,2735.79580212033,0.15760335538409442,hiphop
-128.1535186767578,124.58419799804688,-37.20049285888672,43.89212417602539,-12.789881706237793,18.988998413085938,-9.285406112670898,19.7816104888916,-6.878118515014648,13.477490425109863,-5.979897975921631,12.329025268554688,-4.652768611907959,0.3771771788597107,0.3752399981021881,0.4155636727809906,0.4896625578403473,0.5750036835670471,0.5030999183654785,0.367369681596756,0.3450832664966583,0.4065752625465393,0.42024359107017517,0.40545403957366943,0.4165029525756836,1752.0147471390123,0.08312648147252322,hiphop
-111.1899642944336,80.63883209228516,-0.8759599328041077,50.617801666259766,-13.474104881286621,35.325801849365234,-14.840683937072754,21.19380760192871,-13.577967643737793,19.628597259521484,-11.768654823303223,16.968807220458984,-9.362855911254883,0.47624319791793823,0.48540493845939636,0.49322617053985596,0.5829417109489441,0.5244469046592712,0.4319532513618469,0.4093363881111145,0.40669840574264526,0.44015589356422424,0.4442189335823059,0.49655255675315857,0.49447932839393616,2581.727525217468,0.11598796076818886,hiphop
-129.95169067382812,72.02136993408203,-23.253374099731445,63.23063659667969,-6.87346887588501,34.40077209472656,-12.189913749694824,30.506071090698242,-7.582158088684082,20.6044979095459,-6.19744873046875,14.683234214782715,-2.9395949840545654,0.5032558441162109,0.5881572365760803,0.6252491474151611,0.5389016270637512,0.491898775100708,0.4590989947319031,0.4403052031993866,0.46691182255744934,0.583071231842041,0.6088254451751709,0.5563082098960876,0.5400721430778503,2538.2434921295203,0.10066983721942724,hiphop
-138.7483367919922,100.20922088623047,-31.457195281982422,32.44475555419922,-2.7770369052886963,13.11102294921875,-14.5094575881958,13.948756217956543,-15.169027328491211,8.20479679107666,-4.920586109161377,3.523158311843872,-7.980302333831787,0.376780241727829,0.45188045501708984,0.5967008471488953,0.47170010209083557,0.40843814611434937,0.3763028383255005,0.42000260949134827,0.4170473515987396,0.4461871087551117,0.48073291778564453,0.37278252840042114,0.3528655469417572,1963.1932861624273,0.1015708143866099,hiphop
-251.99102783203125,137.88876342773438,-11.156676292419434,8.355846405029297,0.7175981998443604,1.5888837575912476,-3.736992120742798,-4.138826370239258,-5.510426044464111,-2.6428098678588867,-3.5355749130249023,-3.145066499710083,-1.8456103801727295,0.4411800503730774,0.3049900531768799,0.32514849305152893,0.4008047878742218,0.45688319206237793,0.3333986699581146,0.21857187151908875,0.3620448112487793,0.3876485824584961,0.3219725787639618,0.2843277156352997,0.2969471514225006,1504.4850155324564,0.07846437814434984,jazz
-345.7681884765625,146.9813995361328,-0.49109604954719543,22.63897132873535,5.818591594696045,10.342899322509766,-0.1702681928873062,-1.7211475372314453,-6.119700908660889,-0.5134583711624146,1.0318325757980347,1.2220971584320068,-1.9446278810501099,0.35441383719444275,0.3236207962036133,0.3267255127429962,0.2978436350822449,0.3659656345844269,0.5559316277503967,0.373529851436615,0.2773183286190033,0.23306803405284882,0.25736474990844727,0.23908202350139618,0.33299776911735535,1266.346201396591,0.0592777972619969,jazz
-257.0179748535156,175.31582641601562,-44.81547164916992,25.66323471069336,-4.256741523742676,-0.22128815948963165,-11.32312297821045,-9.186279296875,-4.0999321937561035,-8.300054550170898,-22.553421020507812,-7.608668804168701,-7.653321743011475,0.3992210328578949,0.32671278715133667,0.22911688685417175,0.1875137984752655,0.12928131222724915,0.2396303117275238,0.20663747191429138,0.18866203725337982,0.24314887821674347,0.3114471733570099,0.4416622519493103,0.30849817395210266,1064.8215157992543,0.0578726659249226,jazz
-297.2326965332031,193.094482421875,10.13585376739502,-1.604259729385376,3.4037551879882812,9.997605323791504,-7.269056797027588,4.690434455871582,-5.398844242095947,-2.8661930561065674,-10.235335350036621,0.3849239647388458,-4.966054916381836,0.22550641000270844,0.32352134585380554,0.4928218424320221,0.23907515406608582,0.2727350890636444,0.3530915081501007,0.44136127829551697,0.21447689831256866,0.2830660343170166,0.2231275737285614,0.3695099353790283,0.3940805494785309,813.4386379736914,0.04467433303502322,jazz
-270.31201171875,137.554931640625,5.6220316886901855,42.50809860229492,-7.959412097930908,9.935898780822754,-6.823992729187012,8.244321823120117,-6.1889543533325195,5.46956205368042,-5.445732116699219,-5.178623199462891,-6.994631767272949,0.08927322924137115,0.07788440585136414,0.18287451565265656,0.2720507085323334,0.13224643468856812,0.1006597951054573,0.2944297790527344,0.19611899554729462,0.13526137173175812,0.2124197781085968,0.15579921007156372,0.21222053468227386,1039.7104745190281,0.04776879656056501,jazz
-246.32089233398438,120.20308685302734,-0.934164822101593,30.68938636779785,0.191153421998024,23.146516799926758,0.42938441038131714,9.1720552444458,-0.5738321542739868,5.722522258758545,-3.756934881210327,4.23167085647583,-0.27937397360801697,0.30321019887924194,0.16462701559066772,0.16641922295093536,0.2575414478778839,0.18295857310295105,0.22509720921516418,0.17260898649692535,0.22824835777282715,0.4035239815711975,0.28491342067718506,0.2935146987438202,0.2966693043708801,1267.9899185341335,0.057861328125,jazz
-234.3426055908203,142.72239685058594,-14.277185440063477,51.923065185546875,-8.200179100036621,12.773935317993164,-4.295217990875244,12.082511901855469,-13.723852157592773,-1.5506784915924072,-3.9817662239074707,4.937513828277588,-3.9372153282165527,0.22274239361286163,0.19612891972064972,0.2950863540172577,0.3502501845359802,0.24953925609588623,0.3464343547821045,0.3720300495624542,0.20964352786540985,0.20861686766147614,0.21478800475597382,0.3107568621635437,0.32244566082954407,1220.0295209430099,0.04806244557856037,jazz
-291.96649169921875,137.6410675048828,2.6701064109802246,35.63743591308594,-12.31061840057373,15.607240676879883,-6.798582553863525,-2.8389623165130615,-3.790433168411255,-3.4771761894226074,-1.725541114807129,10.397662162780762,8.311189651489258,0.24016539752483368,0.25854089856147766,0.16559520363807678,0.26019224524497986,0.172868549823761,0.27891701459884644,0.10984534025192261,0.11427244544029236,0.11191614717245102,0.1523205190896988,0.3352537453174591,0.1664157658815384,1170.156796160003,0.06483445300406347,jazz
-189.9169464111328,134.41616821289062,-25.677438735961914,45.74530029296875,8.189717292785645,21.450271606445312,-4.58437967300415,14.39094066619873,-12.6600923538208,10.28064250946045,-7.9415693283081055,-1.1395624876022339,-5.0479888916015625,0.3866611123085022,0.36366739869117737,0.3533002436161041,0.36887338757514954,0.30176112055778503,0.3509576618671417,0.3387244641780853,0.37557753920555115,0.30247077345848083,0.3187883496284485,0.45996707677841187,0.3679877519607544,1304.6853072764807,0.04627485245743034,jazz
-296.6781005859375,172.37864685058594,16.86704444885254,18.952924728393555,1.3671668767929077,14.381316184997559,0.9986541867256165,9.520248413085938,-7.417555332183838,3.521702527999878,-7.6593427658081055,-0.10418455302715302,-7.962854862213135,0.20209547877311707,0.3676658272743225,0.2615317702293396,0.19760121405124664,0.24140845239162445,0.20279814302921295,0.32658740878105164,0.27812856435775757,0.34834015369415283,0.25823575258255005,0.25906261801719666,0.25930559635162354,749.3568923103393,0.03169028456366099,jazz
-318.8001708984375,162.651611328125,-16.452930450439453,39.11607360839844,31.457944869995117,15.257576942443848,-0.6891270875930786,5.7950263023376465,-8.640235900878906,-4.003876209259033,1.3734984397888184,0.09258098155260086,-3.0869431495666504,0.26495301723480225,0.2644321322441101,0.43932944536209106,0.3804779648780823,0.3583662807941437,0.24609266221523285,0.2551687955856323,0.41831162571907043,0.3347354829311371,0.36422839760780334,0.3254707455635071,0.305694580078125,829.297629003448,0.033065559694272446,jazz
-192.51739501953125,113.1836929321289,-6.373058319091797,39.59309387207031,-9.189579010009766,17.204055786132812,-19.114599227905273,12.203581809997559,-15.4758882522583,9.702116966247559,-10.961740493774414,12.922776222229004,-7.292179107666016,0.3365163803100586,0.1961737871170044,0.36921924352645874,0.3067620098590851,0.20804205536842346,0.3686122000217438,0.263555109500885,0.3513701260089874,0.2613581418991089,0.3843437731266022,0.3329787850379944,0.22358012199401855,1825.9751750083572,0.07692054772155572,jazz
-253.2285919189453,122.68326568603516,-5.654043674468994,40.59252166748047,-5.846395492553711,18.4277400970459,-16.653335571289062,14.598944664001465,-15.162858963012695,8.216917991638184,-13.890626907348633,8.282560348510742,-7.312088966369629,0.4415288269519806,0.31011325120925903,0.33114272356033325,0.3527389466762543,0.2880234122276306,0.3686658442020416,0.3434182405471802,0.38331228494644165,0.4160921573638916,0.3715202510356903,0.4377096891403198,0.32132139801979065,1651.0000253804194,0.06369991715847523,jazz
-217.64451599121094,112.63787078857422,12.686544418334961,39.54150390625,-9.824912071228027,17.383014678955078,-12.365174293518066,20.717960357666016,-18.302825927734375,16.355810165405273,-10.025547981262207,9.036938667297363,-6.899486541748047,0.3149767518043518,0.25709789991378784,0.25110870599746704,0.24370281398296356,0.26250556111335754,0.2899635434150696,0.3082408010959625,0.3877750337123871,0.36975187063217163,0.45272132754325867,0.38698410987854004,0.24792855978012085,1790.006149597724,0.061073326843072755,jazz
-358.30572509765625,137.95895385742188,-11.000713348388672,20.8516902923584,1.947358250617981,-3.4139952659606934,-11.520309448242188,-3.2774696350097656,-11.0208158493042,-8.386406898498535,-7.478809833526611,-1.0018491744995117,-6.738014221191406,0.26834264397621155,0.10610318183898926,0.2627464830875397,0.18161402642726898,0.2918199598789215,0.23073343932628632,0.14048944413661957,0.21391089260578156,0.12753057479858398,0.18805816769599915,0.17053158581256866,0.20236076414585114,1171.7778494695315,0.06494254002999227,jazz
-200.01402282714844,117.22406768798828,-12.37673282623291,39.10684585571289,-6.360408782958984,16.52885627746582,-17.306795120239258,13.629066467285156,-17.661602020263672,14.030025482177734,-10.206363677978516,12.177011489868164,-6.719635963439941,0.3388277590274811,0.3030771315097809,0.308180034160614,0.38216930627822876,0.31481996178627014,0.33662497997283936,0.3379771411418915,0.3718315660953522,0.40082335472106934,0.3696805536746979,0.3085491359233856,0.22290799021720886,1782.4772448641631,0.07357060577109133,jazz
-259.82958984375,123.20835876464844,-6.411299705505371,37.57597351074219,-2.9846904277801514,13.062032699584961,-14.093770980834961,5.306913375854492,-11.979528427124023,3.5143046379089355,-9.639544486999512,5.340486526489258,-7.840780258178711,0.2964600920677185,0.1981935352087021,0.23019106686115265,0.26461532711982727,0.19717733561992645,0.2679623067378998,0.27939772605895996,0.2013626992702484,0.23107269406318665,0.21290741860866547,0.23148539662361145,0.3830103874206543,1465.516121696498,0.06986427897639319,jazz
-233.09597778320312,105.91776275634766,-2.676614284515381,37.433624267578125,-8.178378105163574,15.727415084838867,-15.066481590270996,8.377423286437988,-16.380409240722656,8.63088321685791,-9.384077072143555,7.093085765838623,-5.999111652374268,0.23027704656124115,0.24188511073589325,0.26640698313713074,0.39316537976264954,0.26187944412231445,0.29526013135910034,0.2853816747665405,0.27278798818588257,0.3761833906173706,0.582767903804779,0.6012668013572693,0.3367147445678711,1934.517120777341,0.08418656576528638,jazz
-192.12538146972656,105.58748626708984,-26.0310115814209,40.159423828125,-6.654979228973389,26.4967041015625,-10.388105392456055,18.469724655151367,-13.995582580566406,14.937352180480957,-12.686880111694336,9.585426330566406,-5.195147514343262,0.3641910254955292,0.23046152293682098,0.3391494154930115,0.23274856805801392,0.30689939856529236,0.3814619481563568,0.410527765750885,0.5349931120872498,0.40314429998397827,0.3715696334838867,0.2951048016548157,0.37065038084983826,1992.9408896772322,0.0877088422745743,jazz
-267.28662109375,129.05224609375,-14.737059593200684,41.268768310546875,-1.014971137046814,22.953378677368164,-8.132360458374023,11.17974853515625,-9.073575019836426,11.3184232711792,-5.499914169311523,13.5791015625,-1.1755174398422241,0.33172622323036194,0.29713672399520874,0.2613193094730377,0.30312204360961914,0.3283824324607849,0.26577138900756836,0.2551872134208679,0.16913235187530518,0.19893884658813477,0.18852829933166504,0.1755668669939041,0.20149973034858704,1352.9901253634762,0.05548416940789474,jazz
-376.69403076171875,119.16358184814453,-2.9616613388061523,48.508880615234375,13.156192779541016,21.244487762451172,0.012301087379455566,8.008127212524414,-0.41269516944885254,2.3665778636932373,-0.03935624286532402,0.8969520330429077,1.6664363145828247,0.2557083070278168,0.24410396814346313,0.23445609211921692,0.23534296452999115,0.2973405718803406,0.28801193833351135,0.30924558639526367,0.33127361536026,0.36345359683036804,0.3872832655906677,0.2759205400943756,0.2498607039451599,1171.3008454419294,0.03297183388157895,jazz
-174.7040252685547,75.89945220947266,-12.792850494384766,52.60661697387695,-29.416118621826172,22.748615264892578,-22.366758346557617,18.63333511352539,-24.70472526550293,21.16802406311035,-13.802682876586914,13.009406089782715,-7.859887599945068,0.3244396448135376,0.3575386703014374,0.39707356691360474,0.3964165449142456,0.4446243345737457,0.5548363327980042,0.49084988236427307,0.39867621660232544,0.45839881896972656,0.514919102191925,0.5027160048484802,0.3541600704193115,2915.1352677290415,0.1813991298616486,jazz
-298.8079528808594,112.0782241821289,6.485770225524902,28.386516571044922,-6.764679431915283,16.651893615722656,-11.809683799743652,12.746783256530762,-8.347038269042969,13.898632049560547,-4.235764026641846,2.319571018218994,-4.326793670654297,0.11770157516002655,0.13393542170524597,0.22052909433841705,0.1884836107492447,0.1682121902704239,0.19326651096343994,0.1299302726984024,0.20379294455051422,0.364458292722702,0.2875998914241791,0.22451786696910858,0.18576142191886902,1451.4983709587166,0.05122229041698916,jazz
-188.1099090576172,98.63330841064453,-11.278644561767578,47.217750549316406,-20.33315086364746,18.78586769104004,-15.79450511932373,13.689794540405273,-15.455809593200684,17.430904388427734,1.0143803358078003,18.283550262451172,4.647218227386475,0.19681021571159363,0.3850240707397461,0.22199144959449768,0.35708919167518616,0.2560226619243622,0.31228336691856384,0.17760561406612396,0.16201597452163696,0.18621641397476196,0.14255055785179138,0.1044878289103508,0.14725370705127716,1987.9269514759108,0.08007358988003097,jazz
-202.60838317871094,105.84573364257812,-20.537837982177734,43.8979606628418,-14.272346496582031,25.29953956604004,-15.592005729675293,15.311660766601562,-13.294727325439453,12.276098251342773,-8.764145851135254,10.158416748046875,-1.8681050539016724,0.3593232333660126,0.31153133511543274,0.3552685081958771,0.4246212840080261,0.35289156436920166,0.3058190941810608,0.29102933406829834,0.3358403742313385,0.3452233672142029,0.3599013388156891,0.348848432302475,0.40010717511177063,2034.579158061201,0.0932473575367647,jazz
-237.66241455078125,108.30335998535156,2.0399816036224365,41.77372741699219,-10.451949119567871,16.930843353271484,-8.600078582763672,12.785670280456543,-9.114532470703125,15.938528060913086,-6.518535137176514,7.173824310302734,-8.253262519836426,0.23180751502513885,0.22485072910785675,0.21019263565540314,0.3076413571834564,0.21850933134555817,0.24292171001434326,0.47774550318717957,0.31949666142463684,0.2852666676044464,0.25833913683891296,0.24647760391235352,0.19039811193943024,1698.069097537734,0.0636243318256579,jazz
-414.1497802734375,104.8441390991211,-7.821512699127197,37.875396728515625,0.21377837657928467,23.427854537963867,-7.274100303649902,5.76659631729126,-1.0599749088287354,8.49860668182373,-5.490029335021973,0.8940593004226685,-1.463813066482544,0.1641530990600586,0.21906106173992157,0.11628135293722153,0.1359539031982422,0.3599573075771332,0.3083498477935791,0.13345816731452942,0.14451351761817932,0.22780318558216095,0.28781524300575256,0.19702675938606262,0.12797607481479645,1367.4115371823048,0.05863569985971362,jazz
-262.1243896484375,108.98235321044922,-6.3325514793396,55.18973922729492,-10.662286758422852,18.535446166992188,-4.250916481018066,18.56122398376465,-19.70691680908203,17.5748291015625,-10.982368469238281,11.932400703430176,-3.4279112815856934,0.2766425907611847,0.2954319417476654,0.3106444180011749,0.314502477645874,0.28688547015190125,0.34271901845932007,0.40072211623191833,0.4787902235984802,0.40065625309944153,0.30215415358543396,0.27346834540367126,0.22085483372211456,1769.401598572535,0.0626534382256192,jazz
-233.75851440429688,108.46988677978516,-10.714609146118164,38.699588775634766,-10.764275550842285,14.162391662597656,-16.25852394104004,10.371634483337402,-20.81631851196289,10.0704984664917,-12.02409839630127,7.765772342681885,-12.021538734436035,0.22318272292613983,0.218949094414711,0.23010452091693878,0.2770634591579437,0.27300140261650085,0.2935788333415985,0.2395201474428177,0.3018954396247864,0.3239775002002716,0.3029642105102539,0.33990296721458435,0.29317671060562134,1853.5659404817295,0.07490468689531733,jazz
-232.9984588623047,93.82678985595703,-16.198394775390625,49.573951721191406,-13.947245597839355,13.494128227233887,-11.828399658203125,13.290519714355469,-25.828712463378906,17.37681007385254,-13.317584991455078,9.277925491333008,-5.493784427642822,0.31075355410575867,0.3978491723537445,0.36900758743286133,0.3956039845943451,0.3115158677101135,0.28715988993644714,0.2955126464366913,0.2608114778995514,0.2765348553657532,0.24234899878501892,0.24056440591812134,0.2644137442111969,2235.3440263233524,0.09940416082140092,jazz
-318.9285888671875,115.70397186279297,-23.042325973510742,52.599456787109375,-12.819438934326172,14.633502006530762,-8.213702201843262,0.30774956941604614,-23.876354217529297,10.842195510864258,-9.591383934020996,7.483323574066162,-4.242236614227295,0.2147398740053177,0.2552446126937866,0.26320570707321167,0.21948152780532837,0.30161792039871216,0.21659745275974274,0.14789699018001556,0.1261373907327652,0.2252369225025177,0.34901317954063416,0.28899747133255005,0.21235790848731995,1687.2984527938816,0.0846627533620356,jazz
-237.49929809570312,115.94337463378906,-15.457233428955078,47.112403869628906,-13.510732650756836,18.199331283569336,-13.971240043640137,15.334492683410645,-17.5358943939209,13.420798301696777,-6.230585098266602,8.634657859802246,-7.248400688171387,0.2347131073474884,0.22108212113380432,0.2677672505378723,0.3144300580024719,0.2903638482093811,0.3154944181442261,0.31207746267318726,0.34224286675453186,0.32972317934036255,0.40054750442504883,0.42864707112312317,0.2753845453262329,1752.8065045704263,0.07241415017898607,jazz
-305.4945068359375,121.92649841308594,2.594775915145874,36.921051025390625,-8.559167861938477,17.905397415161133,-9.270870208740234,10.555924415588379,-9.937911987304688,2.3099348545074463,-12.685079574584961,0.3053419888019562,-8.618949890136719,0.24622033536434174,0.24310985207557678,0.30632054805755615,0.22929629683494568,0.2706281244754791,0.2641952931880951,0.3552324175834656,0.37661921977996826,0.30821630358695984,0.29819756746292114,0.22269874811172485,0.2485877424478531,1522.348449286544,0.06140930364744582,jazz
-261.798095703125,139.52618408203125,-17.128894805908203,49.89491653442383,-5.8686442375183105,19.853361129760742,1.8584792613983154,5.718642711639404,-7.831182479858398,-0.4173504710197449,-1.2528473138809204,-2.1903841495513916,4.465002059936523,0.24670325219631195,0.27673816680908203,0.25797736644744873,0.2867865264415741,0.24083416163921356,0.2265436202287674,0.23017540574073792,0.23049543797969818,0.311549574136734,0.3681386709213257,0.35685697197914124,0.25545087456703186,1169.6513052388445,0.042349706124226005,jazz
-146.4124755859375,118.20677947998047,-34.6727409362793,58.787296295166016,-14.969061851501465,34.30445098876953,-6.603354454040527,13.900938034057617,-14.645583152770996,9.20051383972168,-11.337798118591309,1.0974868535995483,-5.503308296203613,0.2585674226284027,0.16914474964141846,0.22412064671516418,0.4125218391418457,0.35300931334495544,0.46546223759651184,0.2873324155807495,0.3271304965019226,0.441729336977005,0.2850244641304016,0.2930832505226135,0.22319406270980835,1759.5124735322347,0.07934494727167182,jazz
-261.8772888183594,182.5357208251953,-16.90709114074707,49.87154769897461,-1.2144476175308228,6.345548152923584,6.002386093139648,-8.873109817504883,-10.316280364990234,-3.2050650119781494,-5.371814250946045,-3.5495333671569824,-2.891636610031128,0.40271663665771484,0.23682133853435516,0.3232577443122864,0.2081436812877655,0.27422839403152466,0.20411597192287445,0.1880718320608139,0.2356489896774292,0.19331510365009308,0.30007320642471313,0.25738832354545593,0.35070517659187317,844.139158472617,0.03772993058243034,jazz
-196.8430633544922,152.7996368408203,-36.9100456237793,41.80352020263672,-8.70901870727539,4.415907859802246,-11.570120811462402,1.4324355125427246,-14.735855102539062,0.46832039952278137,-10.170390129089355,-6.922009468078613,-6.252429962158203,0.3090638816356659,0.32353314757347107,0.44780662655830383,0.24302196502685547,0.27465108036994934,0.3971574008464813,0.20410409569740295,0.30583396553993225,0.24810996651649475,0.379679411649704,0.4901798665523529,0.24527482688426971,1482.2909039482727,0.09955948868034056,jazz
-198.46253967285156,140.6854248046875,-18.416391372680664,30.510448455810547,-6.705268383026123,15.720155715942383,-0.7331225275993347,7.296829700469971,-6.585082054138184,6.074649810791016,-5.132957935333252,3.448296308517456,-2.8441162109375,0.24365048110485077,0.26908713579177856,0.2706155478954315,0.28427642583847046,0.254435271024704,0.4185003638267517,0.2890814244747162,0.3245777189731598,0.27394992113113403,0.24984370172023773,0.2991260886192322,0.24223199486732483,1276.6962578384557,0.05151291602167183,jazz
-179.59478759765625,124.32764434814453,-29.741775512695312,45.38368225097656,-10.188966751098633,17.780799865722656,-8.817681312561035,12.764226913452148,-10.756725311279297,8.615612030029297,-12.390896797180176,3.3914453983306885,-12.01815128326416,0.39263489842414856,0.23979105055332184,0.17702223360538483,0.1674308031797409,0.24600987136363983,0.3589138984680176,0.2552841305732727,0.3616562485694885,0.3394676148891449,0.25221386551856995,0.31436529755592346,0.3225322365760803,1554.3796467342697,0.0664005811000387,jazz
-237.23965454101562,146.8258056640625,-24.444063186645508,64.27366638183594,-10.833980560302734,3.25913143157959,-1.3375036716461182,2.725534439086914,5.168942928314209,0.3977409899234772,9.611379623413086,2.5067873001098633,3.1193675994873047,0.28556960821151733,0.23481497168540955,0.18871256709098816,0.2758997976779938,0.24777299165725708,0.32720473408699036,0.2021707147359848,0.22341708838939667,0.3030039668083191,0.2152143120765686,0.24300932884216309,0.22538389265537262,1311.6069322444187,0.0765237247242647,jazz
-179.79029846191406,147.7628936767578,-20.479698181152344,58.62397384643555,-23.809179306030273,2.467825412750244,-3.1952929496765137,-9.30136775970459,-5.759235382080078,-0.4264563322067261,-8.366729736328125,3.1024649143218994,-6.85118293762207,0.34821587800979614,0.2766117751598358,0.1527891308069229,0.19416996836662292,0.16647307574748993,0.19588486850261688,0.2239065319299698,0.2745912969112396,0.3315407931804657,0.23175710439682007,0.20326712727546692,0.2408429980278015,1317.1069234804231,0.0548605904121517,jazz
-216.31118774414062,134.9827880859375,-35.480674743652344,61.595497131347656,-14.545804977416992,11.046170234680176,1.2093088626861572,10.962496757507324,-8.294632911682129,-1.4437148571014404,0.12248735129833221,8.2815580368042,-4.578641414642334,0.3291901648044586,0.20788423717021942,0.35664403438568115,0.45259910821914673,0.306888610124588,0.29616039991378784,0.23874855041503906,0.34693071246147156,0.22178931534290314,0.26238301396369934,0.4028032720088959,0.27672290802001953,1617.8954526280595,0.10063091077302631,jazz
-206.78492736816406,141.83738708496094,-13.811613082885742,49.34670639038086,-24.811641693115234,11.820208549499512,-12.791095733642578,-16.557239532470703,-8.389538764953613,-1.2063179016113281,-7.65068244934082,-1.371184229850769,-9.34677505493164,0.23507092893123627,0.18797926604747772,0.2719777226448059,0.2843349874019623,0.2763841152191162,0.37441644072532654,0.30882349610328674,0.3286052346229553,0.20368868112564087,0.278776079416275,0.353343665599823,0.31988927721977234,1344.4488685825497,0.06121202592879257,jazz
-173.28468322753906,111.69588470458984,-35.922306060791016,45.85530090332031,-11.438426971435547,19.691587448120117,-8.049165725708008,17.947189331054688,-8.94970989227295,14.695818901062012,-10.342501640319824,4.670975685119629,-11.798713684082031,0.29111409187316895,0.2147858738899231,0.2580339312553406,0.24794691801071167,0.27045753598213196,0.21117432415485382,0.2222142368555069,0.37750664353370667,0.2516297399997711,0.3200295865535736,0.18793556094169617,0.19256927073001862,1760.2398025931382,0.08566917206849846,jazz
-246.97653198242188,167.98892211914062,-19.80153465270996,22.009904861450195,-0.7347983717918396,15.09326171875,-1.2836858034133911,4.728427410125732,-2.061988592147827,6.532095909118652,-1.384499430656433,5.637634754180908,-0.28600573539733887,0.2509287893772125,0.25044894218444824,0.4336124658584595,0.3341314494609833,0.3279789388179779,0.26133856177330017,0.18314875662326813,0.2799382507801056,0.22762905061244965,0.2974408268928528,0.2678724229335785,0.20501479506492615,1004.9502771230314,0.04966409878095975,jazz
-231.3232421875,174.37615966796875,-19.749839782714844,47.375022888183594,-1.976766586303711,6.66658878326416,-1.1248576641082764,-5.499824523925781,-13.732545852661133,-3.69299578666687,-6.315066814422607,-1.5051618814468384,-2.6337108612060547,0.3789215683937073,0.2854686975479126,0.19929644465446472,0.25644776225090027,0.268327921628952,0.21247132122516632,0.17813289165496826,0.35595548152923584,0.3408001661300659,0.2683274745941162,0.2949478328227997,0.304772287607193,937.3979933729273,0.04262597051567337,jazz
-204.2321319580078,147.5966033935547,-25.2186279296875,49.354251861572266,-15.650294303894043,2.700042724609375,-7.84955358505249,-10.642350196838379,-4.798891544342041,-3.6669726371765137,-3.505948543548584,1.568752646446228,1.4722061157226562,0.25839146971702576,0.19220313429832458,0.19226302206516266,0.350200355052948,0.22320860624313354,0.2714517116546631,0.24859434366226196,0.25449174642562866,0.21892543137073517,0.195806086063385,0.35057613253593445,0.24655106663703918,1295.2562362132712,0.058650061072948914,jazz
-201.8074951171875,109.28429412841797,-15.505194664001465,44.28395462036133,-11.047104835510254,18.85179901123047,-11.312691688537598,18.409912109375,-18.91156578063965,11.226408004760742,-11.899514198303223,6.9697394371032715,-11.650191307067871,0.3631642162799835,0.3278003931045532,0.3413839340209961,0.3590540289878845,0.3520659804344177,0.4008493721485138,0.36110082268714905,0.3326769769191742,0.3582880198955536,0.33268535137176514,0.36840325593948364,0.40543869137763977,1982.1284065663644,0.09357350824787151,jazz
-204.8289031982422,117.45068359375,-20.93970489501953,42.00593185424805,-10.364102363586426,19.208967208862305,-11.633758544921875,7.984111785888672,-20.26410484313965,8.785672187805176,-11.697369575500488,5.1714863777160645,-11.23897647857666,0.3405441641807556,0.2582113742828369,0.31491124629974365,0.24919411540031433,0.2939544916152954,0.2502107322216034,0.2976534068584442,0.3442155718803406,0.2436811625957489,0.24902315437793732,0.21841773390769958,0.3315650522708893,1748.0333593267528,0.0792973285119969,jazz
-165.46795654296875,87.24910736083984,24.815532684326172,28.417308807373047,-2.780550479888916,-1.3317887783050537,-14.066439628601074,-4.747462272644043,-19.206073760986328,-0.5928637385368347,-11.947256088256836,-8.335516929626465,-8.235878944396973,0.12293705344200134,0.10667383670806885,0.1810186356306076,0.18599525094032288,0.2798718512058258,0.35195302963256836,0.20412476360797882,0.20601876080036163,0.24826034903526306,0.3608165979385376,0.17950944602489471,0.0916493609547615,2050.136011182281,0.06479514863099846,jazz
-55.190040588378906,77.4786376953125,8.272335052490234,31.56097412109375,11.512486457824707,11.753402709960938,7.877706050872803,13.517611503601074,-2.2645761966705322,5.61616849899292,1.4572817087173462,7.372972011566162,-0.9271542429924011,0.35182222723960876,0.45201054215431213,0.6834778785705566,0.3999117910861969,0.3083186745643616,0.34850504994392395,0.3846948444843292,0.5404313206672668,0.4278048574924469,0.39347031712532043,0.32431256771087646,0.30973684787750244,2482.069759803357,0.08078258030185759,jazz
-260.8979797363281,138.52455139160156,-16.35112190246582,49.15070343017578,-5.258574962615967,19.35455322265625,2.2062227725982666,5.555695056915283,-7.8772125244140625,-0.19809219241142273,-1.617018222808838,-1.7220757007598877,3.9436960220336914,0.24668624997138977,0.2767001986503601,0.2579958736896515,0.2868190109729767,0.2408323436975479,0.22656965255737305,0.23021991550922394,0.23054173588752747,0.3115687370300293,0.36816421151161194,0.35684534907341003,0.25548499822616577,1193.8785302218275,0.0424521242501935,jazz
-91.21620178222656,82.60240173339844,12.171335220336914,36.69225311279297,-0.8373644351959229,13.415139198303223,5.620052337646484,9.662233352661133,-3.778263568878174,1.8234928846359253,1.5459750890731812,1.28731369972229,0.822791337966919,0.4360552430152893,0.36142170429229736,0.42940202355384827,0.37744736671447754,0.3876625597476959,0.392598420381546,0.3341227173805237,0.3988891839981079,0.32574573159217834,0.3444918692111969,0.26572075486183167,0.3396497964859009,2291.4059616944,0.0774182771381579,jazz
-141.0889129638672,110.76341247558594,-27.475183486938477,51.97392654418945,-8.664052963256836,28.61534881591797,-1.612918496131897,9.662086486816406,-11.183889389038086,6.517714023590088,-9.409994125366211,-0.12163673341274261,-4.929937362670898,0.2586755156517029,0.1691896766424179,0.22413091361522675,0.4125240445137024,0.3530040979385376,0.46545782685279846,0.28732988238334656,0.32710227370262146,0.44171142578125,0.28502798080444336,0.29309576749801636,0.22326914966106415,1804.7156340756278,0.07951917146381579,jazz
-260.3519592285156,180.60806274414062,-15.362776756286621,48.560420989990234,-0.0743274986743927,5.43427848815918,6.599910259246826,-9.153326034545898,-10.289850234985352,-2.9884071350097656,-5.823054790496826,-2.9312968254089355,-3.617783546447754,0.40270373225212097,0.2368222177028656,0.3232704699039459,0.2081446647644043,0.2742309868335724,0.20410732924938202,0.18807470798492432,0.23564806580543518,0.19331543147563934,0.30007803440093994,0.25738951563835144,0.3506925106048584,871.7686824803111,0.03778284031540248,jazz
-38.04252243041992,64.98809051513672,14.29737377166748,21.284706115722656,7.501908302307129,6.37210750579834,1.9336780309677124,6.556060791015625,-2.9327826499938965,5.597701072692871,2.50141978263855,3.029546022415161,0.6087424755096436,0.3134728670120239,0.3138329088687897,0.3921370208263397,0.39881283044815063,0.4110032916069031,0.42489752173423767,0.3868827223777771,0.3968904912471771,0.38485586643218994,0.3156150281429291,0.31249356269836426,0.4194886386394501,2978.340196118377,0.11482508042279412,jazz
-248.1094207763672,125.98793029785156,-12.599597930908203,30.244165420532227,-1.0903055667877197,-2.213005781173706,1.9470434188842773,0.25160497426986694,2.6987667083740234,-4.426093578338623,-6.481645584106445,-6.517059803009033,-3.994016647338867,0.3511657416820526,0.3100627362728119,0.25542932748794556,0.2414156049489975,0.1351599395275116,0.15698520839214325,0.12661774456501007,0.21030740439891815,0.23903651535511017,0.2114751785993576,0.35269999504089355,0.21810407936573029,1377.9769900941744,0.06180650457140093,jazz
-190.51927185058594,143.98570251464844,-28.421674728393555,33.79344177246094,-1.2972341775894165,-2.3015270233154297,-5.64383602142334,-3.6400134563446045,-10.529327392578125,-2.8581395149230957,-7.707229137420654,-8.5834321975708,-5.303898334503174,0.3090754747390747,0.32357409596443176,0.44780388474464417,0.24304692447185516,0.2746683359146118,0.39715316891670227,0.2040959596633911,0.30581170320510864,0.2481035590171814,0.3796968162059784,0.4902114272117615,0.2452899068593979,1546.508468476633,0.09965699375967492,jazz
-179.3740997314453,114.49272918701172,28.196645736694336,35.97930145263672,11.041097640991211,12.684316635131836,3.817139148712158,8.518316268920898,-0.014726857654750347,5.462332725524902,1.0599639415740967,2.6322290897369385,-3.7399513721466064,0.28850364685058594,0.2777254581451416,0.3991757929325104,0.3645453453063965,0.2887050211429596,0.3249598741531372,0.2792322337627411,0.4024374783039093,0.3161394000053406,0.2568538784980774,0.3259466886520386,0.28387293219566345,1397.4044755755383,0.03827792424535604,jazz
-190.3960723876953,129.50662231445312,-7.837520122528076,20.721296310424805,2.1918201446533203,7.792374610900879,6.1902174949646,1.35129976272583,-1.5920599699020386,2.0195136070251465,-1.992914080619812,1.1642934083938599,-1.3514087200164795,0.24371419847011566,0.26918646693229675,0.27070578932762146,0.28433486819267273,0.2544883191585541,0.41851288080215454,0.28906095027923584,0.32454952597618103,0.2739209830760956,0.24982379376888275,0.2991127371788025,0.24224884808063507,1428.0387423978177,0.052423719282120744,jazz
-23.23577880859375,82.91702270507812,2.048941135406494,29.505756378173828,6.599293231964111,6.4949235916137695,-0.696699857711792,6.172839641571045,-3.4220030307769775,5.5945210456848145,-0.3769912123680115,3.266179084777832,-0.2061217874288559,0.43953362107276917,0.4209307134151459,0.37622395157814026,0.41835588216781616,0.3413088917732239,0.39363354444503784,0.38399916887283325,0.41944587230682373,0.3657142221927643,0.3013075888156891,0.2904002070426941,0.29168495535850525,2456.2698596396212,0.09449413760158669,jazz
-168.12322998046875,108.27153015136719,-14.149940490722656,30.457630157470703,3.8945059776306152,4.676563739776611,3.187917709350586,1.927634596824646,-1.1426724195480347,0.2347179651260376,-5.246889591217041,-2.554673433303833,-7.219599723815918,0.3927457332611084,0.23993323743343353,0.17712868750095367,0.16752560436725616,0.24607853591442108,0.35890841484069824,0.25527188181877136,0.36163008213043213,0.339446485042572,0.25221341848373413,0.3143788278102875,0.3225928544998169,1725.6345298073745,0.06752226743904799,jazz
-51.3477897644043,85.20030975341797,3.6435585021972656,22.861770629882812,-1.5293606519699097,6.11028528213501,2.410914421081543,3.644934892654419,-1.8632279634475708,4.3669352531433105,1.08710777759552,0.7797648310661316,-0.7364632487297058,0.33850255608558655,0.3900490999221802,0.46695980429649353,0.3959556818008423,0.4219547510147095,0.47184664011001587,0.3569500744342804,0.3686029314994812,0.3210172951221466,0.3741306960582733,0.34921175241470337,0.31130415201187134,2475.6009489427947,0.09815057807662539,jazz
-69.50921630859375,125.97757720947266,-5.173288822174072,30.769235610961914,8.304396629333496,5.081252574920654,-3.9214041233062744,5.37640905380249,-10.774683952331543,9.0344877243042,-8.263984680175781,4.789585590362549,-5.124162673950195,0.43463772535324097,0.3428668975830078,0.3998555839061737,0.3361988663673401,0.36587947607040405,0.36683574318885803,0.34099769592285156,0.5683198571205139,0.4110460877418518,0.42172303795814514,0.289164662361145,0.278990775346756,1575.4538722228804,0.0558798586251935,jazz
-235.67884826660156,144.7676544189453,-22.60069465637207,62.56096267700195,-9.326272964477539,2.0168685913085938,-0.34364965558052063,2.016510486602783,5.560453414916992,0.304360032081604,9.439982414245605,2.8927059173583984,2.562641143798828,0.2855866253376007,0.23630620539188385,0.18820980191230774,0.2754717469215393,0.2471398264169693,0.3276493549346924,0.20329350233078003,0.22172550857067108,0.3032863736152649,0.21612879633903503,0.24305538833141327,0.22445954382419586,1338.2362329095945,0.076529393624226,jazz
-117.88760375976562,122.55040740966797,-13.149182319641113,26.755905151367188,4.313921928405762,6.8667311668396,-6.8144402503967285,-0.33922073245048523,-8.199784278869629,-5.0079026222229,-4.4950151443481445,0.12167713046073914,-4.651890277862549,0.3547263443470001,0.21877364814281464,0.2530926764011383,0.2793857455253601,0.18138369917869568,0.2972434461116791,0.22261498868465424,0.3575455844402313,0.19697581231594086,0.2716559171676636,0.3067987263202667,0.16760338842868805,1579.0127661124945,0.08824663191756967,jazz
-177.27713012695312,144.32156372070312,-17.26592445373535,55.68604278564453,-21.241899490356445,0.3528042137622833,-1.5769507884979248,-10.402746200561523,-5.176472187042236,-0.51418137550354,-8.736716270446777,3.8688642978668213,-7.953765392303467,0.34828871488571167,0.2766869366168976,0.15280300378799438,0.19418387115001678,0.16648520529270172,0.1958988606929779,0.22390766441822052,0.2745915949344635,0.3315369784832001,0.23175552487373352,0.20327028632164001,0.24087044596672058,1354.091907708369,0.054945623911571206,jazz
-204.39251708984375,138.57968139648438,-10.791186332702637,46.55238342285156,-22.306915283203125,9.6929349899292,-11.094840049743652,-17.79884910583496,-7.586270809173584,-1.6000778675079346,-7.650327205657959,-1.0194095373153687,-9.977278709411621,0.23507650196552277,0.1879734843969345,0.2719884514808655,0.2843485176563263,0.27638983726501465,0.37441015243530273,0.3088207244873047,0.32860496640205383,0.20369498431682587,0.27879080176353455,0.3533342480659485,0.31988799571990967,1382.7307308073396,0.061230544335332815,jazz
-159.27059936523438,92.04842376708984,-16.751850128173828,27.393674850463867,6.104191303253174,3.2399652004241943,7.175963401794434,4.030701637268066,3.5977046489715576,3.5440964698791504,-0.5867413282394409,-3.723672866821289,-4.721015930175781,0.2912544012069702,0.21500658988952637,0.25828319787979126,0.2481844127178192,0.27067041397094727,0.211201012134552,0.2221982777118683,0.3774929344654083,0.2516593039035797,0.3200412094593048,0.18796823918819427,0.19264236092567444,2009.8139341354786,0.08743219995646284,jazz
-237.90087890625,155.81622314453125,-9.225844383239746,13.198112487792969,6.609401226043701,8.891291618347168,3.9802098274230957,0.24934209883213043,1.7425676584243774,3.353834867477417,1.189907193183899,3.630347728729248,1.1625511646270752,0.25096017122268677,0.2505035698413849,0.4336623549461365,0.33415907621383667,0.32800358533859253,0.26135072112083435,0.18314819037914276,0.2799346446990967,0.22762556374073029,0.2974366843700409,0.2678755521774292,0.20503279566764832,1117.5098786077247,0.05003635654508514,jazz
-228.39198303222656,170.4026336669922,-16.07386016845703,43.9647102355957,1.1009045839309692,3.9967989921569824,1.0781352519989014,-7.204605579376221,-12.514963150024414,-4.4187331199646,-6.069606304168701,-1.3367635011672974,-3.151841402053833,0.3792515695095062,0.27876776456832886,0.19818022847175598,0.2569611370563507,0.2650374472141266,0.20993691682815552,0.17932957410812378,0.3579390347003937,0.33702582120895386,0.2668129503726959,0.2963264584541321,0.3014000952243805,971.5475880069571,0.04257495041602167,jazz
-202.82192993164062,145.73983764648438,-23.56831169128418,47.84977722167969,-14.344827651977539,1.6427217721939087,-7.065168380737305,-11.130012512207031,-4.5997395515441895,-3.60737943649292,-3.788098096847534,2.0468263626098633,0.8436291813850403,0.25839418172836304,0.19220569729804993,0.19224761426448822,0.3502223491668701,0.2232207953929901,0.2714298367500305,0.24858738481998444,0.2544862627983093,0.2189275473356247,0.19582420587539673,0.35056766867637634,0.24653729796409607,1336.3698511878918,0.05873471664570434,jazz
-84.05435180664062,63.061363220214844,5.639188289642334,24.92485237121582,6.211669921875,-2.9040579795837402,-0.3640592396259308,-1.0757004022598267,-4.244647026062012,-2.330305337905884,1.5680952072143555,1.935512900352478,1.5438601970672607,0.5503848791122437,0.31641197204589844,0.33277571201324463,0.254999577999115,0.30115142464637756,0.32077568769454956,0.3101085126399994,0.407067209482193,0.3151150345802307,0.33783259987831116,0.27129271626472473,0.2705738842487335,2968.60250464515,0.1297546953608746,jazz
-149.19680786132812,79.08609771728516,2.009148359298706,27.60702896118164,0.31506654620170593,1.7276527881622314,-3.613091468811035,-0.1650068610906601,-5.035670757293701,1.2518123388290405,1.1462150812149048,-0.6187953948974609,1.8201314210891724,0.22202518582344055,0.2363702803850174,0.47976425290107727,0.3025915026664734,0.40563318133354187,0.280058890581131,0.26508280634880066,0.39935746788978577,0.23738886415958405,0.2114086151123047,0.22590148448944092,0.27386003732681274,2414.857050479083,0.09557311822755418,jazz
-78.22419738769531,63.218509674072266,-1.6562832593917847,21.022592544555664,4.470186233520508,-3.589820384979248,-1.5619467496871948,-3.0696394443511963,-6.078289985656738,-1.9560667276382446,1.7820154428482056,-1.215653657913208,0.9424572587013245,0.3854338526725769,0.25377157330513,0.28467971086502075,0.3595491647720337,0.28328728675842285,0.41076749563217163,0.2532728314399719,0.33653199672698975,0.2564723491668701,0.25836706161499023,0.2520301938056946,0.1909431666135788,2902.8282153333053,0.12654912139609134,jazz
-154.29287719726562,110.68495178222656,-22.29971694946289,21.146955490112305,4.267234802246094,4.7490644454956055,-4.092324733734131,-1.0206661224365234,-6.412800312042236,-9.245781898498535,-3.631049871444702,-5.503034591674805,0.5368919968605042,0.42084893584251404,0.3075512647628784,0.4119322597980499,0.3119572401046753,0.39183664321899414,0.24901890754699707,0.1790144294500351,0.2917337417602539,0.25311192870140076,0.28173333406448364,0.19725142419338226,0.3414658010005951,1733.583196998827,0.06871462606424149,jazz
-77.08967590332031,64.5277099609375,-2.848515033721924,28.531280517578125,4.6849045753479,-2.814512014389038,-5.947362899780273,1.8981449604034424,-5.205105304718018,-2.3232338428497314,-2.9395368099212646,-6.148102283477783,-0.7635444402694702,0.2686055898666382,0.25630173087120056,0.32309722900390625,0.27797189354896545,0.3717690110206604,0.4018462002277374,0.25100061297416687,0.2489442378282547,0.2849668860435486,0.4796525239944458,0.32342830300331116,0.20240375399589539,2777.976524524572,0.13090245863970587,jazz
-141.49684143066406,70.9045181274414,-0.5232314467430115,33.57304763793945,1.4106365442276,-9.186745643615723,0.7554331421852112,0.5403755903244019,-9.192056655883789,-2.571037769317627,4.080312252044678,-2.2184271812438965,-0.69174724817276,0.2723996937274933,0.23665672540664673,0.3436259627342224,0.2710542380809784,0.3794965445995331,0.3357596695423126,0.237806499004364,0.22665320336818695,0.22459428012371063,0.30101287364959717,0.18704165518283844,0.17770417034626007,2503.139918026569,0.09583048628579721,jazz
-163.5394744873047,65.97193908691406,5.3612895011901855,41.89719772338867,7.025766372680664,5.501438617706299,8.930416107177734,2.678452253341675,-0.18257850408554077,5.155423164367676,10.491717338562012,3.329864501953125,3.8408946990966797,0.2942954897880554,0.3728986978530884,0.2134464532136917,0.33616963028907776,0.3322683870792389,0.23954159021377563,0.39483216404914856,0.3439613878726959,0.33928045630455017,0.4750436544418335,0.34667453169822693,0.37098899483680725,2634.319273980018,0.1078761428502322,jazz
-117.24632263183594,56.99422073364258,-2.1099278926849365,35.61606216430664,4.713421821594238,3.890101909637451,11.592063903808594,6.078703880310059,0.5825714468955994,2.2747371196746826,2.699638605117798,-1.8503127098083496,1.6808269023895264,0.3746970593929291,0.3378412425518036,0.37079355120658875,0.31730085611343384,0.39060136675834656,0.3749638795852661,0.32290107011795044,0.4578234851360321,0.44711756706237793,0.4694989025592804,0.32564207911491394,0.2555029094219208,3029.035019092715,0.14035780584849072,jazz
-228.3715362548828,67.53677368164062,37.07984161376953,21.325258255004883,17.05842399597168,10.142422676086426,10.77646255493164,8.010918617248535,2.042186737060547,0.29713860154151917,2.4991300106048584,3.847144603729248,1.5821794271469116,0.4789474606513977,0.4762055575847626,0.6900485754013062,0.5271517634391785,0.45157110691070557,0.37649235129356384,0.35098329186439514,0.41857296228408813,0.3555050194263458,0.3725380599498749,0.34457191824913025,0.4597427248954773,3027.140362803872,0.10014829842298761,jazz
-158.2061004638672,49.6024169921875,21.594701766967773,16.51655387878418,11.422574996948242,6.259136199951172,5.633523941040039,-0.19963432848453522,-0.2426658421754837,-1.996820092201233,2.0229389667510986,2.6891398429870605,-1.456520438194275,0.469056636095047,0.36405760049819946,0.46713411808013916,0.37756386399269104,0.441083163022995,0.41807857155799866,0.4408801198005676,0.4553126394748688,0.31785374879837036,0.33340099453926086,0.3464023470878601,0.3876761198043823,3906.2972143441307,0.20684871142124614,jazz
-126.01213073730469,56.60823059082031,23.495506286621094,23.70012855529785,-0.30365490913391113,7.15137243270874,0.16874302923679352,-0.8434280753135681,-4.156272888183594,-1.8949323892593384,2.5230917930603027,0.5281127095222473,0.9266526699066162,0.34423425793647766,0.45313212275505066,0.5041623711585999,0.4957592487335205,0.5824190974235535,0.43467098474502563,0.40124666690826416,0.39420977234840393,0.3506847321987152,0.34808412194252014,0.36467260122299194,0.4758511483669281,3393.857478271707,0.14970204261803405,jazz
-178.09237670898438,61.942623138427734,1.4681732654571533,36.045936584472656,7.5810136795043945,5.153891563415527,-0.9176270961761475,2.941288471221924,1.4490773677825928,2.1342267990112305,5.170273303985596,2.0257973670959473,0.5106884837150574,0.4700184762477875,0.4165979027748108,0.44780218601226807,0.3868047297000885,0.36787962913513184,0.33072757720947266,0.3678017854690552,0.4224100112915039,0.3130166828632355,0.42992308735847473,0.3819708228111267,0.38044241070747375,2874.7793906046186,0.11833828669214397,jazz
-131.9313507080078,61.59086990356445,-12.65458869934082,35.085182189941406,-2.1272990703582764,-0.9491928815841675,-4.83791446685791,-4.1055216789245605,-3.2856128215789795,2.496220827102661,6.411373138427734,3.4233508110046387,-2.8839263916015625,0.3152965009212494,0.25130584836006165,0.2429056614637375,0.41940051317214966,0.33111751079559326,0.5440162420272827,0.48969483375549316,0.3043181002140045,0.27275341749191284,0.212086021900177,0.3024287223815918,0.22072120010852814,2861.0669041187775,0.1475769609858746,jazz
-156.6122589111328,22.763254165649414,10.495277404785156,24.156204223632812,10.143046379089355,2.96964693069458,2.4915146827697754,0.4837198257446289,2.691014051437378,1.2310426235198975,3.3316617012023926,-7.819789409637451,1.1087778806686401,0.3181786835193634,0.2242613285779953,0.3584820628166199,0.3315808176994324,0.44354578852653503,0.25566959381103516,0.2854916453361511,0.5832148194313049,0.26589757204055786,0.3497808277606964,0.286764532327652,0.3462424874305725,4136.053468579488,0.2617017433001161,jazz
-341.01800537109375,89.85990905761719,44.51197814941406,28.827592849731445,16.31782341003418,10.59086799621582,7.000736236572266,0.8200664520263672,6.097487926483154,7.125773906707764,5.411661148071289,2.7358579635620117,9.361677169799805,0.2990368604660034,0.39882025122642517,0.6981463432312012,0.49838748574256897,0.3415929079055786,0.24177123606204987,0.15960566699504852,0.21762339770793915,0.2578401267528534,0.338428258895874,0.2889949083328247,0.3627266585826874,1845.8761145516376,0.04282929506095201,jazz
-192.5078125,80.95126342773438,25.70166778564453,18.53409767150879,14.171379089355469,1.265468955039978,4.092947483062744,-1.4168410301208496,2.6607606410980225,5.235184669494629,3.7162201404571533,0.2937416136264801,7.339452266693115,0.25333431363105774,0.22333990037441254,0.3074761629104614,0.27416926622390747,0.22799916565418243,0.3891814947128296,0.26883214712142944,0.3649349510669708,0.33621418476104736,0.3071154057979584,0.34799060225486755,0.19213640689849854,2428.6412687077973,0.06904795738196594,jazz
-322.4992370605469,90.6509780883789,27.027183532714844,37.85674285888672,19.709014892578125,4.60931921005249,3.070612668991089,7.970810413360596,1.9372373819351196,2.087836503982544,0.44746553897857666,4.8929595947265625,13.060921669006348,0.39618465304374695,0.3042850196361542,0.42725345492362976,0.2794315218925476,0.25359249114990234,0.15827366709709167,0.14221523702144623,0.18831096589565277,0.2427709996700287,0.2680985629558563,0.2715468108654022,0.43291470408439636,1787.936479244805,0.06275774598490712,jazz
-217.62901306152344,105.62872314453125,19.31536102294922,28.35325050354004,8.654834747314453,0.14365196228027344,6.365767478942871,-2.539705276489258,-12.996928215026855,-11.14958381652832,-6.15288782119751,-7.734214782714844,0.4227965772151947,0.27247700095176697,0.2366182804107666,0.4859772324562073,0.2640911638736725,0.3175981938838959,0.40474656224250793,0.17217083275318146,0.13394029438495636,0.12540949881076813,0.2920432686805725,0.22222699224948883,0.3126945197582245,1875.229063578226,0.054154245476973686,jazz
-299.40533447265625,60.77720642089844,32.098514556884766,25.695833206176758,7.463468074798584,-1.2953768968582153,1.862271785736084,5.261619567871094,-5.529666900634766,-3.103562831878662,3.6464571952819824,-2.2974071502685547,0.8934428095817566,0.2728036344051361,0.2885563373565674,0.225431889295578,0.2717844545841217,0.242323100566864,0.23705460131168365,0.1568678617477417,0.17671330273151398,0.22388392686843872,0.2668538987636566,0.22067439556121826,0.1886121928691864,2958.8527443760186,0.15142274271962075,jazz
-294.19384765625,84.6645736694336,39.07788848876953,28.63520622253418,14.131192207336426,1.034422516822815,7.353453636169434,5.217075824737549,-3.739166021347046,-5.041574001312256,2.2247612476348877,-0.5665928721427917,4.21807336807251,0.30397871136665344,0.2792120575904846,0.3537180423736572,0.3245759606361389,0.30072399973869324,0.16633372008800507,0.20682162046432495,0.3630364239215851,0.2999638617038727,0.16055403649806976,0.17682088911533356,0.3093964755535126,2213.669961452585,0.0753657574255031,jazz
-215.39735412597656,100.96080780029297,17.098628997802734,12.978259086608887,16.062911987304688,4.764205455780029,4.565047264099121,-3.133694648742676,-4.154082298278809,-2.2966673374176025,-4.9289655685424805,-3.3494503498077393,-1.4255523681640625,0.31525325775146484,0.19227251410484314,0.19373854994773865,0.31247249245643616,0.22341789305210114,0.2891544997692108,0.2435290664434433,0.4147145748138428,0.3865047097206116,0.19789345562458038,0.23355631530284882,0.2324921190738678,2151.985122584835,0.08170320965557276,jazz
-366.4404602050781,131.69850158691406,16.512924194335938,36.320045471191406,5.060640811920166,14.675127983093262,-6.163727760314941,4.714259624481201,-9.586799621582031,-1.29036545753479,-2.69413423538208,1.5798401832580566,-2.2748076915740967,0.28731387853622437,0.19928418099880219,0.30577731132507324,0.23885378241539001,0.43773624300956726,0.24355663359165192,0.1710735410451889,0.24469535052776337,0.17189769446849823,0.18105003237724304,0.15794064104557037,0.20966190099716187,1077.1722769200633,0.04151184270994582,jazz
-219.76429748535156,100.79802703857422,-1.4563252925872803,41.285438537597656,-0.9485454559326172,23.379390716552734,-11.51408576965332,20.027902603149414,-15.970274925231934,13.943596839904785,-7.989847183227539,5.7383599281311035,-6.868226051330566,0.36993321776390076,0.28176149725914,0.4094045162200928,0.34218305349349976,0.34893155097961426,0.2835230231285095,0.2539297938346863,0.3846435248851776,0.2954873740673065,0.2730964422225952,0.24077868461608887,0.2517009377479553,1855.2856495889075,0.06339606412054953,jazz
-277.235595703125,95.75202941894531,-2.979494094848633,43.91986846923828,1.9414101839065552,22.249988555908203,-6.140646457672119,22.460952758789062,-12.840874671936035,10.780396461486816,-7.533227920532227,3.5953238010406494,-5.075059413909912,0.27591100335121155,0.1962236911058426,0.2691616117954254,0.2970834970474243,0.2640228867530823,0.3881362974643707,0.25423577427864075,0.2429874986410141,0.2505127191543579,0.2605849802494049,0.5689074993133545,0.316143274307251,1874.6280401896176,0.07777050478908669,jazz
-413.5791015625,118.27574920654297,31.103309631347656,40.16521453857422,13.103846549987793,13.944952964782715,-3.719221591949463,4.7483720779418945,-9.891252517700195,-3.0627758502960205,-6.2822113037109375,-3.6105387210845947,-5.26369047164917,0.1755317747592926,0.23208262026309967,0.19202743470668793,0.2295074164867401,0.1947331428527832,0.1987799108028412,0.18001069128513336,0.23981791734695435,0.3092511296272278,0.34745869040489197,0.23766525089740753,0.15167155861854553,1176.0043625534947,0.03991094536087461,jazz
-223.0305938720703,102.89911651611328,-1.6697351932525635,45.1994743347168,-6.745974540710449,25.354921340942383,-14.36687183380127,24.24671745300293,-10.414377212524414,11.14624309539795,-9.151456832885742,6.625129222869873,-7.828697204589844,0.3767634332180023,0.3807560205459595,0.42305219173431396,0.33586061000823975,0.29963988065719604,0.3136526644229889,0.3139233887195587,0.2913634479045868,0.2771381437778473,0.3208313584327698,0.2912483513355255,0.31060346961021423,1884.9439012894368,0.05812512093653251,jazz
-315.01422119140625,112.7276611328125,9.74074935913086,38.98918151855469,3.9426109790802,20.019872665405273,-7.2231926918029785,15.273512840270996,-13.677780151367188,10.151814460754395,-4.884433269500732,4.7019944190979,-2.6995625495910645,0.33997392654418945,0.19826576113700867,0.22409763932228088,0.3653011918067932,0.2999231815338135,0.29797452688217163,0.3027273714542389,0.4620099663734436,0.3377673625946045,0.23850871622562408,0.2542337477207184,0.22998158633708954,1492.5645306761603,0.04620040090460526,jazz
-52.93138122558594,50.08728790283203,-11.485749244689941,46.35173797607422,6.5509257316589355,10.124287605285645,5.479244232177734,8.854687690734863,5.942207336425781,6.622522354125977,-4.047175884246826,9.770575523376465,-3.1184916496276855,0.5319504141807556,0.532038152217865,0.64900141954422,0.4810413122177124,0.45185932517051697,0.45147231221199036,0.41558101773262024,0.5488131642341614,0.4265275001525879,0.43679696321487427,0.4706536531448364,0.4576113224029541,3274.344587423776,0.18307976973684212,metal
-80.14727783203125,64.84362030029297,-15.46560001373291,46.83931350708008,7.911020278930664,21.762014389038086,-2.1760787963867188,21.9866886138916,-7.712628364562988,11.144745826721191,-4.287084579467773,11.44251823425293,-10.365104675292969,0.42943069338798523,0.5543674230575562,0.510449230670929,0.5753517150878906,0.4545418918132782,0.45166322588920593,0.4642470180988312,0.40490835905075073,0.4532812237739563,0.45049718022346497,0.506608784198761,0.4678554832935333,2922.908394647605,0.15290156975619196,metal
-62.21818923950195,115.20072174072266,-42.81502914428711,54.31106185913086,-24.883960723876953,20.13311004638672,-21.639135360717773,20.847036361694336,-8.398699760437012,20.328601837158203,-10.73180103302002,9.669686317443848,-14.547391891479492,0.3710882067680359,0.4287569522857666,0.3824923038482666,0.34447792172431946,0.46005144715309143,0.4210837185382843,0.564041018486023,0.5026837587356567,0.4658646285533905,0.47744983434677124,0.38072848320007324,0.39133161306381226,2198.5048742476088,0.12839302559017027,metal
-43.06468200683594,75.3976058959961,-47.840972900390625,53.02373504638672,-12.33786678314209,36.87316131591797,-8.2877197265625,28.404539108276367,-14.53133773803711,22.106435775756836,-7.355746746063232,15.975350379943848,-13.140836715698242,0.399386465549469,0.39676809310913086,0.42065325379371643,0.46801596879959106,0.6151857376098633,0.5250759720802307,0.4314229488372803,0.5245810747146606,0.5978175401687622,0.6138323545455933,0.44626590609550476,0.41303151845932007,2751.926423435394,0.16671025420859134,metal
-107.12958526611328,47.660186767578125,-8.620708465576172,38.39892578125,8.458257675170898,9.544549942016602,1.0175122022628784,20.7490291595459,0.7148489356040955,11.783106803894043,1.1646875143051147,11.063399314880371,-2.5293989181518555,0.5875927209854126,0.625250518321991,0.6549601554870605,0.5916932225227356,0.5851297974586487,0.6591548323631287,0.6035381555557251,0.6507681608200073,0.6980667114257812,0.7171086668968201,0.6510763764381409,0.5915893316268921,3403.0755097954175,0.19242362857972137,metal
-79.627685546875,93.47288513183594,-27.749143600463867,64.06912994384766,-18.807098388671875,23.320396423339844,-10.540275573730469,13.356393814086914,-17.537811279296875,16.388519287109375,-10.054388046264648,8.941801071166992,-16.081073760986328,0.3594490587711334,0.3715200424194336,0.4868529140949249,0.4081413447856903,0.4063151478767395,0.36804184317588806,0.41415536403656006,0.5407025218009949,0.45672178268432617,0.4666011929512024,0.38787102699279785,0.4048617482185364,2464.596757533146,0.13437825016931115,metal
-140.77830505371094,55.92315673828125,-12.291191101074219,44.319007873535156,-10.60477066040039,10.867444038391113,-0.9533347487449646,22.24396514892578,-9.37897777557373,15.246444702148438,-3.0641422271728516,9.07236099243164,-8.798300743103027,0.3461358845233917,0.3539585769176483,0.33961623907089233,0.4634246826171875,0.4311424195766449,0.5907304883003235,0.48508772253990173,0.43404093384742737,0.5387355089187622,0.4192640483379364,0.4626261591911316,0.3427943289279938,3237.576392654718,0.1981254081607972,metal
-108.09747314453125,65.77732849121094,-20.84100341796875,47.559593200683594,0.8536283373832703,8.99120807647705,-3.2142603397369385,20.978046417236328,-10.349270820617676,7.8764495849609375,-8.126469612121582,12.045557022094727,-9.15512752532959,0.5235300064086914,0.5977043509483337,0.6531760096549988,0.5889573693275452,0.6254749894142151,0.5893217921257019,0.5275322198867798,0.6000298857688904,0.6914188861846924,0.6090587973594666,0.48606276512145996,0.48413771390914917,2939.529800244255,0.16837313153057276,metal
-149.9843292236328,67.90699768066406,-6.688848495483398,32.08448791503906,6.079798698425293,12.23563003540039,9.134744644165039,10.182916641235352,3.7711071968078613,10.59640121459961,0.7727521657943726,7.71568489074707,-1.1583729982376099,0.5077290534973145,0.42903292179107666,0.4773310124874115,0.5055554509162903,0.6534639000892639,0.5277996063232422,0.4560665786266327,0.40005582571029663,0.3065081536769867,0.33934304118156433,0.40970170497894287,0.5863433480262756,2964.5694774912263,0.14055924076044893,metal
3.642235040664673,104.75209045410156,-0.8226447105407715,55.941104888916016,-29.22248649597168,31.255441665649414,-14.195286750793457,20.20258903503418,-8.280900955200195,15.18163776397705,-14.58730697631836,15.663605690002441,-12.99042797088623,0.5585233569145203,0.5473160147666931,0.6459018588066101,0.5098206400871277,0.39825713634490967,0.4660632312297821,0.5297444462776184,0.494693398475647,0.48204106092453003,0.5391961932182312,0.5467928051948547,0.6058856844902039,2250.890548724811,0.09467932166698917,metal
-58.720359802246094,70.55818176269531,-19.42135238647461,73.59315490722656,-27.765424728393555,23.759441375732422,-17.9041690826416,21.222898483276367,-16.949420928955078,16.136871337890625,-15.223487854003906,14.87415599822998,-18.705825805664062,0.5421865582466125,0.5038421154022217,0.5050582885742188,0.4857477843761444,0.49224668741226196,0.5011177062988281,0.6154338717460632,0.6375606060028076,0.5695837736129761,0.5521054863929749,0.5414547324180603,0.556193470954895,3048.5052057998882,0.19654038373161764,metal
8.792969703674316,82.82320404052734,-30.564281463623047,66.71607971191406,-16.359281539916992,16.568218231201172,-10.763800621032715,29.540407180786133,-25.08977699279785,16.821931838989258,-11.392602920532227,12.785900115966797,-13.347066879272461,0.4082433879375458,0.42748481035232544,0.437678724527359,0.576443076133728,0.5700982809066772,0.5189810991287231,0.5382222533226013,0.6778066158294678,0.6520332098007202,0.4583389163017273,0.4472044110298157,0.4176728427410126,2699.980049142347,0.17150160845588236,metal
-64.10792541503906,74.52598571777344,-45.96800231933594,65.85509490966797,-14.676302909851074,23.84915542602539,-13.777111053466797,37.762298583984375,-10.587833404541016,21.390439987182617,-9.345857620239258,17.91301918029785,-10.791604042053223,0.6545076966285706,0.6471441984176636,0.605432391166687,0.5357637405395508,0.6541100144386292,0.6235330104827881,0.5909746289253235,0.6123014092445374,0.6143639087677002,0.5645781755447388,0.5316480994224548,0.6253363490104675,2803.303204375182,0.17691276243227555,metal
-84.90263366699219,64.63973999023438,-36.32612991333008,65.39541625976562,-13.867815971374512,22.872533798217773,-15.565662384033203,36.293033599853516,-13.677165985107422,21.25946617126465,-9.251360893249512,19.171607971191406,-10.60749340057373,0.5958227515220642,0.6389562487602234,0.6844719648361206,0.5855960249900818,0.6677474975585938,0.7021315693855286,0.6308528780937195,0.6769362688064575,0.699591338634491,0.6378958821296692,0.572019100189209,0.5424371957778931,3047.8529556987282,0.20360421101006193,metal
-117.9197006225586,65.44175720214844,-51.43996047973633,74.10701751708984,-13.760527610778809,25.75345802307129,-13.13806438446045,32.225914001464844,-10.345248222351074,21.71337127685547,-7.802454471588135,12.349828720092773,-14.45273494720459,0.5451905131340027,0.5783848762512207,0.5793631076812744,0.5632532835006714,0.6009050011634827,0.5774858593940735,0.6432976722717285,0.6044031977653503,0.5036141872406006,0.39780163764953613,0.45565345883369446,0.5817579627037048,2877.3990222346356,0.18530764742163314,metal
-76.78498840332031,68.00348663330078,-11.247029304504395,76.36323547363281,-17.476348876953125,25.33697509765625,-17.900314331054688,20.368680953979492,-21.420490264892578,14.217724800109863,-15.76894474029541,12.524236679077148,-18.50743293762207,0.4554734230041504,0.3659593462944031,0.4052695631980896,0.47392088174819946,0.5205801129341125,0.4652833342552185,0.5756232142448425,0.5985460877418518,0.5113672018051147,0.46960440278053284,0.4592812955379486,0.5182531476020813,2986.8234673152315,0.16926541638448142,metal
26.69307518005371,79.79640197753906,-52.05575180053711,51.320682525634766,-16.361846923828125,22.011913299560547,-17.46108055114746,30.92519187927246,-15.979047775268555,16.12738609313965,-12.196157455444336,11.303884506225586,-12.446610450744629,0.48696213960647583,0.5488985180854797,0.5203002691268921,0.5122525095939636,0.5189363956451416,0.40477755665779114,0.3521746098995209,0.45828884840011597,0.5386313796043396,0.664594292640686,0.578696072101593,0.44012799859046936,2743.3971145568185,0.17962174076044893,metal
-75.51750946044922,81.91142272949219,-22.081079483032227,69.87699890136719,-11.740438461303711,25.740245819091797,-18.518964767456055,27.0277099609375,-14.085997581481934,22.134109497070312,-12.107687950134277,14.95165729522705,-13.525077819824219,0.47478464245796204,0.4466153681278229,0.5159530639648438,0.5816631317138672,0.626162052154541,0.6023788452148438,0.6150031089782715,0.6001535654067993,0.5848096609115601,0.6094498038291931,0.6661239266395569,0.6479896306991577,2656.165733706924,0.15877568389609134,metal
-76.3720703125,123.29144287109375,-89.89614868164062,76.445556640625,-21.269107818603516,22.295799255371094,-13.65000057220459,14.647890090942383,-6.320443153381348,9.922285079956055,-3.9226880073547363,5.398592472076416,-2.488511562347412,0.5556465983390808,0.7157276272773743,0.6399084329605103,0.571064293384552,0.5142817497253418,0.4581843912601471,0.4441143870353699,0.5920351147651672,0.6702978610992432,0.5783722996711731,0.46711981296539307,0.4595114290714264,2291.2788294344687,0.1803178816756966,metal
-89.329833984375,82.3569107055664,-23.258312225341797,68.10751342773438,-13.086759567260742,22.45479965209961,-18.52653694152832,26.232650756835938,-14.358574867248535,21.504411697387695,-13.878503799438477,12.481538772583008,-14.122218132019043,0.45910724997520447,0.4579397439956665,0.4936113953590393,0.5471190214157104,0.5883082151412964,0.5684844851493835,0.6085454821586609,0.5922755002975464,0.5473124384880066,0.5503609776496887,0.6473711133003235,0.601786196231842,2699.597527581128,0.16150658197078174,metal
-75.018310546875,81.17256927490234,-20.199926376342773,68.30472564697266,-11.342597961425781,23.670305252075195,-19.834022521972656,24.183433532714844,-13.177371978759766,22.286407470703125,-11.556872367858887,13.553210258483887,-15.058012962341309,0.40072178840637207,0.40640968084335327,0.44934648275375366,0.45450806617736816,0.47892260551452637,0.4870623052120209,0.6023328304290771,0.5714156031608582,0.5526224970817566,0.5312612652778625,0.5052887797355652,0.510847270488739,2658.2188462959766,0.152409131312887,metal
-76.2828598022461,61.76295852661133,-37.11274719238281,62.44001388549805,-14.831242561340332,34.567806243896484,-11.487005233764648,30.963096618652344,-12.278124809265137,22.313232421875,-7.511116981506348,17.84716033935547,-11.126255989074707,0.5726928114891052,0.49122434854507446,0.508108913898468,0.516330361366272,0.5882335901260376,0.48329994082450867,0.5038338899612427,0.571769654750824,0.5298910140991211,0.4686546325683594,0.49640458822250366,0.5752180218696594,3046.7299311449274,0.19161335381191952,metal
-45.84393310546875,108.01372528076172,-11.740544319152832,66.3277587890625,-30.207605361938477,9.236700057983398,-25.772972106933594,21.877349853515625,-17.929054260253906,10.275842666625977,-14.119917869567871,18.74677085876465,-14.238831520080566,0.2586041986942291,0.3913973271846771,0.3175491988658905,0.39569008350372314,0.6098862886428833,0.3187851905822754,0.2497536689043045,0.2559674382209778,0.43987837433815,0.6744710206985474,0.3068653643131256,0.21876242756843567,2218.499205435564,0.10698310214299536,metal
-43.71674346923828,82.74609375,-29.634931564331055,70.41970825195312,-21.6125545501709,31.165260314941406,2.078944683074951,28.88348960876465,-2.6835520267486572,19.901939392089844,-6.940589904785156,19.136198043823242,-7.372360706329346,0.6528720259666443,0.5590362548828125,0.5543487071990967,0.5495062470436096,0.5479710102081299,0.5138843655586243,0.44463491439819336,0.5448466539382935,0.5412217974662781,0.41004297137260437,0.4627295434474945,0.5462135672569275,2576.10753705241,0.13178756288699692,metal
-16.70627784729004,94.11414337158203,-32.78630065917969,61.49044418334961,-10.101551055908203,34.223567962646484,-11.971186637878418,28.20022201538086,-15.321425437927246,19.32545280456543,-8.278708457946777,17.934833526611328,-7.455648899078369,0.49345332384109497,0.40133604407310486,0.4650459289550781,0.4519198536872864,0.4899512231349945,0.48056092858314514,0.6042229533195496,0.5236856341362,0.41119682788848877,0.3953768014907837,0.4365760087966919,0.592370331287384,2410.986411509785,0.12833369110390866,metal
-120.1278076171875,91.28766632080078,-38.794960021972656,75.0037841796875,-3.8060123920440674,22.66649055480957,-8.123723030090332,23.654571533203125,-14.638493537902832,13.365053176879883,-9.4056396484375,13.70650863647461,-9.314507484436035,0.4206463694572449,0.35272228717803955,0.4386390745639801,0.5883774161338806,0.8093057870864868,0.5403357148170471,0.33617469668388367,0.36799365282058716,0.39983952045440674,0.3798626959323883,0.4253193438053131,0.5269124507904053,2384.812609828754,0.12610316793246903,metal
-61.475521087646484,71.7444839477539,-46.28823471069336,75.44221496582031,-18.52456283569336,35.95708465576172,-12.682559967041016,28.374231338500977,-9.363221168518066,14.51096248626709,-4.269454479217529,11.87000846862793,-16.039182662963867,0.375320702791214,0.4045267403125763,0.5887839794158936,0.536431610584259,0.5279267430305481,0.41491708159446716,0.47386735677719116,0.6076639890670776,0.620148241519928,0.5176569223403931,0.35630229115486145,0.3910504877567291,2871.3062606691374,0.19822933799342105,metal
-36.46259307861328,94.79669189453125,-36.610260009765625,55.00199508666992,-8.238859176635742,29.687299728393555,-13.684500694274902,28.724905014038086,-11.995235443115234,19.36692237854004,-15.665719032287598,13.938667297363281,-11.981067657470703,0.42377498745918274,0.3960319757461548,0.42188969254493713,0.4783880412578583,0.45399045944213867,0.4857112169265747,0.40059641003608704,0.38898754119873047,0.5674407482147217,0.6244264841079712,0.5925760269165039,0.4655192494392395,2398.412461241184,0.12830912587074303,metal
-28.08998680114746,84.03387451171875,-43.716156005859375,47.990970611572266,-22.455089569091797,19.91740608215332,-25.181150436401367,24.802288055419922,-13.120749473571777,24.66950225830078,-16.41937255859375,17.56419563293457,-15.417398452758789,0.43581563234329224,0.47524070739746094,0.3992100656032562,0.5691355466842651,0.5171377658843994,0.5308561325073242,0.5240817070007324,0.44128677248954773,0.48574602603912354,0.4528391361236572,0.5777872204780579,0.3658373951911926,2789.300841643996,0.17996187475812694,metal
-103.65834045410156,73.83582305908203,-16.12746810913086,53.154727935791016,-25.099674224853516,33.991573333740234,-13.641717910766602,25.99047088623047,-18.906932830810547,18.668743133544922,-12.777742385864258,9.54562759399414,-16.148778915405273,0.42519107460975647,0.3528880178928375,0.41083064675331116,0.4404708445072174,0.4531041085720062,0.5826333165168762,0.45154792070388794,0.47078338265419006,0.4536669850349426,0.4626747667789459,0.4217699468135834,0.36551037430763245,2955.2644930453703,0.16334179385158668,metal
-77.45471954345703,130.8889617919922,-23.28746795654297,61.996238708496094,0.9075685739517212,30.53289222717285,-8.758489608764648,19.443262100219727,-2.227692127227783,13.108555793762207,-3.2997827529907227,8.93582534790039,-8.964678764343262,0.6233156323432922,0.5052836537361145,0.41094398498535156,0.40827232599258423,0.6966303586959839,0.5387559533119202,0.32043883204460144,0.33001208305358887,0.3627364933490753,0.39812472462654114,0.39089488983154297,0.5621052980422974,1525.6954691515564,0.051203016157120744,metal
-12.502531051635742,91.33016967773438,-23.0791015625,50.981163024902344,-12.106396675109863,30.916202545166016,-15.001935005187988,23.061729431152344,-14.281174659729004,23.065378189086914,-17.684673309326172,13.161979675292969,-15.200902938842773,0.379463255405426,0.43891599774360657,0.45454972982406616,0.590670108795166,0.41470611095428467,0.33391013741493225,0.3410208523273468,0.41468948125839233,0.6068873405456543,0.482571542263031,0.49828821420669556,0.39901360869407654,2566.910608201603,0.12520937137190402,metal
-61.90703582763672,93.03636169433594,-39.967708587646484,56.14796447753906,-19.685197830200195,23.381887435913086,-7.644094467163086,17.719402313232422,-19.306636810302734,17.783296585083008,-13.095866203308105,14.30197811126709,-13.079708099365234,0.40278083086013794,0.3521408140659332,0.5132285952568054,0.4601075351238251,0.5966405272483826,0.4557168781757355,0.43853574991226196,0.47704851627349854,0.39412400126457214,0.396325021982193,0.32915446162223816,0.4230092465877533,2502.5342481859757,0.14816085768188855,metal
-35.73134994506836,115.4668960571289,-40.63166427612305,75.38111114501953,-12.545452117919922,21.83925437927246,1.8210290670394897,15.60556411743164,-0.17317204177379608,10.234973907470703,-11.762731552124023,15.405223846435547,-12.47100830078125,0.5240474939346313,0.3747022747993469,0.43455907702445984,0.5623795986175537,0.7016229033470154,0.5364362597465515,0.28010910749435425,0.2802064120769501,0.38329175114631653,0.42300641536712646,0.5762519240379333,0.6859517693519592,2029.8387796734646,0.10000733177728328,metal
-104.68675994873047,87.7356948852539,-33.24212646484375,48.45683288574219,-28.924985885620117,22.513729095458984,-24.994108200073242,20.53480339050293,-12.077210426330566,18.256620407104492,-15.190194129943848,10.294037818908691,-13.897688865661621,0.3713690936565399,0.2735467255115509,0.33466777205467224,0.3204019367694855,0.45817065238952637,0.3925797939300537,0.4620307385921478,0.4848543107509613,0.4010692536830902,0.4090080261230469,0.42607197165489197,0.5488885045051575,2707.5423665716226,0.16091248125483745,metal
13.47215461730957,78.02857971191406,-32.999122619628906,55.55011749267578,-9.963229179382324,35.41740798950195,-17.641218185424805,29.05707550048828,-11.254932403564453,14.004887580871582,-10.102362632751465,16.5273494720459,-8.494954109191895,0.5770843029022217,0.8067414164543152,0.6870250105857849,0.5345309376716614,0.4417896568775177,0.3665485978126526,0.31718894839286804,0.41002634167671204,0.5751606225967407,0.49363312125205994,0.37551847100257874,0.434675931930542,2836.947977795833,0.1628051379885836,metal
-71.27533721923828,82.33836364746094,-30.173229217529297,56.46429443359375,-10.87507152557373,26.822750091552734,-15.808303833007812,25.34827423095703,-15.630502700805664,17.76871109008789,-13.0557279586792,14.628009796142578,-14.275041580200195,0.44888460636138916,0.4511846899986267,0.48252326250076294,0.5706204771995544,0.5922637581825256,0.5789784789085388,0.5443646907806396,0.5289695858955383,0.5581043362617493,0.5138082504272461,0.5127274990081787,0.44637131690979004,2685.8291745827923,0.16050318667763158,metal
-79.07527160644531,106.81675720214844,-38.75978088378906,39.85444641113281,-26.75737762451172,32.46525573730469,-15.021737098693848,29.701921463012695,-11.371070861816406,13.770957946777344,-14.502705574035645,16.169477462768555,-3.0626535415649414,0.4224988520145416,0.5923944115638733,0.475490927696228,0.5629904270172119,0.4088972210884094,0.32884740829467773,0.3414909541606903,0.3054511845111847,0.3301372230052948,0.25758373737335205,0.3361337184906006,0.38814809918403625,2292.510290744662,0.12365873826915634,metal
-122.2348861694336,62.28791427612305,-34.47575378417969,75.65299987792969,6.277377605438232,22.031089782714844,-10.95864486694336,23.2354793548584,-12.284939765930176,5.612534523010254,-6.983781814575195,5.616976737976074,-14.398442268371582,0.4014936089515686,0.46635669469833374,0.5472257137298584,0.5730389356613159,0.6277700066566467,0.5852187871932983,0.4375891089439392,0.3951701819896698,0.40873461961746216,0.41041702032089233,0.40368756651878357,0.39047643542289734,2690.651414951033,0.14832790126741485,metal
-99.77964782714844,102.1220703125,-23.655641555786133,63.082618713378906,-8.785433769226074,30.73992919921875,-9.646097183227539,14.164795875549316,0.37265703082084656,13.223106384277344,-10.096966743469238,9.193242073059082,-4.932151794433594,0.20804031193256378,0.19637660682201385,0.3227921426296234,0.5472914576530457,0.47045931220054626,0.2786462903022766,0.2587110996246338,0.38879406452178955,0.6512258052825928,0.5063309073448181,0.38768237829208374,0.33445632457733154,2099.3502081908823,0.08829727409055728,metal
-74.11552429199219,80.12188720703125,-46.98442077636719,51.019859313964844,-9.1384916305542,31.765640258789062,-6.376152038574219,24.855520248413086,-19.142610549926758,20.790122985839844,-11.66921329498291,13.848666191101074,-16.4748592376709,0.4193214774131775,0.3809348940849304,0.4112876355648041,0.5097682476043701,0.6752933263778687,0.5768003463745117,0.48193514347076416,0.5414955615997314,0.5461317300796509,0.6193670630455017,0.528820276260376,0.41933703422546387,2709.5400662447228,0.16644079249709753,metal
-100.42864990234375,104.687255859375,-57.25813293457031,56.59077453613281,-5.536773681640625,22.83633041381836,-6.167543411254883,23.09093475341797,-19.06918716430664,17.792306900024414,-13.767806053161621,9.958694458007812,-14.84881591796875,0.44186529517173767,0.3966800570487976,0.43434587121009827,0.49948111176490784,0.5588741898536682,0.41297799348831177,0.4531860947608948,0.4900337755680084,0.49831369519233704,0.5147233009338379,0.3700134754180908,0.41228535771369934,2269.195809921602,0.13738125544214397,metal
-93.5913314819336,89.8940200805664,-55.90269470214844,51.637325286865234,-5.558395862579346,28.777814865112305,-13.89287281036377,27.350772857666016,-15.316164016723633,22.82941246032715,-12.410712242126465,9.704985618591309,-19.730852127075195,0.3505436182022095,0.33727338910102844,0.32564669847488403,0.3942206799983978,0.5721200108528137,0.445031076669693,0.34849822521209717,0.4181915819644928,0.6007518172264099,0.6408876776695251,0.44358575344085693,0.36251896619796753,2463.4494582050966,0.15180860584365324,metal
-110.87448120117188,83.18675994873047,-45.257423400878906,56.5964241027832,-7.492354393005371,19.979755401611328,-13.402860641479492,21.21897315979004,-15.71973991394043,18.087411880493164,-18.127010345458984,12.930389404296875,-17.241710662841797,0.3913726210594177,0.433433473110199,0.37347039580345154,0.41972166299819946,0.501655638217926,0.48502862453460693,0.4882412850856781,0.4227285385131836,0.4778501093387604,0.46740490198135376,0.3951110541820526,0.40612557530403137,2683.329925042629,0.17731298676954335,metal
-86.27023315429688,76.75910949707031,-42.35627365112305,53.99910354614258,-8.3302583694458,29.407861709594727,-7.908730506896973,26.66146469116211,-14.234940528869629,18.466794967651367,-17.955867767333984,9.869915962219238,-19.038646697998047,0.43156951665878296,0.3540971875190735,0.42660465836524963,0.43077629804611206,0.48691847920417786,0.49116814136505127,0.4815526306629181,0.5296329855918884,0.5551947951316833,0.5707297325134277,0.4059031009674072,0.47107216715812683,2760.3423816837835,0.17124877551760836,metal
-135.5176239013672,93.37061309814453,-43.314273834228516,59.227752685546875,-8.516593933105469,20.944652557373047,-6.532815933227539,21.88986587524414,-18.970129013061523,17.050317764282227,-15.88487720489502,11.082777976989746,-18.488880157470703,0.3805702030658722,0.4136904776096344,0.43984177708625793,0.45568475127220154,0.527969479560852,0.40415123105049133,0.3973350524902344,0.49205225706100464,0.41837024688720703,0.4784536361694336,0.35679736733436584,0.3971487283706665,2389.4350405557316,0.1442818184017028,metal
0.3734971880912781,79.70632934570312,-30.638967514038086,61.075767517089844,-17.464641571044922,26.69574546813965,-21.25828742980957,22.35318946838379,-13.023765563964844,17.867393493652344,-13.381072998046875,19.257633209228516,-10.976208686828613,0.5262506008148193,0.5042343139648438,0.5004023313522339,0.4617980420589447,0.4378555715084076,0.48973238468170166,0.4085771441459656,0.4362383782863617,0.4382380545139313,0.46547162532806396,0.592192530632019,0.5295993089675903,2795.6746741322545,0.16373219209558823,metal
-1.9254101514816284,72.695556640625,-32.789642333984375,63.59203338623047,-18.557952880859375,25.872955322265625,-13.854104995727539,18.06438636779785,-11.945405960083008,19.657590866088867,-13.961471557617188,18.73766326904297,-11.190176010131836,0.4566236138343811,0.557325541973114,0.6808243989944458,0.5261450409889221,0.40640878677368164,0.4168437123298645,0.36713171005249023,0.3345365822315216,0.3651575744152069,0.42351770401000977,0.31143423914909363,0.32654932141304016,2908.260266485554,0.17811948227070434,metal
9.61259937286377,76.3458251953125,-31.27543830871582,56.88774490356445,-20.739660263061523,27.254444122314453,-16.64427947998047,19.372135162353516,-13.9225492477417,19.669509887695312,-16.064048767089844,17.490234375,-12.9599609375,0.5216690897941589,0.7676286697387695,0.5200248956680298,0.40420037508010864,0.4252614974975586,0.43714824318885803,0.4094877541065216,0.43508291244506836,0.6010304093360901,0.42596864700317383,0.3542141020298004,0.4223342835903168,2889.2745891447994,0.17660928732101394,metal
10.011058807373047,74.12017822265625,-32.231590270996094,62.77233123779297,-23.324920654296875,30.028404235839844,-14.876240730285645,20.15312957763672,-12.14114761352539,19.180307388305664,-14.977438926696777,18.800048828125,-12.27863597869873,0.5285899043083191,0.611502468585968,0.5100715756416321,0.42266175150871277,0.5495753288269043,0.4274253845214844,0.4189479947090149,0.5298818349838257,0.6100743412971497,0.6630964279174805,0.5146781206130981,0.5065580606460571,2980.160116271462,0.19402490385545665,metal
16.498144149780273,71.17402648925781,-22.343835830688477,60.27359390258789,-18.556434631347656,27.622684478759766,-12.4092435836792,16.955913543701172,-8.733989715576172,17.861543655395508,-13.475232124328613,18.930727005004883,-11.02466106414795,0.5446411371231079,0.634734034538269,0.5769739151000977,0.45121434330940247,0.4896264374256134,0.3720789849758148,0.37591609358787537,0.4575049877166748,0.5461925864219666,0.6254559755325317,0.4813636839389801,0.47362539172172546,2987.2017926625704,0.17751366582817338,metal
9.626441955566406,54.66244888305664,-21.025985717773438,60.16081619262695,-21.065937042236328,32.140621185302734,-15.826891899108887,21.457956314086914,-8.718100547790527,19.355714797973633,-12.387802124023438,19.743501663208008,-10.803767204284668,0.5939502716064453,0.689769983291626,0.6243422031402588,0.4915609061717987,0.44371646642684937,0.3706453740596771,0.45188143849372864,0.5421301126480103,0.5242290496826172,0.5290007591247559,0.44197985529899597,0.500010073184967,3401.339372945473,0.2284702738003096,metal
4.0075812339782715,83.27434539794922,-37.258846282958984,62.33454513549805,-14.855902671813965,23.40530014038086,-10.465683937072754,16.79058265686035,-7.9484052658081055,16.296947479248047,-11.256233215332031,13.319225311279297,-7.81800651550293,0.5370216965675354,0.5267594456672668,0.49889272451400757,0.45028212666511536,0.5387325882911682,0.4823070466518402,0.5007601380348206,0.579555094242096,0.614811360836029,0.6402834057807922,0.5252324342727661,0.5119819641113281,2716.8331745213422,0.16221897373258515,metal
4.940333843231201,75.07083892822266,-24.73708152770996,57.0108528137207,-21.782840728759766,26.048837661743164,-12.566024780273438,17.441984176635742,-10.243249893188477,18.605541229248047,-13.024873733520508,18.95309829711914,-9.702420234680176,0.5136351585388184,0.5909081697463989,0.4803523123264313,0.42467713356018066,0.5334472060203552,0.37430042028427124,0.36629027128219604,0.4646393358707428,0.5480893850326538,0.6284183263778687,0.5002745389938354,0.48619547486305237,2906.8537059020937,0.17261573626160992,metal
1.1746387481689453,66.648681640625,-23.702898025512695,60.94436264038086,-18.885223388671875,29.74541664123535,-17.549291610717773,21.030996322631836,-11.191259384155273,18.808361053466797,-13.06593132019043,19.950944900512695,-10.563494682312012,0.5804169178009033,0.6014405488967896,0.5336874127388,0.5431100130081177,0.43249449133872986,0.4032630920410156,0.45552048087120056,0.5224595069885254,0.5968762636184692,0.5206511616706848,0.4665381908416748,0.465674489736557,3114.329793935282,0.19579171101006193,metal
10.467679977416992,63.715049743652344,-28.434465408325195,62.60122299194336,-19.601041793823242,28.823450088500977,-15.230561256408691,19.29732894897461,-10.699569702148438,18.856489181518555,-12.712320327758789,18.030092239379883,-10.830204010009766,0.5815218091011047,0.551948070526123,0.5123932361602783,0.44790932536125183,0.40178829431533813,0.42671656608581543,0.5298360586166382,0.44433432817459106,0.45005711913108826,0.47621798515319824,0.5190603733062744,0.6466385722160339,3108.6767565401215,0.19692586892898606,metal
11.974040031433105,69.42491912841797,-23.26604461669922,60.7076301574707,-20.82064437866211,25.098285675048828,-16.19551658630371,15.557082176208496,-10.503490447998047,18.778438568115234,-13.38760757446289,17.373083114624023,-11.05994701385498,0.521889865398407,0.554074764251709,0.4593490660190582,0.4125405550003052,0.4262806475162506,0.38954368233680725,0.46244311332702637,0.43402302265167236,0.472957968711853,0.4540923535823822,0.44648727774620056,0.5280301570892334,3010.8123920844464,0.17932884759578174,metal
-24.911848068237305,77.54363250732422,-30.41730308532715,68.36966705322266,-6.5246429443359375,24.694499969482422,-9.80585765838623,19.51862335205078,-11.461867332458496,18.59208106994629,-14.161356925964355,14.44835376739502,-5.9202141761779785,0.6456654071807861,0.5578098297119141,0.48912718892097473,0.4065777063369751,0.3583965003490448,0.3277410864830017,0.4426203966140747,0.45279890298843384,0.4781778156757355,0.48718583583831787,0.52353835105896,0.6822588443756104,2718.481020565502,0.14377388496517027,metal
-15.687385559082031,100.0982666015625,-37.590457916259766,45.97100067138672,-20.77373695373535,25.637006759643555,-18.643869400024414,26.51662254333496,-20.163169860839844,21.129619598388672,-13.649134635925293,10.978789329528809,-15.535990715026855,0.37501785159111023,0.3798377811908722,0.46053874492645264,0.41229721903800964,0.478980153799057,0.5261070132255554,0.452143132686615,0.5776039361953735,0.5506647825241089,0.5032393336296082,0.44373804330825806,0.37631669640541077,2459.3807747248898,0.1428422957381966,metal
-15.622626304626465,99.1316909790039,-45.62268829345703,55.0214729309082,-18.016517639160156,23.890499114990234,-19.60334014892578,27.334909439086914,-15.099960327148438,18.792261123657227,-16.151487350463867,9.2156400680542,-16.21818733215332,0.29707396030426025,0.44097962975502014,0.48404955863952637,0.4204268455505371,0.593194842338562,0.4311203062534332,0.386910617351532,0.4271929860115051,0.5353565216064453,0.7752866148948669,0.4978830814361572,0.3227575421333313,2442.6700033077755,0.14985396913699692,metal
-58.221923828125,105.82452392578125,-43.90766906738281,58.44156265258789,-18.440866470336914,27.96586036682129,-17.969337463378906,21.048120498657227,-15.550262451171875,13.395051002502441,-15.685903549194336,9.36444091796875,-15.32344913482666,0.45602303743362427,0.49709463119506836,0.5478730797767639,0.5194678902626038,0.7382562756538391,0.5307133197784424,0.5250764489173889,0.5514367818832397,0.5132011771202087,0.5408813953399658,0.45893070101737976,0.6077040433883667,2315.8697989887996,0.13954412974071206,metal
-74.11552429199219,80.12188720703125,-46.98442077636719,51.019859313964844,-9.1384916305542,31.765640258789062,-6.376152038574219,24.855520248413086,-19.142610549926758,20.790122985839844,-11.66921329498291,13.848666191101074,-16.4748592376709,0.4193214774131775,0.3809348940849304,0.4112876355648041,0.5097682476043701,0.6752933263778687,0.5768003463745117,0.48193514347076416,0.5414955615997314,0.5461317300796509,0.6193670630455017,0.528820276260376,0.41933703422546387,2709.5400662447228,0.16644079249709753,metal
-100.42864990234375,104.687255859375,-57.25813293457031,56.59077453613281,-5.536773681640625,22.83633041381836,-6.167543411254883,23.09093475341797,-19.06918716430664,17.792306900024414,-13.767806053161621,9.958694458007812,-14.84881591796875,0.44186529517173767,0.3966800570487976,0.43434587121009827,0.49948111176490784,0.5588741898536682,0.41297799348831177,0.4531860947608948,0.4900337755680084,0.49831369519233704,0.5147233009338379,0.3700134754180908,0.41228535771369934,2269.195809921602,0.13738125544214397,metal
-93.5913314819336,89.8940200805664,-55.90269470214844,51.637325286865234,-5.558395862579346,28.777814865112305,-13.89287281036377,27.350772857666016,-15.316164016723633,22.82941246032715,-12.410712242126465,9.704985618591309,-19.730852127075195,0.3505436182022095,0.33727338910102844,0.32564669847488403,0.3942206799983978,0.5721200108528137,0.445031076669693,0.34849822521209717,0.4181915819644928,0.6007518172264099,0.6408876776695251,0.44358575344085693,0.36251896619796753,2463.4494582050966,0.15180860584365324,metal
-110.87448120117188,83.18675994873047,-45.257423400878906,56.5964241027832,-7.492354393005371,19.979755401611328,-13.402860641479492,21.21897315979004,-15.71973991394043,18.087411880493164,-18.127010345458984,12.930389404296875,-17.241710662841797,0.3913726210594177,0.433433473110199,0.37347039580345154,0.41972166299819946,0.501655638217926,0.48502862453460693,0.4882412850856781,0.4227285385131836,0.4778501093387604,0.46740490198135376,0.3951110541820526,0.40612557530403137,2683.329925042629,0.17731298676954335,metal
-86.27023315429688,76.75910949707031,-42.35627365112305,53.99910354614258,-8.3302583694458,29.407861709594727,-7.908730506896973,26.66146469116211,-14.234940528869629,18.466794967651367,-17.955867767333984,9.869915962219238,-19.038646697998047,0.43156951665878296,0.3540971875190735,0.42660465836524963,0.43077629804611206,0.48691847920417786,0.49116814136505127,0.4815526306629181,0.5296329855918884,0.5551947951316833,0.5707297325134277,0.4059031009674072,0.47107216715812683,2760.3423816837835,0.17124877551760836,metal
-135.5176239013672,93.37061309814453,-43.314273834228516,59.227752685546875,-8.516593933105469,20.944652557373047,-6.532815933227539,21.88986587524414,-18.970129013061523,17.050317764282227,-15.88487720489502,11.082777976989746,-18.488880157470703,0.3805702030658722,0.4136904776096344,0.43984177708625793,0.45568475127220154,0.527969479560852,0.40415123105049133,0.3973350524902344,0.49205225706100464,0.41837024688720703,0.4784536361694336,0.35679736733436584,0.3971487283706665,2389.4350405557316,0.1442818184017028,metal
-82.50125885009766,97.3441162109375,-34.37358474731445,71.40592193603516,-3.2831826210021973,17.367372512817383,-9.023832321166992,16.011180877685547,-19.003856658935547,12.078761100769043,-9.568191528320312,13.949616432189941,-14.460562705993652,0.4713060259819031,0.40977540612220764,0.4888392686843872,0.44247204065322876,0.5038279294967651,0.42719531059265137,0.3896050453186035,0.4109032154083252,0.4485659897327423,0.4885198771953583,0.48603883385658264,0.6627163887023926,2254.451747982022,0.12015875943304953,metal
-99.92597198486328,106.37654876708984,-40.69356918334961,52.71699142456055,-20.75264549255371,25.278520584106445,-11.834835052490234,22.090797424316406,-12.473095893859863,13.774300575256348,-14.384913444519043,15.974963188171387,-11.7249755859375,0.4686441421508789,0.41186416149139404,0.36761900782585144,0.48620671033859253,0.6501848697662354,0.46105632185935974,0.33457517623901367,0.36881986260414124,0.4866143465042114,0.6145786643028259,0.4544998109340668,0.45226725935935974,2302.7150351085147,0.13075015419407895,metal
-111.63196563720703,111.15151977539062,-10.673633575439453,69.675048828125,-4.912428379058838,29.834531784057617,-10.388691902160645,21.257766723632812,-6.639108657836914,20.084321975708008,-7.234053134918213,16.228864669799805,-10.118009567260742,0.3132578730583191,0.3824410140514374,0.5668029189109802,0.5865495800971985,0.6899768114089966,0.5442160964012146,0.4147128760814667,0.40876537561416626,0.38993513584136963,0.41791507601737976,0.343837171792984,0.3904985189437866,1741.2304486142502,0.05379181380611455,metal
-197.24264526367188,74.13582611083984,-10.73293399810791,54.719276428222656,-7.598918437957764,18.415987014770508,-18.87796974182129,11.60135269165039,-14.567999839782715,18.417076110839844,-16.479150772094727,12.56982707977295,-10.47082233428955,0.37874409556388855,0.3445199728012085,0.3654380738735199,0.33425021171569824,0.43378305435180664,0.353608101606369,0.47657880187034607,0.49561530351638794,0.44767141342163086,0.5145257711410522,0.40703779458999634,0.4240085780620575,2742.97005055359,0.14287668706462847,metal
-78.64667510986328,80.88037872314453,-24.58921241760254,47.0252799987793,-23.75067901611328,27.423234939575195,-17.42961883544922,22.27152442932129,-13.534701347351074,21.574050903320312,-11.100493431091309,15.586865425109863,-9.705411911010742,0.4612017571926117,0.6037493944168091,0.49797549843788147,0.4966779351234436,0.4945586621761322,0.48797371983528137,0.4925764203071594,0.44539615511894226,0.5251854062080383,0.4062027633190155,0.40647637844085693,0.4399432837963104,2808.0046134374647,0.15380519241002322,metal
-35.211856842041016,93.95565795898438,-35.18496322631836,62.78997039794922,-11.732125282287598,26.993427276611328,-10.765925407409668,24.075376510620117,-13.050642013549805,13.600350379943848,-12.423314094543457,13.567938804626465,-12.2533597946167,0.3937908411026001,0.4855347275733948,0.5704877376556396,0.426072359085083,0.39042943716049194,0.511245608329773,0.5718774795532227,0.5635876059532166,0.43294602632522583,0.35624751448631287,0.3134552836418152,0.32718321681022644,2340.03096955969,0.11682733588912539,metal
2.765820026397705,77.06904602050781,-17.56217384338379,57.96926498413086,0.7340002655982971,28.834630966186523,-7.862348556518555,27.621089935302734,-13.553444862365723,17.290193557739258,-7.578150749206543,13.043516159057617,-8.747499465942383,0.340419739484787,0.4461938142776489,0.549460768699646,0.6893672347068787,0.48198750615119934,0.3287554681301117,0.33924511075019836,0.35095080733299255,0.36978745460510254,0.3922741115093231,0.5121448040008545,0.358989953994751,2642.032925778633,0.12134280367163312,metal
-201.17037963867188,76.82514953613281,-14.830625534057617,68.75314331054688,-12.952949523925781,36.95549011230469,-10.982540130615234,23.68573760986328,-12.256572723388672,16.67241859436035,-11.068587303161621,15.556434631347656,-11.184572219848633,0.546271026134491,0.7440526485443115,0.5965940952301025,0.43801242113113403,0.4037904143333435,0.44075965881347656,0.41031935811042786,0.4304812550544739,0.4963773488998413,0.44362014532089233,0.39243772625923157,0.45951786637306213,2723.644292308425,0.13497272881191952,metal
-40.462825775146484,105.28376770019531,-14.121418952941895,54.854095458984375,-1.1847330331802368,20.078170776367188,-11.686579704284668,22.17769432067871,-10.237689018249512,14.195451736450195,-6.912577152252197,13.34514045715332,-9.254658699035645,0.33854779601097107,0.3711180090904236,0.3591863512992859,0.4726434051990509,0.3282925486564636,0.331901490688324,0.4619813859462738,0.5274306535720825,0.7112893462181091,0.5308301448822021,0.49169719219207764,0.4550725519657135,2068.6843930292544,0.08889326443982198,metal
-100.87203979492188,76.13174438476562,-29.54094886779785,69.70768737792969,-17.33968734741211,21.392005920410156,-12.921216011047363,22.00493812561035,-9.841376304626465,18.42426109313965,-12.037166595458984,8.981180191040039,-20.8742618560791,0.40877044200897217,0.3581947684288025,0.47854742407798767,0.5989101529121399,0.777285099029541,0.5746957659721375,0.38320615887641907,0.41412845253944397,0.5072731375694275,0.43586456775665283,0.4230121672153473,0.5907877087593079,2792.6902805308296,0.16254058932372292,metal
-42.029930114746094,86.99800109863281,-27.519882202148438,62.607791900634766,-27.020549774169922,32.348594665527344,-18.955394744873047,22.13898277282715,-14.33113956451416,19.516881942749023,-10.9707670211792,16.759538650512695,-12.395560264587402,0.3941079080104828,0.3611747920513153,0.43910595774650574,0.39285868406295776,0.39860665798187256,0.37464091181755066,0.44202667474746704,0.40852317214012146,0.4833206832408905,0.5845857262611389,0.496132493019104,0.5162408351898193,2741.0869522297985,0.15998467129450464,metal
-1.6504898071289062,73.40672302246094,-15.897675514221191,55.80284881591797,-1.921775221824646,34.024566650390625,-8.336319923400879,32.76787567138672,-9.721336364746094,20.836997985839844,-9.04139518737793,13.956027030944824,-9.598966598510742,0.5021594762802124,0.519502580165863,0.5723650455474854,0.6674861311912537,0.5669490694999695,0.43600568175315857,0.4714200496673584,0.5628688335418701,0.501957893371582,0.48227596282958984,0.5931562185287476,0.5269500613212585,2815.480455068502,0.13186541577979877,metal
-74.93043518066406,79.14186096191406,-40.91248321533203,54.720619201660156,-9.683361053466797,37.261474609375,-14.976004600524902,20.9373722076416,-17.43129539489746,16.582231521606445,-11.095816612243652,15.470193862915039,-11.143388748168945,0.4436427354812622,0.411100298166275,0.47641804814338684,0.6173959970474243,0.6347398161888123,0.41686761379241943,0.3880689740180969,0.3782735764980316,0.4291876554489136,0.5125074982643127,0.43008938431739807,0.5319187641143799,2710.046718960874,0.14390615929760062,metal
-73.53079223632812,74.63623809814453,-16.441614151000977,55.65842056274414,-7.735835075378418,36.544734954833984,-18.30474853515625,27.83493995666504,-11.930488586425781,20.06295394897461,-11.35605239868164,14.714357376098633,-7.291873455047607,0.46179693937301636,0.5374141931533813,0.5323434472084045,0.4865887463092804,0.5774842500686646,0.5721828937530518,0.5316784977912903,0.4550691843032837,0.40790772438049316,0.4210110008716583,0.46832236647605896,0.5133249163627625,2848.182022368144,0.14412119956946595,metal
-19.13578224182129,118.84263610839844,-52.17037582397461,42.71204376220703,-21.577301025390625,27.6951847076416,-14.619277000427246,27.02391242980957,-17.13873863220215,18.976408004760742,-10.77082633972168,9.391385078430176,-4.6610589027404785,0.4426459074020386,0.6405074000358582,0.44021520018577576,0.46230003237724304,0.5569555163383484,0.48873069882392883,0.7566781640052795,0.5742152333259583,0.5103497505187988,0.459540456533432,0.46933305263519287,0.41029268503189087,2138.240246747415,0.12199056997387771,metal
-57.683387756347656,101.43231964111328,-41.48524475097656,55.13059997558594,-23.349279403686523,28.151098251342773,-12.139104843139648,18.150203704833984,-15.429839134216309,11.888646125793457,-10.803694725036621,9.394469261169434,-12.284427642822266,0.4355127811431885,0.43322527408599854,0.47797253727912903,0.6680852174758911,0.5796773433685303,0.5246772766113281,0.5075530409812927,0.49098658561706543,0.5825782418251038,0.534676194190979,0.510004460811615,0.41347822546958923,2378.392047570882,0.1413173616486068,metal
-29.364521026611328,101.90518951416016,-29.13861083984375,69.73786163330078,-16.19940948486328,19.44755744934082,-18.34846305847168,19.07645606994629,-18.298919677734375,15.284217834472656,-8.2564697265625,2.497313976287842,-14.802310943603516,0.33901247382164,0.32956984639167786,0.40293416380882263,0.4603952169418335,0.6956643462181091,0.5913587808609009,0.4983275234699249,0.44001471996307373,0.519370973110199,0.3856533169746399,0.3193880021572113,0.5050733089447021,2340.7560584493326,0.1229134668875774,metal
0.2972937524318695,94.16095733642578,-32.389198303222656,45.457828521728516,-15.2064208984375,25.88822364807129,-12.407600402832031,19.62569236755371,-6.809361934661865,17.237934112548828,-12.9938325881958,13.681172370910645,-8.694562911987305,0.4563634395599365,0.47902417182922363,0.5595740675926208,0.5316080451011658,0.5247052311897278,0.4461381137371063,0.4176802635192871,0.49665388464927673,0.40614238381385803,0.47067582607269287,0.5251743793487549,0.45106199383735657,2522.6734734695337,0.13858495186726005,metal
-46.61735153198242,86.81586456298828,-34.77482986450195,49.901302337646484,-18.186410903930664,28.72397804260254,-23.486286163330078,15.659388542175293,-8.936177253723145,10.59855842590332,-18.183574676513672,12.444950103759766,-13.554953575134277,0.42675676941871643,0.4363568127155304,0.3644726872444153,0.4448050260543823,0.461800217628479,0.3813743591308594,0.5202360153198242,0.40488460659980774,0.42778101563453674,0.44760769605636597,0.44421935081481934,0.5322942137718201,2647.051996452653,0.15778135884287925,metal
-96.30450439453125,90.98214721679688,-32.244606018066406,54.340145111083984,-23.049861907958984,27.70753288269043,-16.949060440063477,21.061527252197266,-18.193655014038086,22.60833740234375,-9.001288414001465,14.27405834197998,-11.000205993652344,0.46563196182250977,0.36810916662216187,0.39714446663856506,0.4603371024131775,0.4126130938529968,0.4914543628692627,0.4127536118030548,0.47286146879196167,0.3788633644580841,0.42778274416923523,0.5035048127174377,0.41953912377357483,2629.0107378061284,0.15904401182759287,metal
22.81381607055664,60.819091796875,-6.410772800445557,53.192283630371094,-13.250526428222656,27.924463272094727,-14.31942367553711,29.694120407104492,-17.342933654785156,20.313676834106445,-9.746160507202148,17.13395881652832,-8.265369415283203,0.4218345582485199,0.4915063679218292,0.5268442034721375,0.5707963109016418,0.60382479429245,0.5827516913414001,0.5138302445411682,0.4960651099681854,0.5032612681388855,0.5608395934104919,0.5001764297485352,0.42973875999450684,3338.669549044171,0.18681330725135448,metal
-129.7239227294922,104.04530334472656,-26.97124481201172,68.26852416992188,2.4256184101104736,22.604602813720703,-12.102456092834473,17.05898666381836,-5.6731367111206055,13.670591354370117,-2.8124678134918213,5.3755269050598145,-3.0072360038757324,0.41284671425819397,0.3678654730319977,0.3382992744445801,0.43399396538734436,0.5925122499465942,0.42261379957199097,0.2987928092479706,0.3878985345363617,0.44114598631858826,0.5077641010284424,0.45841890573501587,0.3975527882575989,1988.1097637793819,0.09242007606907894,metal
-90.70469665527344,128.0314483642578,-34.76201629638672,73.75540924072266,4.335819244384766,28.097118377685547,-0.5283840894699097,17.35628890991211,4.389689922332764,12.314993858337402,2.270378828048706,5.679950714111328,-6.7684245109558105,0.1976061910390854,0.2534373998641968,0.5305942296981812,0.6763789653778076,0.6030935049057007,0.41629472374916077,0.46871715784072876,0.586113691329956,0.5345252752304077,0.490873247385025,0.4424489140510559,0.27133670449256897,1443.9436096106106,0.046570013182082044,metal
-93.48880004882812,100.64778137207031,-23.369590759277344,52.49628829956055,-7.74951171875,39.587459564208984,-7.775391578674316,26.730106353759766,-12.477862358093262,11.733406066894531,-10.556070327758789,23.026805877685547,-9.961859703063965,0.41369885206222534,0.3220871388912201,0.36524927616119385,0.43298396468162537,0.503654956817627,0.4427224397659302,0.24692967534065247,0.23680154979228973,0.3614252507686615,0.5295718908309937,0.648357093334198,0.6189275979995728,2141.760929048819,0.08467824835526316,metal
-96.65605926513672,101.724853515625,-16.843751907348633,47.31169509887695,-27.082910537719727,28.275732040405273,-17.2005558013916,21.652477264404297,-17.890527725219727,7.018766403198242,-14.618828773498535,15.222269058227539,-16.00571632385254,0.3515855669975281,0.4042389690876007,0.28587424755096436,0.3812975287437439,0.5321483612060547,0.4523954689502716,0.4285711646080017,0.3288305997848511,0.43209904432296753,0.2838643491268158,0.24228538572788239,0.43901336193084717,2323.780312899506,0.12008733129353716,metal
-67.8962631225586,108.9341049194336,-33.84925842285156,50.50246047973633,-21.373014450073242,21.50031852722168,-14.890105247497559,11.634114265441895,-19.267108917236328,10.540526390075684,-13.92236042022705,5.562826156616211,-14.43623161315918,0.28054526448249817,0.3771570920944214,0.5664622783660889,0.42578375339508057,0.3654865622520447,0.2503073513507843,0.22681133449077606,0.28428417444229126,0.3076179623603821,0.465772420167923,0.3299309015274048,0.22302451729774475,2090.459458437368,0.09332936762287151,metal
-104.97825622558594,80.70867156982422,-28.53383445739746,66.80076599121094,-20.70402717590332,29.119020462036133,-9.355721473693848,22.35357666015625,-12.043807983398438,13.592498779296875,-14.734193801879883,11.049198150634766,-15.269818305969238,0.37861204147338867,0.34275129437446594,0.4195003807544708,0.44320249557495117,0.5498340725898743,0.5149274468421936,0.5226017236709595,0.5496920943260193,0.45144590735435486,0.38357973098754883,0.3376055359840393,0.43815743923187256,2644.8797461791337,0.14164653577302633,metal
-104.68675994873047,87.7356948852539,-33.24212646484375,48.45683288574219,-28.924985885620117,22.513729095458984,-24.994108200073242,20.53480339050293,-12.077210426330566,18.256620407104492,-15.190194129943848,10.294037818908691,-13.897688865661621,0.3713690936565399,0.2735467255115509,0.33466777205467224,0.3204019367694855,0.45817065238952637,0.3925797939300537,0.4620307385921478,0.4848543107509613,0.4010692536830902,0.4090080261230469,0.42607197165489197,0.5488885045051575,2707.5423665716226,0.16091248125483745,metal
-35.348392486572266,94.13723754882812,-24.249738693237305,43.30569839477539,-16.374916076660156,29.515817642211914,-5.852855205535889,28.46188735961914,-13.956537246704102,13.7386474609375,-9.201020240783691,15.596586227416992,-8.491606712341309,0.5628716349601746,0.6419995427131653,0.5177415013313293,0.4776538908481598,0.5442112684249878,0.5037093162536621,0.551550567150116,0.4943229854106903,0.5185043215751648,0.47305384278297424,0.5252257585525513,0.5398906469345093,2445.203639101959,0.12103592722039473,metal
-51.58415222167969,86.15931701660156,-20.28268051147461,59.051578521728516,-10.889932632446289,27.533498764038086,-11.254170417785645,23.941713333129883,-11.557459831237793,13.293803215026855,-9.016419410705566,13.90733528137207,-10.740367889404297,0.5049684047698975,0.5261417627334595,0.6649020910263062,0.5879266858100891,0.5360526442527771,0.4919640123844147,0.4751491844654083,0.44082462787628174,0.4821033775806427,0.5459092259407043,0.48688560724258423,0.4795532822608948,2493.9383740127623,0.12823996529121517,metal
-82.15792083740234,98.2918472290039,-16.522001266479492,68.44801330566406,1.445263385772705,29.869274139404297,-5.275089263916016,24.399490356445312,-10.475003242492676,14.404364585876465,-7.892159938812256,10.02022933959961,-8.503235816955566,0.5761074423789978,0.48591098189353943,0.523600697517395,0.4310634434223175,0.4729621410369873,0.4439932405948639,0.44040846824645996,0.44663339853286743,0.5296151638031006,0.5789236426353455,0.4460983872413635,0.5273170471191406,1983.2971581753839,0.08620620585816563,metal
-95.33910369873047,92.06636047363281,-28.061176300048828,52.79628372192383,-3.018975019454956,25.395771026611328,-6.13599157333374,20.098093032836914,-10.22387409210205,12.411142349243164,-8.27039623260498,11.69328784942627,-9.268383979797363,0.4913514256477356,0.567298173904419,0.5896268486976624,0.4696323275566101,0.49576660990715027,0.505653440952301,0.5922859907150269,0.6453792452812195,0.4797171354293823,0.4202059805393219,0.4012874364852905,0.4687047004699707,2241.4549321413824,0.11576498403637771,metal
-66.66678619384766,88.3671646118164,-27.544343948364258,53.177696228027344,-9.20226001739502,27.95931625366211,-8.114094734191895,26.286819458007812,-8.2391357421875,12.685690879821777,-7.130959987640381,13.688372611999512,-8.364937782287598,0.5559999942779541,0.5551033020019531,0.6463984251022339,0.5245362520217896,0.5092605352401733,0.5023469924926758,0.4738101065158844,0.5057598948478699,0.48205527663230896,0.5379573702812195,0.43881523609161377,0.46380743384361267,2375.5535392574907,0.1080065275493421,metal
-94.53428649902344,55.664608001708984,29.260526657104492,27.047908782958984,20.063941955566406,1.1709085702896118,12.9537992477417,-0.7993096113204956,8.872952461242676,-0.6761953830718994,-5.338356971740723,2.220707416534424,-4.614716053009033,0.3836424946784973,0.32702112197875977,0.3893265426158905,0.32534828782081604,0.46218341588974,0.48061349987983704,0.3399387001991272,0.4794028699398041,0.40095916390419006,0.41170650720596313,0.33846259117126465,0.3379687964916229,3422.09468148469,0.12676680715460525,pop
-59.20097351074219,45.28543472290039,36.858238220214844,15.686738014221191,15.643389701843262,1.6743940114974976,7.2945380210876465,8.814742088317871,5.8260087966918945,7.992021083831787,-2.2828497886657715,1.8962289094924927,-0.9197742938995361,0.44667407870292664,0.36241263151168823,0.362434983253479,0.4183049499988556,0.40107014775276184,0.5121645331382751,0.41296321153640747,0.5117260813713074,0.4596528708934784,0.35642966628074646,0.3679603934288025,0.34130826592445374,3702.928030369771,0.14947642039957432,pop
-59.60712432861328,62.98234176635742,31.122060775756836,16.928890228271484,8.904488563537598,10.815333366394043,10.561758995056152,5.165958881378174,5.408297061920166,6.159944534301758,2.2780191898345947,4.254538059234619,4.125680446624756,0.4760591983795166,0.43355792760849,0.4828786551952362,0.34032803773880005,0.2877412438392639,0.2996443510055542,0.32770097255706787,0.411786288022995,0.42174023389816284,0.5603922009468079,0.5468286275863647,0.42602458596229553,3213.5168358111127,0.11886851780185759,pop
-125.90678405761719,126.61827850341797,-23.186908721923828,36.22425079345703,20.962921142578125,-1.173523187637329,16.486766815185547,-3.6612226963043213,6.520490646362305,9.33726978302002,-6.409656047821045,3.8801941871643066,-7.941657066345215,0.37327149510383606,0.3389534056186676,0.5644126534461975,0.36774393916130066,0.27085232734680176,0.3221127688884735,0.3863261938095093,0.710278332233429,0.441310316324234,0.40259283781051636,0.3289679288864136,0.41381123661994934,1837.191501891123,0.08535171367066563,pop
-20.901945114135742,83.24166870117188,5.04695987701416,16.37078857421875,9.402538299560547,-0.5629183650016785,4.051513195037842,6.209602355957031,9.122196197509766,5.865447044372559,-3.5055267810821533,-0.6387332677841187,-3.172269582748413,0.3802013695240021,0.35776287317276,0.42693889141082764,0.33343279361724854,0.39582112431526184,0.32695600390434265,0.34946781396865845,0.39361152052879333,0.42253199219703674,0.4761776626110077,0.3587159216403961,0.39104536175727844,2753.2217697518786,0.12376304602844428,pop
-113.61810302734375,90.01456451416016,-5.541343688964844,25.595474243164062,2.601149797439575,3.1922523975372314,1.131181001663208,6.143718719482422,2.789379596710205,-1.8761606216430664,-7.119990825653076,-3.4417924880981445,-5.911004543304443,0.2624348998069763,0.4339129626750946,0.2656606435775757,0.27792882919311523,0.21259412169456482,0.21987660229206085,0.5157660841941833,0.31987178325653076,0.3087610900402069,0.2406202107667923,0.3816980719566345,0.43995341658592224,2290.0859207010612,0.10678053345104489,pop
-169.15084838867188,94.64078521728516,24.504722595214844,27.413869857788086,11.641731262207031,14.895840644836426,4.234471797943115,12.369024276733398,10.702795028686523,5.126412868499756,-0.3423665165901184,1.2547649145126343,-4.157588958740234,0.5532833933830261,0.3802616596221924,0.32303693890571594,0.25793662667274475,0.2785605490207672,0.35243338346481323,0.39248496294021606,0.6128876209259033,0.37962499260902405,0.27583181858062744,0.26022061705589294,0.42891573905944824,2125.4079876587084,0.06769535785119969,pop
-224.45635986328125,107.30908966064453,-1.5683280229568481,13.870830535888672,8.12395191192627,-9.378747940063477,8.120474815368652,9.29403305053711,9.099869728088379,6.025224208831787,-6.6545023918151855,2.0728163719177246,6.202076435089111,0.18293410539627075,0.2831888198852539,0.4473831057548523,0.22104878723621368,0.1270436942577362,0.13056232035160065,0.17583084106445312,0.20237663388252258,0.2122444361448288,0.4977087378501892,0.33318638801574707,0.20555537939071655,1968.4064522146039,0.08234492913119196,pop
-52.448246002197266,74.02206420898438,12.697417259216309,24.50034523010254,21.107900619506836,1.9049279689788818,6.7965569496154785,4.719959735870361,8.40647029876709,8.24699592590332,-2.2676541805267334,-1.2025364637374878,-2.677809715270996,0.3688089847564697,0.3847394287586212,0.41145405173301697,0.6040490865707397,0.45596885681152344,0.4012131690979004,0.3387736976146698,0.3428835868835449,0.5289312601089478,0.37154075503349304,0.33749622106552124,0.2998751997947693,2885.3303652171926,0.1213038772252322,pop
-35.29734802246094,61.24724197387695,14.059666633605957,28.661287307739258,4.329987049102783,-1.3499213457107544,-0.7904130220413208,5.122540473937988,5.352399826049805,1.2215205430984497,-7.257073402404785,-0.5168179273605347,0.21715888381004333,0.41178908944129944,0.5415666699409485,0.41312354803085327,0.4378259479999542,0.4247989356517792,0.3772082030773163,0.5239889621734619,0.4098883867263794,0.43205705285072327,0.4674074053764343,0.5132972598075867,0.5050752758979797,3279.967331808209,0.17281943873355263,pop
-111.13056182861328,103.09619140625,10.9099702835083,34.34892654418945,22.343650817871094,17.86838150024414,6.8071393966674805,6.333683013916016,5.488653182983398,0.618813693523407,0.3394002616405487,3.825078248977661,2.044203758239746,0.3090139329433441,0.41909587383270264,0.3175773620605469,0.31793299317359924,0.4954513609409332,0.3815906345844269,0.40794217586517334,0.3209276795387268,0.4015377163887024,0.48300138115882874,0.3345590829849243,0.3471158444881439,1901.4116456876454,0.06621728666795666,pop
-240.68592834472656,97.10966491699219,0.4066188633441925,-0.2689549922943115,-10.478994369506836,-15.741311073303223,1.3906447887420654,-17.873804092407227,-9.08908748626709,-8.767288208007812,-14.260693550109863,-5.50178337097168,-8.36895751953125,0.1731882244348526,0.14520549774169922,0.27989307045936584,0.09804819524288177,0.18095888197422028,0.2936325967311859,0.16607560217380524,0.3712240159511566,0.21481849253177643,0.43329715728759766,0.23640228807926178,0.1148110032081604,2200.799680588226,0.08712532350522446,pop
-50.853858947753906,80.22756958007812,-9.293903350830078,20.294153213500977,12.10611343383789,6.784271240234375,6.279613018035889,3.4291553497314453,-3.9568376541137695,2.5745725631713867,-5.706396102905273,0.48411130905151367,-0.5719530582427979,0.4204653799533844,0.35938751697540283,0.41135266423225403,0.41280555725097656,0.3617749810218811,0.4873533546924591,0.3378277122974396,0.34645500779151917,0.33461833000183105,0.3912201225757599,0.41648849844932556,0.3508959412574768,2679.2839905691167,0.12593423471362228,pop
-161.6541290283203,85.56669616699219,53.27549362182617,32.21720886230469,27.1954402923584,11.300174713134766,7.896171569824219,8.764694213867188,1.2665907144546509,13.211441040039062,0.0675891637802124,4.826746463775635,3.1036131381988525,0.5439353585243225,0.37914523482322693,0.32914960384368896,0.22834382951259613,0.24647073447704315,0.32477128505706787,0.3158271312713623,0.36037957668304443,0.3473426103591919,0.3785295784473419,0.4119739234447479,0.40843290090560913,2150.085229874043,0.05165917364067337,pop
-135.3231201171875,107.81954193115234,-13.443976402282715,19.020700454711914,8.79883098602295,12.496943473815918,1.0323982238769531,11.318428039550781,2.543212413787842,1.2272974252700806,-6.39171028137207,5.854485988616943,2.88142991065979,0.5171432495117188,0.5005691647529602,0.4702759385108948,0.5539453625679016,0.4126430153846741,0.33912238478660583,0.30479228496551514,0.3746064603328705,0.41409510374069214,0.37899544835090637,0.416634202003479,0.42943963408470154,1997.9771683248648,0.0880610699255031,pop
-45.75362014770508,65.2761459350586,12.941987037658691,14.516027450561523,7.018110275268555,4.408518314361572,6.614441394805908,3.29875111579895,7.736769676208496,4.059378147125244,3.6551008224487305,2.6030385494232178,4.055315017700195,0.5423382520675659,0.42122700810432434,0.4234527349472046,0.40123042464256287,0.3016621172428131,0.31304731965065,0.36079174280166626,0.44554558396339417,0.34327730536460876,0.32580873370170593,0.3634774386882782,0.39882487058639526,3207.220332891123,0.14158379994678794,pop
-97.0082015991211,51.78600311279297,18.738693237304688,20.48166275024414,5.610452651977539,3.5735023021698,5.572288990020752,0.7373946309089661,7.336127281188965,1.6588528156280518,-2.7012627124786377,-0.44397425651550293,-1.0818588733673096,0.3960598409175873,0.44225671887397766,0.40813836455345154,0.4861981272697449,0.3533323407173157,0.32646843791007996,0.37215185165405273,0.300471693277359,0.3349192142486572,0.33430051803588867,0.45039910078048706,0.46055927872657776,3490.329748964607,0.15341592794601394,pop
-53.12335968017578,78.31343841552734,2.2469546794891357,18.838302612304688,3.864591121673584,2.51427960395813,-3.7991864681243896,6.814704895019531,-0.8102047443389893,8.754905700683594,-4.800525188446045,-2.1519949436187744,1.2861206531524658,0.39968380331993103,0.4912567138671875,0.36855053901672363,0.4550829827785492,0.37029555439949036,0.40690404176712036,0.6275995373725891,0.44464436173439026,0.40195232629776,0.3903224468231201,0.44382044672966003,0.4234332740306854,2789.1243751604316,0.12622977336493807,pop
-48.95814514160156,62.637794494628906,34.225830078125,12.313788414001465,16.560747146606445,8.622407913208008,8.767117500305176,5.245012283325195,6.7942399978637695,9.059274673461914,-4.085325241088867,-0.7463064193725586,-0.3756467401981354,0.4745408892631531,0.3863184452056885,0.36733171343803406,0.4858429729938507,0.39270928502082825,0.36733734607696533,0.30678367614746094,0.42921704053878784,0.5328609347343445,0.38103508949279785,0.41747143864631653,0.37867751717567444,3433.92215467519,0.12773467734133126,pop
-25.156341552734375,70.81892395019531,2.9392478466033936,7.554466247558594,1.459619164466858,2.8461227416992188,1.9075497388839722,-6.825979709625244,0.29145100712776184,-1.9537078142166138,-6.651635646820068,-0.2439810037612915,-0.7550279498100281,0.4870997667312622,0.38699692487716675,0.4958791434764862,0.4987117052078247,0.3176790773868561,0.2853633463382721,0.29735323786735535,0.47531771659851074,0.29735568165779114,0.24597111344337463,0.3669695556163788,0.36566999554634094,3130.9812160844167,0.15605347813467493,pop
13.536641120910645,58.196353912353516,-2.2051022052764893,5.008135795593262,8.070771217346191,-0.479264497756958,4.105179309844971,2.258924722671509,4.293473720550537,3.586092472076416,-0.5052727460861206,2.421469211578369,1.8804908990859985,0.5202656388282776,0.33426088094711304,0.4231407344341278,0.46050113439559937,0.34686094522476196,0.3948993384838104,0.3766729533672333,0.5042188763618469,0.41420978307724,0.3754771649837494,0.4151705801486969,0.3821621835231781,3487.4996203779583,0.17974985789957432,pop
-23.23011016845703,53.81916809082031,-0.6900113224983215,14.726737976074219,4.871845722198486,6.730589866638184,4.845880031585693,4.945091247558594,4.26452112197876,3.1102583408355713,2.549565076828003,2.987947702407837,4.636329650878906,0.6543717980384827,0.45082610845565796,0.5226592421531677,0.5713579654693604,0.4934723675251007,0.47275692224502563,0.42171961069107056,0.5482527613639832,0.4947195053100586,0.4423772394657135,0.48053568601608276,0.4996853768825531,3502.139027387522,0.1870177655766254,pop
-45.717811584472656,65.28741455078125,12.934513092041016,14.516592025756836,7.038323879241943,4.395020961761475,6.6337785720825195,3.3018980026245117,7.729785442352295,4.070034980773926,3.668118476867676,2.6062710285186768,4.049001216888428,0.5438218712806702,0.4200839698314667,0.4240568280220032,0.3996526896953583,0.3008999824523926,0.31299254298210144,0.3634856045246124,0.4461289644241333,0.3426280915737152,0.32538220286369324,0.3631209135055542,0.40080663561820984,3206.199866093883,0.14153920460042568,pop
-44.28742599487305,51.32791519165039,24.99048614501953,12.160305976867676,10.87307357788086,7.612086772918701,8.211469650268555,-0.7733294367790222,5.946744441986084,4.761636257171631,-2.508432626724243,1.3215402364730835,-1.946599006652832,0.4566011130809784,0.36274898052215576,0.4037480652332306,0.4086209833621979,0.4728430509567261,0.4010447561740875,0.3426579236984253,0.45563623309135437,0.3684180974960327,0.35025057196617126,0.31689637899398804,0.38164231181144714,3759.8089732129138,0.17767428466041021,pop
-40.83016586303711,61.52112579345703,9.867293357849121,10.096549034118652,8.454962730407715,5.366854190826416,8.3766508102417,3.5050008296966553,8.251043319702148,5.880058765411377,-0.1042388379573822,-0.5703608393669128,0.5514452457427979,0.3586147427558899,0.4468541443347931,0.3486517071723938,0.39423859119415283,0.4624232351779938,0.37381187081336975,0.43994277715682983,0.42223238945007324,0.5125769972801208,0.44023454189300537,0.334293007850647,0.39789730310440063,3301.8647028211412,0.14452671488003097,pop
-106.8328628540039,81.01405334472656,47.822872161865234,13.640558242797852,13.000601768493652,6.895191192626953,7.581347942352295,-2.6333248615264893,-2.49831223487854,1.8714977502822876,-5.139432907104492,-2.7431228160858154,-3.6675772666931152,0.3348667025566101,0.3207033574581146,0.43675681948661804,0.3198756277561188,0.34217196702957153,0.2536567449569702,0.3358882665634155,0.4469544589519501,0.3003973066806793,0.3153213560581207,0.26955723762512207,0.28822675347328186,2928.6503834649243,0.10574085719814241,pop
-73.36741638183594,97.46427917480469,16.87055015563965,-0.5790377855300903,7.180088996887207,4.872416973114014,0.7465053796768188,-5.5500168800354,0.9903746843338013,4.916617393493652,-5.83544397354126,-4.92141580581665,-0.03095639869570732,0.4637890160083771,0.28745391964912415,0.31659603118896484,0.2460079789161682,0.32340484857559204,0.26718270778656006,0.2504202723503113,0.5417892932891846,0.3911040127277374,0.34660300612449646,0.24407434463500977,0.3419296443462372,2526.130442686517,0.10354207986648607,pop
-75.36612701416016,83.33487701416016,10.703895568847656,14.45510196685791,14.244521141052246,7.410257339477539,5.279713153839111,-0.40012580156326294,5.717756271362305,3.3618035316467285,-2.5211021900177,-4.227081298828125,-1.8455222845077515,0.30009087920188904,0.3791848421096802,0.4701184630393982,0.3252941966056824,0.342288613319397,0.3139219582080841,0.4427255094051361,0.40113717317581177,0.3394767940044403,0.41950350999832153,0.37264567613601685,0.4225669503211975,2682.713194799874,0.1019147276509288,pop
-45.638736724853516,74.70450592041016,15.980230331420898,14.800469398498535,8.992414474487305,8.204231262207031,5.686349391937256,5.254493236541748,5.396808624267578,2.4352223873138428,0.7794389724731445,1.174706220626831,-2.3591649532318115,0.3218180239200592,0.24336601793766022,0.3652607500553131,0.46009203791618347,0.30885347723960876,0.35387927293777466,0.3034214973449707,0.4591616094112396,0.3424028158187866,0.3018055260181427,0.43262720108032227,0.2994692921638489,2946.5774176287164,0.1212698638254644,pop
-40.52484130859375,73.47651672363281,22.62272071838379,12.3551025390625,14.860798835754395,8.94628620147705,5.305812835693359,9.025769233703613,2.0851216316223145,4.303849697113037,-3.1314620971679688,1.8446422815322876,2.0324933528900146,0.36983320116996765,0.46963855624198914,0.33683499693870544,0.3690795302391052,0.3375781774520874,0.3375950753688812,0.3284425437450409,0.35419341921806335,0.4476059377193451,0.3056659400463104,0.3236100375652313,0.27697402238845825,2988.85797981166,0.11157037599167957,pop
-18.171194076538086,72.29644012451172,-4.8672308921813965,-0.3595811128616333,1.6975715160369873,-0.9182093143463135,-1.3221728801727295,-0.3419729769229889,0.6473228931427002,-0.18098020553588867,-1.2175111770629883,-1.0574640035629272,2.519505262374878,0.4008852243423462,0.5333806872367859,0.2907768487930298,0.37262848019599915,0.2602606415748596,0.37257468700408936,0.2568315267562866,0.2899022102355957,0.46873724460601807,0.3216244578361511,0.44138413667678833,0.2833964228630066,3070.6451711304394,0.14873984133126936,pop
-18.854591369628906,71.32852172851562,-3.743232011795044,-1.3965917825698853,0.7103475332260132,-1.049136757850647,-1.052406668663025,-0.24947142601013184,0.6239636540412903,0.42929908633232117,-1.4892839193344116,-1.0790832042694092,2.4154279232025146,0.4126945436000824,0.5371377468109131,0.30048683285713196,0.3794448971748352,0.26979345083236694,0.380413293838501,0.2650105953216553,0.30320093035697937,0.47377797961235046,0.3315930962562561,0.44505277276039124,0.29379960894584656,3111.0610992009765,0.15291026206946595,pop
-113.16950225830078,41.588138580322266,21.516307830810547,11.092116355895996,17.44065284729004,0.6074315905570984,3.0293283462524414,0.08450865745544434,3.4569807052612305,0.29064035415649414,0.6160154342651367,1.2555638551712036,2.8942456245422363,0.44348058104515076,0.4932909607887268,0.37376222014427185,0.47801247239112854,0.4769345223903656,0.34438586235046387,0.3895094394683838,0.4031716585159302,0.49145692586898804,0.3834017217159271,0.39092782139778137,0.4514569342136383,4225.564575455603,0.22873671209849072,pop
-69.0019302368164,73.7699966430664,-12.468981742858887,9.536623001098633,-0.0456104576587677,12.718271255493164,3.1650595664978027,-0.08465784043073654,2.5223581790924072,2.8746747970581055,-1.672978162765503,-3.025171995162964,1.6149280071258545,0.5446390509605408,0.3507334589958191,0.38803207874298096,0.3377131521701813,0.3911665081977844,0.4300086796283722,0.44777724146842957,0.5318208336830139,0.4040936827659607,0.4188620150089264,0.35383185744285583,0.4761424958705902,2835.0593021892837,0.13706266326431887,pop
-59.5895881652832,77.30937194824219,26.367233276367188,3.1743204593658447,6.7570414543151855,-0.06425405293703079,-0.6247925162315369,-0.6904833316802979,4.141959190368652,-0.44033709168434143,-4.541956424713135,-3.561495542526245,-2.2030646800994873,0.3578246831893921,0.26545387506484985,0.34856554865837097,0.3033146858215332,0.2983979284763336,0.47527065873146057,0.29916924238204956,0.3151230812072754,0.2664795517921448,0.3969142735004425,0.47431808710098267,0.28929197788238525,3141.655140286262,0.131055518938661,pop
24.466630935668945,68.96240997314453,-4.211300373077393,-1.0326179265975952,5.249466896057129,2.9858522415161133,4.336797714233398,4.287288665771484,6.422605037689209,3.630784511566162,0.1154823899269104,-0.0002351884904783219,2.0697717666625977,0.35504642128944397,0.43468302488327026,0.3414665162563324,0.4734170138835907,0.3756753206253052,0.2966075837612152,0.415553480386734,0.38469767570495605,0.5310062766075134,0.3546680510044098,0.48785680532455444,0.49420595169067383,3194.1768682916545,0.15937998863196595,pop
-44.21401596069336,76.17581176757812,22.921127319335938,16.81614112854004,22.998910903930664,3.2665929794311523,6.908667087554932,0.10313873738050461,6.495677471160889,6.542088985443115,0.8544854521751404,2.7243902683258057,4.51695442199707,0.41800615191459656,0.3587401211261749,0.44888943433761597,0.407942533493042,0.47633683681488037,0.40279924869537354,0.35682034492492676,0.4171944856643677,0.35885322093963623,0.3841218650341034,0.31060171127319336,0.39458224177360535,2944.4779985642813,0.1151153281008127,pop
4.804321765899658,64.50390625,-2.501272439956665,10.419498443603516,3.24208927154541,7.8209686279296875,3.101567029953003,1.4055255651474,6.745003700256348,4.88483190536499,3.2736434936523438,1.7477710247039795,3.3316636085510254,0.5541775226593018,0.4819599986076355,0.4840814471244812,0.44518834352493286,0.35990527272224426,0.36656901240348816,0.41988933086395264,0.5199303030967712,0.45418938994407654,0.45121097564697266,0.4282107949256897,0.4552324116230011,3236.3834897605984,0.16482477808146284,pop
-15.679173469543457,59.26908493041992,-1.5834022760391235,12.570526123046875,8.758745193481445,3.9658687114715576,2.0486032962799072,4.232300758361816,4.989131450653076,2.9016716480255127,2.3270890712738037,1.994311809539795,1.7193478345870972,0.3210049867630005,0.446989506483078,0.3371633291244507,0.4102115333080292,0.48892807960510254,0.36072009801864624,0.40493249893188477,0.35643455386161804,0.5365968346595764,0.4362109303474426,0.3573170304298401,0.3506007194519043,3267.580275537532,0.14652330144640094,pop
-19.479713439941406,51.92008972167969,37.00408172607422,13.116384506225586,14.590093612670898,3.207625389099121,15.297411918640137,-0.779464840888977,7.2424235343933105,10.393446922302246,-0.37440061569213867,6.230769157409668,-1.1885154247283936,0.39020827412605286,0.34438109397888184,0.31436559557914734,0.42547428607940674,0.44651317596435547,0.3266339898109436,0.3448924124240875,0.3152066171169281,0.4577595293521881,0.38482096791267395,0.37701648473739624,0.4825584888458252,3934.6043578715803,0.18717800648219815,pop
-76.91657257080078,113.29569244384766,-6.219377040863037,19.946250915527344,15.115961074829102,-3.2893810272216797,4.789510726928711,1.0169309377670288,2.2929258346557617,-0.011468373239040375,-3.762733221054077,4.241213798522949,2.286330223083496,0.3085877597332001,0.241545170545578,0.3974255919456482,0.36270081996917725,0.22004768252372742,0.31856822967529297,0.17835870385169983,0.21010443568229675,0.1617637723684311,0.28297045826911926,0.5486896634101868,0.27615734934806824,1962.259860440553,0.0958112120259288,pop
-204.7529754638672,101.60511779785156,26.38422393798828,9.18571949005127,10.460927963256836,5.108919143676758,-9.447197914123535,9.308316230773926,-12.491375923156738,-2.496669292449951,6.212447166442871,-9.488957405090332,-2.560032844543457,0.22803819179534912,0.21535609662532806,0.4064338505268097,0.3273888826370239,0.2077195942401886,0.40929165482521057,0.2619517743587494,0.25051072239875793,0.1947306990623474,0.27568379044532776,0.37571030855178833,0.23574623465538025,2053.894371276876,0.0753657574255031,pop
-37.0710334777832,68.84185028076172,10.511308670043945,23.959775924682617,15.370537757873535,3.5479140281677246,11.677659034729004,2.9124515056610107,2.545921564102173,4.750341415405273,-1.5888675451278687,2.5664658546447754,-1.0170679092407227,0.3525121212005615,0.46558263897895813,0.32328668236732483,0.40943488478660583,0.4959683120250702,0.28706833720207214,0.33268263936042786,0.3353404402732849,0.45957663655281067,0.35910269618034363,0.35999369621276855,0.37620827555656433,3002.6169823427717,0.14374780802534828,pop
-50.89095687866211,68.04222869873047,12.08259391784668,36.31442642211914,8.64687728881836,19.502784729003906,10.722350120544434,12.312873840332031,1.6614350080490112,10.164873123168945,4.839787483215332,1.6969051361083984,2.7312355041503906,0.49685022234916687,0.5989639759063721,0.4433232843875885,0.4511728584766388,0.37014877796173096,0.4826393127441406,0.48007774353027344,0.44085049629211426,0.5145053863525391,0.44219884276390076,0.49994727969169617,0.46067026257514954,2703.2416682609646,0.1032971833881579,pop
-47.93827819824219,54.15921401977539,-4.00504207611084,21.51289939880371,13.886649131774902,6.00395393371582,13.755339622497559,1.0669995546340942,6.722087860107422,6.232227802276611,1.6225082874298096,0.4534594714641571,2.4148380756378174,0.48990505933761597,0.44537878036499023,0.4781840443611145,0.5059208273887634,0.3924294114112854,0.3582450747489929,0.43259692192077637,0.5636511445045471,0.47926056385040283,0.40035197138786316,0.4619559049606323,0.46586400270462036,3143.535196698567,0.135637501814048,pop
-71.6150131225586,81.1212387084961,16.35566520690918,8.950535774230957,13.818387031555176,-0.7371724247932434,12.522271156311035,-0.6393705010414124,3.0430490970611572,3.0547537803649902,-3.212191343307495,-1.3185770511627197,-0.6402586102485657,0.421514093875885,0.40175342559814453,0.36014267802238464,0.4067573547363281,0.3889066278934479,0.5051615834236145,0.3610756993293762,0.4680212140083313,0.5156292915344238,0.3773605227470398,0.4042091965675354,0.3439016342163086,2842.6607931089798,0.12498941805340558,pop
-72.17291259765625,81.31210327148438,16.729719161987305,8.680574417114258,14.163569450378418,-1.048661231994629,12.839071273803711,-0.534349262714386,3.1377692222595215,3.1529669761657715,-3.4740798473358154,-1.1388002634048462,-0.6851625442504883,0.42705145478248596,0.4046700894832611,0.3621530532836914,0.4078117907047272,0.3915007412433624,0.49956050515174866,0.3565802276134491,0.47249969840049744,0.519036591053009,0.38155800104141235,0.4091761112213135,0.3485400676727295,2838.0210737706198,0.12218028915924922,pop
-45.06425476074219,69.78575897216797,11.866147994995117,8.177107810974121,12.603080749511719,7.750250816345215,11.309998512268066,0.25850754976272583,9.659319877624512,2.8038880825042725,3.8585238456726074,-0.8353044986724854,2.1194326877593994,0.39231279492378235,0.4283812940120697,0.5240063071250916,0.38573214411735535,0.36640799045562744,0.4333290457725525,0.44408321380615234,0.5909510254859924,0.4372157156467438,0.41359737515449524,0.42223578691482544,0.3642254173755646,3149.97113080032,0.12735523897058823,pop
-52.64915084838867,47.78274154663086,13.455156326293945,2.2134273052215576,13.251046180725098,9.133875846862793,14.447652816772461,0.8738371133804321,9.45965576171875,7.004076957702637,-0.6928577423095703,1.7276203632354736,8.496527671813965,0.5634320974349976,0.5011301636695862,0.5879113674163818,0.41462159156799316,0.3725573718547821,0.38292860984802246,0.3771018385887146,0.47566795349121094,0.42964819073677063,0.5214043259620667,0.4636269211769104,0.48921695351600647,4052.8886703211056,0.21071452326818885,pop
-170.92262268066406,105.92536926269531,31.060644149780273,22.226055145263672,12.814610481262207,-5.166970252990723,11.237102508544922,-2.1054718494415283,-0.1724931001663208,5.078826427459717,-11.541210174560547,-3.624070644378662,1.3911012411117554,0.2730090618133545,0.3933561444282532,0.2518801987171173,0.31100934743881226,0.2272891104221344,0.3442783057689667,0.4176822900772095,0.2948313057422638,0.3899904787540436,0.3177393674850464,0.3499521315097809,0.3010999262332916,1987.8719219449235,0.06614018962848298,pop
-78.19249725341797,65.99214172363281,24.578516006469727,25.65282440185547,13.85488224029541,3.6000478267669678,16.22553825378418,0.5925540328025818,3.325775384902954,4.160470485687256,2.712695837020874,3.649890899658203,1.3959065675735474,0.4538702666759491,0.5036613345146179,0.4179067611694336,0.370337575674057,0.4164917767047882,0.3561451733112335,0.3712010681629181,0.33438166975975037,0.4061407446861267,0.46802371740341187,0.40705162286758423,0.46377265453338623,3046.2397998563833,0.1186580126499613,pop
-14.170113563537598,44.39023971557617,12.68057632446289,10.152087211608887,11.259300231933594,3.9758951663970947,12.507779121398926,-2.171722412109375,10.705039978027344,2.2852632999420166,5.033559322357178,-0.8662653565406799,3.8058700561523438,0.41931143403053284,0.4748980700969696,0.5469724535942078,0.4207651615142822,0.4411965608596802,0.4327184855937958,0.47670653462409973,0.5813141465187073,0.41986098885536194,0.40166687965393066,0.37582769989967346,0.3729909658432007,4156.136801574854,0.23004509420955882,pop
-39.98735046386719,35.583213806152344,8.93850040435791,15.0822172164917,15.20681381225586,10.572661399841309,21.824983596801758,10.004446029663086,13.97350025177002,16.557458877563477,1.4647634029388428,3.2635626792907715,0.06211215257644653,0.4184682369232178,0.417332261800766,0.4674627482891083,0.5517486333847046,0.6274670362472534,0.584695041179657,0.5532888174057007,0.5491661429405212,0.535515546798706,0.5480998158454895,0.500720739364624,0.5186928510665894,3662.9266594641513,0.15600737108165635,pop
-145.92575073242188,62.535240173339844,-23.1148681640625,-18.786008834838867,-14.782012939453125,-28.421491622924805,3.134416103363037,-24.94000244140625,-13.637031555175781,-4.607389450073242,-24.383533477783203,-15.806172370910645,-17.455078125,0.25954702496528625,0.20857378840446472,0.2257404625415802,0.24283155798912048,0.264972448348999,0.28518208861351013,0.36383405327796936,0.2666264474391937,0.23229609429836273,0.28101062774658203,0.30924782156944275,0.3886272609233856,2639.59187801044,0.10700086469620743,pop
-46.7030143737793,55.87751388549805,26.120210647583008,16.54320526123047,7.104526996612549,-3.3266866207122803,9.256010055541992,-0.8715933561325073,8.313572883605957,7.148099422454834,-0.5387217998504639,1.7517584562301636,-1.83774733543396,0.4991922378540039,0.4164736270904541,0.360114187002182,0.45238611102104187,0.41451379656791687,0.4170030951499939,0.3707887828350067,0.4581485986709595,0.3408775329589844,0.26846012473106384,0.3312574326992035,0.3556034564971924,3498.3579746722603,0.13602223115808823,pop
-56.0911865234375,36.46816635131836,11.945320129394531,-6.4417524337768555,3.778162717819214,5.284156799316406,3.394784450531006,4.265097618103027,7.993917465209961,5.8644280433654785,1.5971133708953857,4.861390590667725,0.4924772381782532,0.45636293292045593,0.41803687810897827,0.38863125443458557,0.36825260519981384,0.3408023416996002,0.31117069721221924,0.3303902745246887,0.40672123432159424,0.5300694108009338,0.5697690844535828,0.5230064988136292,0.5511443614959717,3940.3499208914445,0.16739883659055727,pop
-80.39633178710938,35.96251678466797,20.40726661682129,26.376535415649414,17.37970542907715,4.580235958099365,13.489165306091309,3.6187565326690674,7.3240742683410645,5.479913234710693,3.9538543224334717,5.313695907592773,3.5346319675445557,0.45138517022132874,0.47377580404281616,0.44953441619873047,0.5488405227661133,0.47520706057548523,0.39684784412384033,0.37949153780937195,0.45403310656547546,0.6140807271003723,0.5618265867233276,0.4454495310783386,0.42665594816207886,3681.430351016257,0.14562421391253869,pop
-39.691375732421875,33.95167541503906,9.604388236999512,16.657577514648438,14.90616226196289,11.198782920837402,21.502826690673828,9.886200904846191,14.73235034942627,15.628254890441895,2.0403947830200195,2.579495906829834,0.35728567838668823,0.40639638900756836,0.4393167495727539,0.5192744135856628,0.6070667505264282,0.605697751045227,0.5529749393463135,0.5431050658226013,0.5267661809921265,0.547633945941925,0.5063173174858093,0.5260115265846252,0.441814124584198,3672.6739422013616,0.15406445010158668,pop
-87.72349548339844,64.30924987792969,-12.97658634185791,16.03264617919922,0.48616600036621094,0.40709489583969116,4.431544780731201,-2.723747491836548,-0.30932486057281494,-0.04974520951509476,-5.9292988777160645,-4.2699689865112305,-3.509701728820801,0.4024960398674011,0.535815417766571,0.40067070722579956,0.27962544560432434,0.2531512677669525,0.23123541474342346,0.3463413715362549,0.26543915271759033,0.36675575375556946,0.37183430790901184,0.28120043873786926,0.34469935297966003,2940.0005210928985,0.14575422068498453,pop
-77.94188690185547,32.36495590209961,20.07725715637207,27.63348388671875,16.262773513793945,5.319163799285889,13.481538772583008,3.5032267570495605,7.344143867492676,5.271801948547363,4.001197338104248,5.271228790283203,3.752624988555908,0.45538580417633057,0.47611498832702637,0.452749103307724,0.5534598231315613,0.47994154691696167,0.3997320532798767,0.38056665658950806,0.45300447940826416,0.6127315759658813,0.5637925863265991,0.44736647605895996,0.43070119619369507,3727.2488351836582,0.14478748427825078,pop
-46.7030143737793,55.87751388549805,26.120210647583008,16.54320526123047,7.104526996612549,-3.3266866207122803,9.256010055541992,-0.8715933561325073,8.313572883605957,7.148099422454834,-0.5387217998504639,1.7517584562301636,-1.83774733543396,0.4991922378540039,0.4164736270904541,0.360114187002182,0.45238611102104187,0.41451379656791687,0.4170030951499939,0.3707887828350067,0.4581485986709595,0.3408775329589844,0.26846012473106384,0.3312574326992035,0.3556034564971924,3498.3579746722603,0.13602223115808823,pop
-65.1854476928711,65.4745101928711,4.127747535705566,32.74247360229492,16.918561935424805,-5.8376946449279785,14.960991859436035,-0.2438359260559082,9.038333892822266,8.441268920898438,-6.576152801513672,-4.484363555908203,-2.6280577182769775,0.5457800626754761,0.4341450035572052,0.3620080351829529,0.3836855888366699,0.3209085464477539,0.33463823795318604,0.3324642479419708,0.4641968011856079,0.5505780577659607,0.5674140453338623,0.6292271018028259,0.5411865711212158,2949.270014966028,0.11195132606907894,pop
-6.926640033721924,68.88017272949219,3.770587205886841,28.195871353149414,2.293225049972534,13.625752449035645,1.0469883680343628,6.0046467781066895,2.7504959106445312,15.018392562866211,-8.786577224731445,0.7954419255256653,-7.219668388366699,0.22576282918453217,0.22859013080596924,0.25881484150886536,0.31249114871025085,0.26397114992141724,0.2524052858352661,0.27900633215904236,0.4633873999118805,0.6910425424575806,0.405670166015625,0.28476476669311523,0.289806991815567,2468.498529319245,0.09820877878289473,pop
-125.9814224243164,117.33393096923828,-0.07229208201169968,10.211121559143066,4.490169525146484,2.18886661529541,-3.63608455657959,3.376340866088867,1.737519383430481,4.551119327545166,0.8427296876907349,2.4246017932891846,-3.112574815750122,0.36232563853263855,0.25152787566185,0.27408674359321594,0.24303625524044037,0.24923424422740936,0.43704354763031006,0.4054165184497833,0.5005862712860107,0.38347432017326355,0.22410543262958527,0.2517193853855133,0.21807587146759033,1826.5420467927368,0.07464656298374613,pop
-88.45124816894531,34.33366012573242,-11.282462120056152,2.2004082202911377,-4.858425617218018,-6.127730846405029,0.33107802271842957,2.440187692642212,-8.177470207214355,5.635985851287842,-9.3944091796875,-7.359539031982422,-3.9459164142608643,0.32373741269111633,0.23005834221839905,0.2547813057899475,0.3130491077899933,0.2645890712738037,0.21228653192520142,0.2509607970714569,0.410946786403656,0.520704448223114,0.4801979064941406,0.5132194757461548,0.38362669944763184,3647.8594016331967,0.205950001814048,pop
-111.61652374267578,85.57909393310547,3.515357732772827,16.357471466064453,2.205944299697876,5.980132102966309,-5.045757293701172,-3.962523937225342,-0.09616835415363312,1.574602723121643,-5.793351173400879,-5.0871901512146,-0.20802845060825348,0.35283881425857544,0.23255233466625214,0.23702049255371094,0.23691095411777496,0.28876250982284546,0.4508013129234314,0.39415183663368225,0.49727585911750793,0.3901018798351288,0.377351850271225,0.39626988768577576,0.2937767207622528,2518.6680120349943,0.10014338537635449,pop
-63.63505554199219,79.04566192626953,42.744022369384766,16.095537185668945,15.268360137939453,10.789148330688477,13.311583518981934,3.6857290267944336,4.928326606750488,10.677057266235352,-0.012672070413827896,3.480308771133423,3.4220938682556152,0.35930317640304565,0.3391836881637573,0.4034893810749054,0.3667167127132416,0.4216727018356323,0.43756014108657837,0.28380078077316284,0.3100883364677429,0.34178632497787476,0.35212233662605286,0.32081159949302673,0.3128616213798523,2844.070407885239,0.09974656237906347,pop
-52.5379753112793,37.49602127075195,14.121390342712402,18.18031120300293,16.78276824951172,5.95809268951416,6.432402610778809,2.7082066535949707,-0.44743841886520386,3.2196102142333984,-3.928455352783203,1.5937505960464478,0.29058215022087097,0.37931540608406067,0.3874974548816681,0.5468872785568237,0.48841050267219543,0.5035187005996704,0.42649906873703003,0.42258262634277344,0.5209496021270752,0.39717915654182434,0.41250836849212646,0.41909468173980713,0.4644497036933899,3889.787116785757,0.19104230662248453,pop
-29.26038932800293,53.86872482299805,-1.7002240419387817,15.506246566772461,1.0880837440490723,0.5439645648002625,4.902141094207764,-3.222588300704956,-1.691772222518921,2.2325522899627686,-7.122958660125732,-5.9894914627075195,-2.980396270751953,0.3457743525505066,0.396858274936676,0.4574183523654938,0.44414183497428894,0.4467690885066986,0.40202000737190247,0.5568796992301941,0.34796494245529175,0.3247237205505371,0.39164283871650696,0.37006261944770813,0.40461060404777527,3262.9124447410586,0.15505650759481424,pop
-30.211868286132812,88.44852447509766,-6.587007999420166,32.78564453125,8.500259399414062,8.388699531555176,2.04252028465271,6.8641839027404785,3.5769941806793213,2.720842123031616,1.294276237487793,3.29060697555542,1.5695496797561646,0.5174761414527893,0.4037410318851471,0.4468247592449188,0.5134938359260559,0.6826363205909729,0.47505831718444824,0.42132389545440674,0.42380228638648987,0.44561219215393066,0.4840134084224701,0.5092896223068237,0.6402647495269775,2327.9956325128483,0.09549942252805728,pop
-91.8537368774414,56.674156188964844,13.763751983642578,15.050705909729004,0.9011203050613403,-4.079192161560059,-0.22235451638698578,0.5639136433601379,-4.600769996643066,-2.6161904335021973,-2.761265993118286,-3.0964155197143555,1.7973816394805908,0.511971652507782,0.43811148405075073,0.49027949571609497,0.34251415729522705,0.34898051619529724,0.3886461853981018,0.34719449281692505,0.4315416216850281,0.45533713698387146,0.6305211782455444,0.4338914155960083,0.42664921283721924,3142.2532583222696,0.13644399731520898,pop
-52.5379753112793,37.49602127075195,14.121390342712402,18.18031120300293,16.78276824951172,5.95809268951416,6.432402610778809,2.7082066535949707,-0.44743841886520386,3.2196102142333984,-3.928455352783203,1.5937505960464478,0.29058215022087097,0.37931540608406067,0.3874974548816681,0.5468872785568237,0.48841050267219543,0.5035187005996704,0.42649906873703003,0.42258262634277344,0.5209496021270752,0.39717915654182434,0.41250836849212646,0.41909468173980713,0.4644497036933899,3889.787116785757,0.19104230662248453,pop
9.675073623657227,88.8260726928711,-20.29368019104004,5.1013054847717285,-2.917802095413208,-0.18818102777004242,0.3274820148944855,1.604321002960205,-2.2592055797576904,-0.9406508803367615,-6.212249755859375,-2.9767894744873047,-1.8151839971542358,0.5033661723136902,0.42235681414604187,0.4590822160243988,0.4501040577888489,0.42711764574050903,0.4663684368133545,0.42984503507614136,0.5350330471992493,0.546572208404541,0.4785040020942688,0.524082601070404,0.5269245505332947,2569.255822724336,0.13165642233455882,pop
-8.531340599060059,54.25175476074219,20.96331024169922,13.099079132080078,9.721153259277344,6.01505184173584,10.720785140991211,6.102119445800781,0.69426429271698,5.00238561630249,-3.4498136043548584,0.8725568056106567,-1.93904709815979,0.3439739942550659,0.4772208631038666,0.4610700011253357,0.3829649090766907,0.4302733242511749,0.3600556254386902,0.5957096219062805,0.4065949618816376,0.3540570139884949,0.46452096104621887,0.37018004059791565,0.43370211124420166,3671.2604882708424,0.16189735814144737,pop
-93.63922119140625,59.69026184082031,32.07737731933594,13.127490043640137,13.270319938659668,-6.869358539581299,2.339027166366577,-7.887984752655029,2.2946646213531494,4.487583637237549,-4.040566444396973,2.6735634803771973,-3.086395263671875,0.3905561566352844,0.32381629943847656,0.39188697934150696,0.3221096992492676,0.35054826736450195,0.28823426365852356,0.4487614631652832,0.29606661200523376,0.23600058257579803,0.2974758744239807,0.3527079224586487,0.49512234330177307,3419.3447490583962,0.1308480372000774,pop
-68.85472106933594,40.457462310791016,25.354524612426758,35.76828384399414,13.383127212524414,2.8213696479797363,12.759581565856934,4.48354434967041,3.357187509536743,10.026521682739258,-2.375098705291748,2.9945144653320312,-1.8024030923843384,0.4108235836029053,0.4709082543849945,0.47869566082954407,0.3853735625743866,0.41544803977012634,0.33910316228866577,0.4696311950683594,0.3334912955760956,0.32582250237464905,0.38889747858047485,0.40228596329689026,0.49216023087501526,3645.470694057959,0.15924053369291796,pop
-38.288414001464844,47.80237579345703,20.052776336669922,23.84808921813965,19.795454025268555,13.665193557739258,14.684334754943848,4.572096347808838,7.713705539703369,8.956255912780762,5.42100191116333,1.1439082622528076,1.0811883211135864,0.4099089801311493,0.5047786235809326,0.3564951419830322,0.4057866036891937,0.4704590439796448,0.4968221187591553,0.5790838599205017,0.4939923882484436,0.5317504405975342,0.5529945492744446,0.445441335439682,0.4612122178077698,3544.132839481264,0.14281924221168732,pop
-34.209938049316406,40.39930725097656,17.510662078857422,13.42147159576416,13.2406005859375,7.449265003204346,18.18345832824707,2.7254276275634766,4.339627742767334,5.825296878814697,-1.125758171081543,3.1106066703796387,2.4149975776672363,0.4539543092250824,0.41113507747650146,0.4792664349079132,0.44734853506088257,0.4113166332244873,0.493596613407135,0.42297494411468506,0.5063074231147766,0.44620653986930847,0.4796569049358368,0.4262181222438812,0.36732566356658936,4037.153770826656,0.21392576613293343,pop
-42.77943420410156,62.79966735839844,4.760207653045654,24.06839370727539,9.64216136932373,-1.8881843090057373,9.252785682678223,-2.969123125076294,3.1815617084503174,5.934004783630371,-4.773739337921143,3.019498348236084,-1.240799903869629,0.4075299799442291,0.44778621196746826,0.4440229535102844,0.4914954602718353,0.3754073679447174,0.3580927550792694,0.46695616841316223,0.46845346689224243,0.618913471698761,0.5024447441101074,0.44966909289360046,0.4262821078300476,3124.14935420786,0.14272098127902477,pop
-273.28631591796875,103.14757537841797,8.722428321838379,31.69770050048828,12.511966705322266,3.492265462875366,3.939650774002075,-0.16230225563049316,-3.9216833114624023,3.2304422855377197,-6.373683929443359,-1.5361915826797485,-3.2130470275878906,0.4055185317993164,0.49701353907585144,0.3364541232585907,0.3412803113460541,0.34419509768486023,0.2954331040382385,0.40691235661506653,0.28425806760787964,0.25554218888282776,0.20095594227313995,0.31871673464775085,0.5368618965148926,1995.3281824967328,0.07255095963138544,pop
-44.972015380859375,69.76533508300781,11.851114273071289,8.137467384338379,12.623069763183594,7.798754692077637,11.30739974975586,0.19175663590431213,9.630409240722656,2.8426687717437744,3.8571951389312744,-0.8326628804206848,2.1378021240234375,0.39172500371932983,0.4292532503604889,0.5245260000228882,0.38593417406082153,0.3665657043457031,0.4340883493423462,0.4453182518482208,0.5933153629302979,0.4389399588108063,0.4132562279701233,0.4184805452823639,0.36199983954429626,3151.445800513278,0.1275974899622678,pop
-137.73312377929688,100.24317932128906,14.383045196533203,15.40381145477295,2.3205363750457764,-1.081811547279358,-2.106971502304077,-1.6870853900909424,-5.311201095581055,-1.784702181816101,1.748408555984497,-6.183539390563965,-3.0364274978637695,0.4502832293510437,0.32295772433280945,0.4093587398529053,0.3305993676185608,0.4070855975151062,0.5363206267356873,0.35413917899131775,0.42066583037376404,0.31619077920913696,0.3796084523200989,0.25358304381370544,0.2575213611125946,2246.9998668388666,0.08601724252612229,pop
-62.04380798339844,64.23981475830078,29.874727249145508,23.244829177856445,16.247188568115234,7.438479423522949,8.871021270751953,6.4075446128845215,7.394820690155029,3.0163872241973877,1.487842082977295,2.97571063041687,1.8600913286209106,0.5785061120986938,0.4059145450592041,0.35519441962242126,0.323124498128891,0.4106521010398865,0.4094836413860321,0.4590708613395691,0.45565351843833923,0.41991886496543884,0.5172794461250305,0.5831737518310547,0.6276223063468933,3168.3771358678678,0.1003391513883514,pop
-104.4753189086914,86.85540771484375,28.76275062561035,26.635526657104492,8.927456855773926,5.674565315246582,7.759278774261475,0.4663456380367279,6.630064010620117,6.563311576843262,0.3774833679199219,2.1488523483276367,-0.019938135519623756,0.3337252736091614,0.2910318672657013,0.24712593853473663,0.43192511796951294,0.2792840600013733,0.2822737693786621,0.19827507436275482,0.34563565254211426,0.3166326880455017,0.23180533945560455,0.3662478029727936,0.2532990276813507,2489.577623717522,0.08429578657120743,pop
-112.39599609375,59.759735107421875,14.483948707580566,19.19007110595703,15.127423286437988,-3.211503267288208,6.109609127044678,-6.668193817138672,1.463721752166748,-1.1876870393753052,-1.2330448627471924,-0.758741557598114,1.8843270540237427,0.45842012763023376,0.4276263415813446,0.5455525517463684,0.36471372842788696,0.326736718416214,0.2692848742008209,0.3391275405883789,0.44131550192832947,0.41015779972076416,0.5241225361824036,0.4091266691684723,0.3940425217151642,3262.336283566903,0.13586614744582043,pop
-81.77599334716797,78.6092758178711,-17.26093292236328,24.51177406311035,8.410554885864258,2.144618272781372,5.520015239715576,1.9346674680709839,8.799277305603027,-0.12229664623737335,0.49543994665145874,4.642274379730225,2.3893165588378906,0.35920730233192444,0.39588475227355957,0.5567910671234131,0.36907508969306946,0.40388208627700806,0.379906564950943,0.46614494919776917,0.5862685441970825,0.49190282821655273,0.5583242177963257,0.3857720196247101,0.3727249503135681,2516.4589514571976,0.1220960115131579,pop
-50.44928741455078,56.416481018066406,12.563282012939453,11.288338661193848,-2.739751100540161,1.3628129959106445,4.539969444274902,-0.9632134437561035,2.289421558380127,2.7384724617004395,-1.9891648292541504,2.5949511528015137,-4.0203375816345215,0.246433287858963,0.3322696089744568,0.4221934378147125,0.29745152592658997,0.41530266404151917,0.29503798484802246,0.4776352345943451,0.5323264002799988,0.4038284718990326,0.5228776931762695,0.340934693813324,0.3660447299480438,3594.167118271268,0.18523244001547987,pop
-47.05376052856445,55.78174591064453,27.61712646484375,19.19342803955078,15.186060905456543,3.1757607460021973,5.627553462982178,1.6121147871017456,4.148367881774902,1.6211522817611694,-1.587005853652954,-3.0055181980133057,-7.636995315551758,0.25362494587898254,0.32079821825027466,0.5682747960090637,0.3677569031715393,0.30661213397979736,0.2580564320087433,0.35463330149650574,0.5719425678253174,0.3579816222190857,0.34455427527427673,0.26324352622032166,0.260254830121994,3587.4721810924966,0.1464783281733746,pop
-42.68938064575195,54.88202667236328,17.061819076538086,19.764541625976562,6.852839946746826,2.7781906127929688,11.820236206054688,1.2058558464050293,7.93871545791626,1.1382529735565186,-4.071281433105469,0.13736186921596527,-4.236570835113525,0.3662930428981781,0.43760138750076294,0.5712836384773254,0.4446101188659668,0.41625073552131653,0.402395099401474,0.42824864387512207,0.427433580160141,0.3859865069389343,0.5119621753692627,0.40563681721687317,0.38040411472320557,3510.9284752203253,0.17203410712558048,pop
-47.68193435668945,55.53718948364258,19.178861618041992,24.482961654663086,4.039877414703369,1.5440773963928223,6.966500759124756,-1.046118140220642,3.0828685760498047,1.795280933380127,-3.03511905670166,1.9345393180847168,-4.678551197052002,0.36995548009872437,0.43096691370010376,0.6150976419448853,0.44911518692970276,0.45393264293670654,0.45747196674346924,0.5236278772354126,0.41709262132644653,0.3586639165878296,0.4569343030452728,0.3673876225948334,0.34524545073509216,3401.2336884828965,0.16573822682856038,pop
-44.72324752807617,55.059226989746094,27.137182235717773,19.502979278564453,14.696993827819824,3.204047441482544,5.509529113769531,1.4237080812454224,4.496978759765625,1.3679072856903076,-1.6663117408752441,-3.534416913986206,-7.9148335456848145,0.25391528010368347,0.3201730251312256,0.5692786574363708,0.3699415326118469,0.3071746230125427,0.2588754892349243,0.35432395339012146,0.5743261575698853,0.3607598543167114,0.34526345133781433,0.2634778916835785,0.2602612376213074,3603.429553551326,0.14755995428599072,pop
-8.406137466430664,42.00487518310547,8.297647476196289,17.972023010253906,14.039091110229492,7.345696926116943,5.725320339202881,-1.8997344970703125,4.603677272796631,2.0709261894226074,-1.0726747512817383,-0.6631825566291809,-2.4345152378082275,0.43278923630714417,0.4921149015426636,0.3942549526691437,0.42924630641937256,0.35764268040657043,0.40607595443725586,0.5188547968864441,0.41806045174598694,0.4285465478897095,0.3639822006225586,0.43477514386177063,0.41788730025291443,3696.287748409418,0.1668300569611068,pop
-25.935338973999023,60.87203598022461,6.071952819824219,17.71719741821289,5.132509708404541,10.431290626525879,2.450117349624634,4.924422264099121,8.108928680419922,3.8508591651916504,-0.18614740669727325,7.252810478210449,4.946840286254883,0.5665589570999146,0.46895161271095276,0.45387935638427734,0.3633883595466614,0.3966710567474365,0.4367150366306305,0.4895079433917999,0.5609159469604492,0.5134158730506897,0.5046778917312622,0.5247161984443665,0.5686628222465515,3271.2458605975758,0.14535890939434984,pop
-20.228376388549805,57.7734489440918,16.77764892578125,18.24957847595215,8.958151817321777,14.899964332580566,2.66963529586792,3.752622127532959,1.1145035028457642,1.8456718921661377,-5.980837821960449,-3.6137545108795166,-3.6554596424102783,0.6423624753952026,0.4450948238372803,0.4636530578136444,0.4196873605251312,0.3255036175251007,0.3821302354335785,0.32457399368286133,0.4702359735965729,0.35967329144477844,0.31916677951812744,0.379371702671051,0.45136749744415283,3258.8665238179296,0.1316624691611842,pop
-42.26880645751953,82.17974853515625,-2.2469732761383057,19.916231155395508,13.862177848815918,0.8657801151275635,7.920979976654053,-0.7182551026344299,6.87735652923584,-1.9071584939956665,-4.687560081481934,-3.164194107055664,-2.9416701793670654,0.40033629536628723,0.26117944717407227,0.2842027544975281,0.3710860311985016,0.22010087966918945,0.33733370900154114,0.2066037654876709,0.36284005641937256,0.4069899320602417,0.3177627623081207,0.5383334159851074,0.29041171073913574,2806.432725529733,0.12854835344910992,pop
-36.62918472290039,73.09261322021484,39.12303924560547,20.328523635864258,12.493546485900879,2.1519129276275635,11.737692832946777,-2.432415008544922,6.64672327041626,3.182790994644165,-5.380570888519287,-3.149369239807129,-5.775080680847168,0.42566046118736267,0.33311891555786133,0.4307858943939209,0.34950217604637146,0.37253108620643616,0.38702961802482605,0.30696919560432434,0.44093796610832214,0.3673669695854187,0.3640429377555847,0.28442662954330444,0.3260888159275055,3046.1865869262933,0.10639353654702012,pop
-59.098690032958984,60.998294830322266,27.750640869140625,23.867935180664062,12.298356056213379,7.372222423553467,12.321167945861816,7.1516923904418945,13.415489196777344,2.485732078552246,-1.967411756515503,-2.414119005203247,-4.519556045532227,0.28882136940956116,0.275877445936203,0.3205375671386719,0.32809749245643616,0.32407134771347046,0.443868488073349,0.3912566304206848,0.34348759055137634,0.2636870741844177,0.3507145643234253,0.45917409658432007,0.2904548943042755,3126.3938966039664,0.10534554590750773,pop
-125.53952026367188,51.196956634521484,38.51710510253906,14.49169635772705,16.2325382232666,4.642958164215088,12.308260917663574,1.1730316877365112,1.724549651145935,9.770825386047363,-2.822416305541992,2.078929901123047,0.8530097007751465,0.4463058412075043,0.4241640567779541,0.49133795499801636,0.42175889015197754,0.44022318720817566,0.42211616039276123,0.4063741862773895,0.5062410235404968,0.5425050258636475,0.5932071805000305,0.4770178496837616,0.4323914647102356,3510.042356894514,0.13724822525638544,pop
-26.936580657958984,46.71036911010742,8.708178520202637,8.604124069213867,6.086184024810791,12.425230026245117,6.958877086639404,2.5068418979644775,1.1593010425567627,7.2573089599609375,-3.1307194232940674,1.2537662982940674,3.838254928588867,0.4864714443683624,0.36533066630363464,0.4204575717449188,0.39427804946899414,0.427432656288147,0.27212849259376526,0.30018478631973267,0.4170268476009369,0.38852402567863464,0.4603981077671051,0.38224196434020996,0.47761908173561096,3634.106563927481,0.18310584667666407,pop
-119.3464584350586,85.94365692138672,33.886932373046875,9.992517471313477,17.7014102935791,0.5190525650978088,9.565488815307617,-5.299008846282959,4.170094013214111,8.1222505569458,-7.977633476257324,1.5659162998199463,-2.933182716369629,0.3551453649997711,0.3867628872394562,0.2812892198562622,0.3097571134567261,0.41917914152145386,0.29303568601608276,0.3584457039833069,0.33452603220939636,0.4340888261795044,0.3701815903186798,0.33766838908195496,0.44631287455558777,2765.6481348893653,0.09601491449787151,pop
-159.4761962890625,104.84811401367188,-10.300141334533691,34.65602493286133,-4.9666266441345215,26.805261611938477,-21.953397750854492,23.45207977294922,-14.029751777648926,19.586172103881836,-8.298797607421875,9.717497825622559,-10.065849304199219,0.25256770849227905,0.4453451931476593,0.3240865170955658,0.24812543392181396,0.41225290298461914,0.3713623881340027,0.42026644945144653,0.27146947383880615,0.301139771938324,0.3841903805732727,0.26588740944862366,0.24984696507453918,2133.437132679841,0.09781082200561146,reggae
-190.9176483154297,127.40975952148438,-3.763439416885376,26.714160919189453,-12.804948806762695,23.936830520629883,-8.225953102111816,9.973004341125488,-12.233067512512207,13.443711280822754,-7.079031944274902,1.6518702507019043,-14.517786979675293,0.39157265424728394,0.5065359473228455,0.25148820877075195,0.18526796996593475,0.22217205166816711,0.4464697539806366,0.39248204231262207,0.3986361026763916,0.5794607400894165,0.3094603717327118,0.2729947865009308,0.23159608244895935,1638.9674121345956,0.06396144241002322,reggae
-189.03758239746094,110.84746551513672,2.95247220993042,48.38526916503906,-6.414886474609375,20.739728927612305,-12.55073070526123,15.891010284423828,-13.612208366394043,9.429014205932617,-8.036865234375,8.0992431640625,-10.633535385131836,0.3842521905899048,0.37568333745002747,0.4457976520061493,0.34911108016967773,0.44443079829216003,0.3980024456977844,0.4717327058315277,0.3646318316459656,0.24933995306491852,0.2322988361120224,0.3047313094139099,0.5221444368362427,1797.2984668713393,0.07512652984713622,reggae
-201.14634704589844,104.1486587524414,-15.473288536071777,30.80438232421875,14.252315521240234,31.42222023010254,-7.867556571960449,17.963144302368164,-4.0559983253479,16.94393539428711,-11.217153549194336,12.121105194091797,-5.287185192108154,0.3108288645744324,0.4644469618797302,0.42066720128059387,0.3622036278247833,0.5141996145248413,0.4249354898929596,0.3803028464317322,0.2760724723339081,0.34036505222320557,0.4797166883945465,0.3665626347064972,0.3558190166950226,1924.062787400072,0.08493448263351393,reggae
-175.64170837402344,104.89667510986328,-15.691055297851562,27.549057006835938,-8.112590789794922,24.01068115234375,-10.33552360534668,18.850736618041992,-8.387436866760254,11.847503662109375,-7.593305587768555,12.554908752441406,-6.044675827026367,0.3542003929615021,0.4860823452472687,0.33200252056121826,0.2905470132827759,0.4102308452129364,0.3680569529533386,0.41597145795822144,0.3793030381202698,0.4880131185054779,0.5612694025039673,0.391094446182251,0.345624178647995,2009.3766964303295,0.08446849905669504,reggae
-176.69528198242188,116.83857727050781,-21.323230743408203,38.7664909362793,-5.471619129180908,26.622394561767578,-8.185519218444824,15.7808837890625,-10.489777565002441,11.041742324829102,-10.061266899108887,9.915603637695312,-3.2601382732391357,0.467070072889328,0.37545743584632874,0.40642809867858887,0.48739632964134216,0.3857366144657135,0.34364932775497437,0.3530868887901306,0.48682206869125366,0.25760936737060547,0.20953090488910675,0.2823948264122009,0.32016798853874207,1798.6538836861723,0.07305095660797213,reggae
-207.34693908691406,134.6690673828125,-9.072052955627441,38.46156692504883,6.294405460357666,22.612716674804688,-8.29777717590332,16.307374954223633,-8.460723876953125,4.160749435424805,-4.351009368896484,6.347874164581299,-6.902564525604248,0.33880364894866943,0.5047712922096252,0.4315042793750763,0.32439249753952026,0.3742751479148865,0.25296953320503235,0.2685193121433258,0.22439773380756378,0.3561892807483673,0.41326451301574707,0.288776695728302,0.33133089542388916,1418.2807056387026,0.060822383538119196,reggae
-192.26953125,116.49671173095703,-10.948331832885742,29.89508056640625,-0.6437028050422668,21.41599464416504,-11.890398025512695,18.631174087524414,-13.07237434387207,14.453672409057617,-7.383002281188965,4.824287414550781,-2.8118996620178223,0.41210314631462097,0.3584343492984772,0.47031906247138977,0.4128679633140564,0.3529890179634094,0.47796711325645447,0.347267210483551,0.3034397065639496,0.2860824763774872,0.3497260808944702,0.48087888956069946,0.3799242079257965,1754.296876028464,0.07391149562209752,reggae
-194.59451293945312,118.5517349243164,-6.407085418701172,40.793235778808594,-3.289793014526367,25.464677810668945,-9.30526351928711,11.397987365722656,-6.148848533630371,15.341208457946777,-5.1579060554504395,5.756854057312012,-6.2863240242004395,0.3597656190395355,0.4164678752422333,0.5447908639907837,0.41967618465423584,0.28389063477516174,0.29313743114471436,0.33239519596099854,0.4293961524963379,0.290360689163208,0.3550524413585663,0.38071027398109436,0.31922563910484314,1691.9918927541255,0.06947274695239938,reggae
-232.593017578125,131.2395477294922,2.662842273712158,18.392391204833984,11.315526962280273,22.940380096435547,-10.487954139709473,16.763713836669922,-15.250353813171387,15.543020248413086,-8.380157470703125,8.02341365814209,-3.7811055183410645,0.5171130895614624,0.44506534934043884,0.3560585677623749,0.41752925515174866,0.3041241765022278,0.2789576053619385,0.23927070200443268,0.38553690910339355,0.48202013969421387,0.4087476134300232,0.3855474293231964,0.37587812542915344,1609.7558037303509,0.06057597535313467,reggae
-233.6129608154297,87.49832916259766,-22.208412170410156,52.04625701904297,-8.596837043762207,24.979408264160156,-18.240001678466797,1.8987337350845337,-9.137019157409668,-0.22734659910202026,-17.065608978271484,-3.0177414417266846,-9.790682792663574,0.31722527742385864,0.2868148386478424,0.38844236731529236,0.2770605981349945,0.2362482100725174,0.1764679253101349,0.20828603208065033,0.38681864738464355,0.30192750692367554,0.3273068964481354,0.26467639207839966,0.3680382966995239,2149.7748681954477,0.10279038373161764,reggae
-198.63279724121094,102.41358184814453,-10.031448364257812,30.802383422851562,-3.310605764389038,20.27692413330078,-5.637373447418213,28.095630645751953,-11.512123107910156,18.20206642150879,-7.365782260894775,12.278468132019043,-4.360509395599365,0.47123241424560547,0.40669652819633484,0.5340388417243958,0.4532310664653778,0.47999879717826843,0.3231111168861389,0.3676733672618866,0.3795187175273895,0.3330686688423157,0.38590380549430847,0.39720454812049866,0.49033626914024353,1995.6005146508553,0.07032270401993033,reggae
-191.17173767089844,96.34012603759766,-17.656991958618164,24.872455596923828,-0.8780680298805237,26.344680786132812,-12.918913841247559,19.642457962036133,-9.785496711730957,16.9770565032959,-8.600343704223633,11.421409606933594,-8.215002059936523,0.4454346299171448,0.38561105728149414,0.3483833074569702,0.36160731315612793,0.49306848645210266,0.3948524594306946,0.3660376965999603,0.4975603520870209,0.5014934539794922,0.5755542516708374,0.38978198170661926,0.3690098524093628,2300.0529187574825,0.1137952302631579,reggae
-206.4923553466797,122.64485931396484,-0.6156088709831238,29.371662139892578,10.252774238586426,28.223461151123047,-9.92139720916748,13.379462242126465,-8.442612648010254,11.284242630004883,-7.274707317352295,7.082518577575684,-10.333574295043945,0.3152131140232086,0.38622304797172546,0.5013998746871948,0.3810633718967438,0.4076848328113556,0.3861490488052368,0.4424033761024475,0.3153112232685089,0.2830038070678711,0.3071693778038025,0.280199259519577,0.34028980135917664,1606.560170615663,0.07054114563177244,reggae
-209.72825622558594,105.23511505126953,2.5971052646636963,34.90690994262695,15.330764770507812,25.211894989013672,-6.054940700531006,18.222579956054688,-5.076517105102539,8.924583435058594,-0.9967100620269775,8.245265007019043,-4.022233963012695,0.41001471877098083,0.3351539671421051,0.35355257987976074,0.346198171377182,0.42625361680984497,0.3285123109817505,0.30485790967941284,0.39081618189811707,0.468425989151001,0.5931296348571777,0.41216227412223816,0.37080270051956177,1716.1117225999903,0.06411563648897059,reggae
-157.72598266601562,109.83527374267578,8.463047981262207,41.79172134399414,5.113607883453369,25.760814666748047,-12.964588165283203,22.06696128845215,-15.514671325683594,14.3726806640625,-11.921098709106445,11.6021146774292,-10.626171112060547,0.32888224720954895,0.34555649757385254,0.4472070038318634,0.4185062646865845,0.3290199935436249,0.414873331785202,0.3091354966163635,0.32116055488586426,0.28525373339653015,0.3016255497932434,0.44830122590065,0.3541204333305359,1923.7123234958624,0.06821916420762383,reggae
-76.04832458496094,101.1271743774414,-11.631933212280273,46.23291778564453,-11.216928482055664,31.394113540649414,-9.462058067321777,22.460752487182617,-16.815595626831055,15.975831985473633,-9.508243560791016,11.81232738494873,-7.845017433166504,0.4721774160861969,0.48104649782180786,0.5101519823074341,0.3870217800140381,0.40975815057754517,0.363350510597229,0.419807493686676,0.2889252007007599,0.32970353960990906,0.37497478723526,0.39419928193092346,0.6031354665756226,2118.326028871004,0.07927087364551083,reggae
-154.8780975341797,110.04191589355469,-18.444854736328125,36.64433288574219,0.523158609867096,31.58628273010254,-10.428807258605957,18.810909271240234,-7.182783603668213,13.130121231079102,-5.2511677742004395,8.89039421081543,-6.71835994720459,0.41193434596061707,0.44357559084892273,0.3665453791618347,0.30407172441482544,0.41278907656669617,0.35661160945892334,0.4717172086238861,0.4103873670101166,0.4619070589542389,0.5120477080345154,0.4625423550605774,0.49729758501052856,1803.5661063308723,0.07796513702109133,reggae
-170.92190551757812,107.74945831298828,-1.754551887512207,46.44015884399414,-0.19604657590389252,24.946035385131836,-10.681297302246094,18.073284149169922,-10.796637535095215,11.152105331420898,-7.2524518966674805,6.203108310699463,-6.464095592498779,0.4150965213775635,0.362346887588501,0.4175528287887573,0.39491185545921326,0.44175106287002563,0.4119851887226105,0.3176155388355255,0.3130064308643341,0.33285874128341675,0.529514729976654,0.42128533124923706,0.3771117925643921,1907.381884489025,0.07739862495162539,reggae
-184.5159454345703,106.18036651611328,4.0202484130859375,38.73769760131836,8.40831470489502,30.459331512451172,-3.355588436126709,20.299545288085938,-1.551379919052124,15.9221773147583,-6.521013259887695,13.197271347045898,-1.7158337831497192,0.44407323002815247,0.48680800199508667,0.38907334208488464,0.2838212847709656,0.29641464352607727,0.3843345642089844,0.3290448784828186,0.31055331230163574,0.3935070037841797,0.4124046862125397,0.4929628074169159,0.5036234855651855,1754.5284525268162,0.07129926651993033,reggae
-177.68386840820312,113.61753845214844,2.316892147064209,35.84281539916992,1.594757318496704,34.69797897338867,-8.755849838256836,16.29605484008789,-9.335260391235352,14.175699234008789,-2.073439598083496,13.142420768737793,-7.247561454772949,0.3324557840824127,0.3344399034976959,0.5401887893676758,0.4344399869441986,0.4175761342048645,0.33077532052993774,0.3442007601261139,0.3941505253314972,0.31446605920791626,0.31715527176856995,0.3038044571876526,0.3875522315502167,1637.9263684990146,0.05678045786571207,reggae
-88.09089660644531,109.4167251586914,-25.173023223876953,40.403038024902344,-8.781224250793457,24.70951271057129,-11.537566184997559,18.49916648864746,-8.295320510864258,17.030210494995117,-8.444005966186523,9.802780151367188,-12.90077018737793,0.38086509704589844,0.35730379819869995,0.4653241038322449,0.3827892243862152,0.40719056129455566,0.39690491557121277,0.43957236409187317,0.49959468841552734,0.3683726191520691,0.3574076294898987,0.2841038405895233,0.3410273790359497,2007.372657971661,0.09286754123935759,reggae
-91.33976745605469,98.83060455322266,-23.198654174804688,46.87973403930664,-6.8574090003967285,29.266338348388672,-9.967306137084961,25.659387588500977,-10.211893081665039,19.611228942871094,-8.218379974365234,13.4072265625,-6.49976110458374,0.45943528413772583,0.5348799228668213,0.469776451587677,0.4153938293457031,0.45319265127182007,0.4031255841255188,0.3855864703655243,0.37312552332878113,0.4566335678100586,0.555049479007721,0.4712411165237427,0.4876883327960968,2059.3588992585837,0.0723423441128096,reggae
-161.81602478027344,78.71281433105469,-19.275562286376953,55.1133918762207,13.201412200927734,30.957822799682617,-7.024675369262695,24.269943237304688,-12.833857536315918,21.512704849243164,-13.528580665588379,12.77205753326416,-7.446732521057129,0.31991732120513916,0.3648732304573059,0.41507095098495483,0.4991585314273834,0.3587309420108795,0.3799368739128113,0.45269402861595154,0.4003503620624542,0.4542106091976166,0.5083172917366028,0.5626212954521179,0.42584824562072754,2354.2710703063417,0.1202902779121517,reggae
-169.24366760253906,110.44771575927734,-8.553956985473633,43.8986930847168,0.26645392179489136,26.64651107788086,-14.365674018859863,13.026835441589355,-11.14289665222168,8.14470100402832,-7.690255641937256,10.9099702835083,-8.17238712310791,0.41218939423561096,0.33338800072669983,0.38963598012924194,0.37034887075424194,0.30893683433532715,0.3867632746696472,0.2883259356021881,0.3293348252773285,0.24285893142223358,0.2975168824195862,0.4228138029575348,0.4019453823566437,1811.3582154873116,0.0721775680872678,reggae
-177.34091186523438,110.98352813720703,-15.655527114868164,36.77762985229492,0.061218827962875366,24.468961715698242,-3.7678868770599365,18.42662239074707,-3.3727521896362305,13.775833129882812,-2.107057809829712,8.593648910522461,-5.945119857788086,0.3645665645599365,0.2994631826877594,0.4170355498790741,0.3663278818130493,0.4443192183971405,0.3818957805633545,0.3242350220680237,0.42623987793922424,0.3665162920951843,0.33390381932258606,0.2715086340904236,0.3538578748703003,1709.0354342543874,0.07374974300986842,reggae
-171.674560546875,99.35704040527344,-8.266291618347168,49.60402297973633,1.087764024734497,31.122861862182617,-7.134890556335449,15.888199806213379,-1.3654099702835083,12.733199119567871,-5.199899673461914,11.809978485107422,-5.325465679168701,0.39167654514312744,0.3856571614742279,0.41640251874923706,0.37030068039894104,0.4736364483833313,0.42309337854385376,0.46514660120010376,0.40625301003456116,0.2969509959220886,0.31331828236579895,0.36178290843963623,0.528366208076477,1840.8054757537875,0.07455850607101393,reggae
-177.61338806152344,89.95230102539062,4.605282783508301,40.16278839111328,0.16708137094974518,23.18253517150879,-9.905035018920898,12.76270866394043,-7.30821418762207,18.73248291015625,-5.735256195068359,6.114346027374268,-9.921317100524902,0.4779182970523834,0.39063990116119385,0.35971999168395996,0.3308039903640747,0.45201072096824646,0.457935631275177,0.3898793160915375,0.46297910809516907,0.3791350722312927,0.34752747416496277,0.3500154912471771,0.44624319672584534,2086.5315028359455,0.08737815644349846,reggae
-256.3182678222656,104.26258087158203,-7.273194789886475,56.24643325805664,11.09731674194336,27.300397872924805,5.819084167480469,17.78363609313965,-1.2736736536026,14.663481712341309,-3.464660167694092,10.8682279586792,-2.4614920616149902,0.43347111344337463,0.5000924468040466,0.45309680700302124,0.5050255656242371,0.4726715087890625,0.46932294964790344,0.4734709560871124,0.5165932178497314,0.6500253081321716,0.5153452157974243,0.4634716510772705,0.39506781101226807,1640.0485302065747,0.06783783620356038,reggae
-202.02220153808594,111.09486389160156,8.87687873840332,51.826438903808594,1.2931866645812988,30.04319190979004,-4.508890151977539,22.452714920043945,-7.146486759185791,11.500770568847656,-4.760858058929443,10.600747108459473,-2.6392035484313965,0.6393967270851135,0.46119415760040283,0.3429664075374603,0.3237360715866089,0.38663050532341003,0.5532272458076477,0.5321329236030579,0.46310949325561523,0.3164330720901489,0.27757003903388977,0.3727089762687683,0.4778049886226654,1585.601293881055,0.04367887420181889,reggae
-239.17884826660156,98.96217346191406,19.201751708984375,50.79389953613281,2.838991165161133,32.244686126708984,-1.5015263557434082,16.732337951660156,-7.452125072479248,16.716909408569336,1.497063159942627,16.056482315063477,2.802704095840454,0.4074721336364746,0.5507622361183167,0.6696822047233582,0.6248344779014587,0.5564592480659485,0.39994704723358154,0.3759680688381195,0.4168383777141571,0.47267258167266846,0.5537634491920471,0.4280484914779663,0.3952416181564331,1814.19900091257,0.07047840980553406,reggae
-226.4188232421875,103.35993194580078,0.1665022075176239,43.97385787963867,10.650589942932129,35.2100715637207,8.444857597351074,21.14563751220703,-3.2926626205444336,15.537871360778809,-3.0108566284179688,11.102892875671387,1.7772819995880127,0.6486737132072449,0.5210391879081726,0.5430952906608582,0.3971664011478424,0.41564837098121643,0.3966955840587616,0.5039321780204773,0.601851761341095,0.44011011719703674,0.3849576711654663,0.39853593707084656,0.6333245038986206,1578.9797524821934,0.05862247242647059,reggae
-243.80943298339844,123.34759521484375,-15.570890426635742,38.88397216796875,6.487192153930664,25.511737823486328,3.0363428592681885,17.17544174194336,-0.21269439160823822,8.983331680297852,-2.4875261783599854,6.7616143226623535,-3.453197956085205,0.4302958548069,0.43727606534957886,0.6469225883483887,0.4767509400844574,0.49253132939338684,0.5223602056503296,0.4190196692943573,0.4257042109966278,0.4895646274089813,0.6110975742340088,0.5006531476974487,0.39137113094329834,1510.806650097002,0.0658639252370356,reggae
-249.427734375,111.49365234375,11.282425880432129,41.32826614379883,-2.885129928588867,34.55427551269531,0.42364588379859924,22.34600067138672,-9.96639633178711,10.20838451385498,-2.8217613697052,8.728781700134277,-1.4477806091308594,0.42623797059059143,0.4204835295677185,0.49540725350379944,0.6315099000930786,0.5036258101463318,0.43656301498413086,0.3274916708469391,0.4230363070964813,0.42010805010795593,0.3761679232120514,0.4825882613658905,0.417443186044693,1615.9036118108686,0.059147790489551086,reggae
-238.86949157714844,132.3236541748047,-0.12489058822393417,41.23384475708008,2.423020124435425,19.093399047851562,7.968852996826172,19.944677352905273,-0.6315844058990479,11.098160743713379,-1.719542145729065,9.940314292907715,3.0247061252593994,0.5476495027542114,0.4599873125553131,0.5593904852867126,0.543881893157959,0.4765092134475708,0.49768131971359253,0.46996232867240906,0.5399273633956909,0.4636988341808319,0.34928739070892334,0.3242446184158325,0.41480275988578796,1291.482455169567,0.04461386476876935,reggae
-223.3667755126953,114.21255493164062,-4.424648761749268,40.1878662109375,-5.098537921905518,24.676881790161133,0.7235718965530396,17.04950523376465,-2.365762233734131,11.154623031616211,-3.084627866744995,6.129700660705566,-5.68717622756958,0.49243617057800293,0.5516668558120728,0.7256728410720825,0.46037083864212036,0.383137583732605,0.45912525057792664,0.4582226276397705,0.44796696305274963,0.34098273515701294,0.39410340785980225,0.37726765871047974,0.4115270972251892,1699.8353933233097,0.061317467468072755,reggae
-236.62388610839844,91.68299102783203,1.8581238985061646,45.465084075927734,1.269351601600647,32.25914764404297,9.054457664489746,19.607553482055664,-5.063745498657227,10.957539558410645,-4.013187408447266,7.537910461425781,-0.33258387446403503,0.4772007167339325,0.5198512077331543,0.3876957893371582,0.3120037317276001,0.348709374666214,0.4323418140411377,0.696505069732666,0.49922868609428406,0.3470751643180847,0.4236694872379303,0.3312024772167206,0.4390273094177246,1811.5147924120354,0.05923924874226006,reggae
-242.55130004882812,98.30878448486328,-3.8207767009735107,46.03242874145508,3.2868471145629883,29.200767517089844,8.863107681274414,26.982606887817383,4.722848415374756,13.119674682617188,-0.6375585198402405,12.055010795593262,3.004189968109131,0.5244979858398438,0.5157548189163208,0.5782681107521057,0.5338482856750488,0.5179996490478516,0.4275263249874115,0.42910775542259216,0.46869316697120667,0.5621076822280884,0.5804927349090576,0.5396137833595276,0.5349420309066772,1709.714456389326,0.06328759916795666,reggae
-240.00929260253906,108.75552368164062,-8.202256202697754,32.19762420654297,-8.816149711608887,18.640666961669922,-4.701401710510254,15.518406867980957,-3.718203544616699,14.536972999572754,-4.792446613311768,6.403633117675781,-2.9500246047973633,0.24536386132240295,0.26084280014038086,0.2672424912452698,0.3540261685848236,0.47562694549560547,0.44919559359550476,0.5275343060493469,0.5043573379516602,0.4926413893699646,0.3441547751426697,0.26200997829437256,0.30307912826538086,1701.103192532159,0.0655547812258127,reggae
-300.35504150390625,99.2526626586914,52.999855041503906,43.22673797607422,18.883024215698242,24.84849739074707,-7.95561408996582,22.17586898803711,1.7826728820800781,24.794260025024414,8.393651008605957,20.713451385498047,2.8040072917938232,0.546962559223175,0.5941520929336548,0.5060840845108032,0.49199339747428894,0.467709481716156,0.48070430755615234,0.5270209312438965,0.5221423506736755,0.487299382686615,0.5172216296195984,0.4557552635669708,0.49193277955055237,1312.7373064527953,0.02594957853618421,reggae
-296.0807800292969,93.19380950927734,-31.427438735961914,29.488937377929688,-18.940149307250977,1.9491983652114868,-19.498470306396484,-6.2451171875,-24.019805908203125,-7.098768711090088,-14.191152572631836,3.270881175994873,-10.612778663635254,0.19715987145900726,0.2787944972515106,0.355170339345932,0.3662525713443756,0.3379473388195038,0.3220326900482178,0.3978651165962219,0.3970670998096466,0.1940019428730011,0.2714395821094513,0.25642186403274536,0.2572328746318817,2031.8882309842427,0.10104549632352941,reggae
-177.2906036376953,89.63706970214844,9.614038467407227,65.46782684326172,-1.0167573690414429,15.51467227935791,8.01046085357666,16.342636108398438,0.2679513394832611,2.644517660140991,2.896160364151001,0.6422156691551208,2.5766916275024414,0.39324668049812317,0.32587718963623047,0.35230985283851624,0.29909923672676086,0.31550195813179016,0.41393807530403137,0.2834181487560272,0.2594180405139923,0.3095923066139221,0.4487062394618988,0.6393035054206848,0.44285526871681213,1931.4896901504014,0.05904763992356811,reggae
-174.81072998046875,79.29305267333984,-24.33302116394043,17.978055953979492,24.47028350830078,15.726946830749512,7.472576141357422,4.225911617279053,3.9170730113983154,4.806662559509277,2.760657548904419,1.7235027551651,-2.3440122604370117,0.4608689546585083,0.46764102578163147,0.4843998849391937,0.41102513670921326,0.42803189158439636,0.31342142820358276,0.4381657540798187,0.46306225657463074,0.4152982831001282,0.5072864294052124,0.40025731921195984,0.41146528720855713,2480.8459326909738,0.10571062306501548,reggae
-164.68896484375,142.69796752929688,-41.4739875793457,41.2348518371582,16.1884708404541,-5.570958614349365,7.642460823059082,5.620356559753418,0.8028852343559265,-10.477526664733887,-2.348062753677368,-0.4949835538864136,-3.0664114952087402,0.6158989667892456,0.24773193895816803,0.22496703267097473,0.2672116160392761,0.49285799264907837,0.43105435371398926,0.32673195004463196,0.48537498712539673,0.22725346684455872,0.22255076467990875,0.14151225984096527,0.3341931402683258,1484.7434261821936,0.07602637323432662,reggae
-104.24897003173828,83.94451141357422,18.881547927856445,28.945411682128906,10.635660171508789,9.320363998413086,9.311715126037598,6.5240044593811035,3.0084590911865234,2.4963021278381348,2.7950141429901123,-0.2027198225259781,3.101010322570801,0.4204692542552948,0.39634278416633606,0.5057255625724792,0.658204197883606,0.469482421875,0.3827838897705078,0.3414682149887085,0.5063304901123047,0.46561679244041443,0.3820444345474243,0.4793968200683594,0.38345181941986084,2454.215349177034,0.08757694586880804,reggae
-120.32481384277344,16.383317947387695,25.046579360961914,37.259220123291016,9.280131340026855,13.014446258544922,3.22973370552063,5.967851161956787,4.083349227905273,1.6961601972579956,1.8896632194519043,2.6729698181152344,2.0346593856811523,0.48492422699928284,0.44780847430229187,0.4730064868927002,0.4579138457775116,0.5117728114128113,0.5172277688980103,0.37676554918289185,0.400471031665802,0.3490614891052246,0.4739859998226166,0.5454137921333313,0.45253291726112366,4283.044762530106,0.22392041469136997,reggae
-169.03961181640625,79.50440979003906,15.242740631103516,42.74113082885742,7.687919616699219,17.028827667236328,-5.982693195343018,0.5410266518592834,0.06319963932037354,-0.9479883909225464,0.8362158536911011,-1.5890545845031738,-2.892287015914917,0.4127386212348938,0.36190807819366455,0.3193468749523163,0.3800986111164093,0.2803705334663391,0.28547656536102295,0.3203969895839691,0.24224549531936646,0.26313522458076477,0.23725181818008423,0.36434003710746765,0.4243010878562927,2322.2929756125877,0.08097759046052631,reggae
-140.3178253173828,69.63296508789062,-9.986164093017578,52.16775131225586,3.2691404819488525,4.559302806854248,-3.493863344192505,2.923150062561035,-6.571258068084717,-2.6421220302581787,-1.731411099433899,-6.943737506866455,-5.825411319732666,0.4092288315296173,0.32146358489990234,0.3706100285053253,0.304791122674942,0.31706467270851135,0.38922297954559326,0.3491213321685791,0.4689880907535553,0.34869858622550964,0.2940269112586975,0.2452419251203537,0.2912624776363373,2477.9298991117516,0.1149788965750774,reggae
-123.73369598388672,66.19564819335938,8.181811332702637,49.75967788696289,8.538769721984863,25.883350372314453,-5.3920440673828125,12.895174980163574,-2.5414347648620605,6.796806335449219,-3.5781755447387695,7.636993885040283,-2.055896043777466,0.31399571895599365,0.3176133632659912,0.437812864780426,0.3090302646160126,0.2665114402770996,0.3908260464668274,0.4306689202785492,0.5720032453536987,0.4737415015697479,0.351787805557251,0.4649890065193176,0.3528771996498108,2673.271677146015,0.11121021188080496,reggae
-121.49298858642578,89.57814025878906,23.786142349243164,32.76792907714844,8.8570556640625,-2.615966320037842,6.627801418304443,1.7668997049331665,-2.9514718055725098,-3.099351167678833,-0.6974905729293823,-5.429426193237305,-6.5477986335754395,0.499483197927475,0.48454323410987854,0.39455699920654297,0.5199472308158875,0.3833441734313965,0.3101804256439209,0.25226905941963196,0.32626044750213623,0.3850598633289337,0.24721236526966095,0.2925150990486145,0.3399685025215149,2322.9386798777355,0.08073911873548761,reggae
-104.88101959228516,66.38381958007812,-2.305335760116577,24.606273651123047,8.414865493774414,6.770360946655273,1.6772854328155518,5.181164264678955,1.0552061796188354,2.198810338973999,2.9562768936157227,4.582302570343018,4.2084527015686035,0.43752461671829224,0.4772886335849762,0.45192644000053406,0.5553902983665466,0.4656480848789215,0.38294342160224915,0.4616717994213104,0.38561689853668213,0.3913680911064148,0.3450089693069458,0.5314108729362488,0.6384056210517883,2955.9154393104704,0.12710883078560373,reggae
-154.9625244140625,-1.539153814315796,22.388729095458984,30.425212860107422,2.1195714473724365,28.59612274169922,16.995513916015625,13.418903350830078,8.493890762329102,6.48397159576416,9.772991180419922,10.905425071716309,2.174382448196411,0.5586234927177429,0.5016446709632874,0.5311568379402161,0.6004973649978638,0.6099228262901306,0.538089394569397,0.5308555364608765,0.5064060091972351,0.5416743159294128,0.5197791457176208,0.6214149594306946,0.7751628756523132,4276.113111170075,0.27482940390383126,reggae
-85.30075073242188,60.94269943237305,34.7901496887207,19.804203033447266,16.715721130371094,7.975334167480469,9.312554359436035,11.3640718460083,1.394199252128601,-0.0879477858543396,6.4077630043029785,3.6292879581451416,5.676822185516357,0.4459994435310364,0.5754215717315674,0.48884105682373047,0.49576225876808167,0.6396527886390686,0.6644133925437927,0.6325747966766357,0.5150799751281738,0.43690967559814453,0.3883915841579437,0.34744635224342346,0.3961256146430969,3288.43329145076,0.13413826673761609,reggae
-251.39256286621094,105.85577392578125,2.220024585723877,32.48439407348633,16.563274383544922,8.290815353393555,10.365556716918945,5.504936695098877,0.8699620366096497,8.355298042297363,-0.6317737698554993,9.898768424987793,-1.8497395515441895,0.44181305170059204,0.4677782952785492,0.561163067817688,0.5125575065612793,0.5286403894424438,0.47612273693084717,0.38661929965019226,0.41422000527381897,0.41832783818244934,0.5005189180374146,0.4437731206417084,0.4813869595527649,2004.3538474526456,0.08977950246710527,reggae
-182.1938934326172,83.51700592041016,4.844893455505371,12.691200256347656,30.07164192199707,17.201648712158203,6.103977680206299,7.693450927734375,7.146999835968018,8.883383750915527,-2.1501874923706055,5.713592052459717,1.4522558450698853,0.32212167978286743,0.4741624891757965,0.42607027292251587,0.3758964240550995,0.5229133367538452,0.4270930290222168,0.3784405589103699,0.2779073119163513,0.34829455614089966,0.47731032967567444,0.3674452304840088,0.3578052818775177,2541.9768822749897,0.10153566720684984,reggae
-130.3925018310547,84.2853775024414,29.355722427368164,23.84440803527832,8.28787899017334,13.861767768859863,2.22910737991333,2.9254555702209473,2.5764942169189453,0.09832204878330231,2.340669631958008,2.746436834335327,3.7561280727386475,0.5476722717285156,0.40563642978668213,0.48235100507736206,0.41131505370140076,0.4096003770828247,0.3301047682762146,0.3675392270088196,0.5016082525253296,0.4523848295211792,0.49151337146759033,0.5041004419326782,0.6398259997367859,2525.883148548213,0.0822270160119969,reggae
-162.5088348388672,98.48662567138672,-1.6052873134613037,20.81171417236328,12.058052062988281,11.743512153625488,6.093582630157471,4.958357810974121,1.705944299697876,3.0551607608795166,-0.8599134683609009,4.120586395263672,3.4256598949432373,0.47388407588005066,0.38110870122909546,0.4124566316604614,0.49634262919425964,0.3943329453468323,0.3481478989124298,0.35503438115119934,0.48838597536087036,0.26386162638664246,0.2158624529838562,0.28708416223526,0.3266458809375763,2174.1042292536513,0.08318468217879257,reggae
-177.292724609375,98.2851791381836,14.708465576171875,21.133085250854492,14.94108772277832,10.188179969787598,4.973139762878418,0.8437906503677368,4.830460071563721,6.869421005249023,3.542900323867798,-0.35623595118522644,0.5778768062591553,0.3642396032810211,0.41637301445007324,0.5460060238838196,0.43165072798728943,0.2933102250099182,0.29987066984176636,0.3314031660556793,0.4320315420627594,0.2953304946422577,0.35480430722236633,0.38410964608192444,0.32578954100608826,2170.729333695411,0.07889861588138544,reggae
-169.340576171875,83.90910339355469,11.203278541564941,12.13480281829834,21.07720375061035,9.5333833694458,0.9363658428192139,2.1945176124572754,0.8756653666496277,1.64301335811615,-0.41765838861465454,0.7432358860969543,-4.787158489227295,0.3166402578353882,0.3745229244232178,0.48501256108283997,0.39529067277908325,0.4148741364479065,0.3731978237628937,0.46178749203681946,0.3250815272331238,0.2862050533294678,0.3258315622806549,0.3148658871650696,0.3890390396118164,2631.8490363841825,0.11201028262867647,reggae
-93.51580810546875,80.18165588378906,-0.30427923798561096,15.263566017150879,4.348327159881592,9.056693077087402,1.6918386220932007,2.54801869392395,-4.297323226928711,1.0002484321594238,-1.6963750123977661,-2.996873140335083,2.253019332885742,0.4145691990852356,0.3485013544559479,0.4898233711719513,0.3628352880477905,0.3425949513912201,0.46584364771842957,0.3025391399860382,0.2927263081073761,0.26683691143989563,0.3861196041107178,0.49931567907333374,0.3400304615497589,2671.9431591250614,0.11742559379837461,reggae
-301.4396667480469,77.22313690185547,-13.575448989868164,39.30436325073242,1.6029993295669556,16.89271354675293,-7.25034761428833,-3.6011550426483154,1.1691408157348633,-3.2648885250091553,-8.437726974487305,-3.6016147136688232,-2.6015775203704834,0.3165144622325897,0.2971726655960083,0.38439837098121643,0.24243207275867462,0.238361656665802,0.17080366611480713,0.24345582723617554,0.39593830704689026,0.2951403260231018,0.3462499976158142,0.26913389563560486,0.3897811770439148,2395.785250668999,0.11853254099748452,reggae
-74.0531005859375,58.015201568603516,9.140951156616211,29.25894546508789,12.535322189331055,-0.18953333795070648,0.16529680788516998,1.3719069957733154,-5.0914998054504395,1.3520697355270386,2.8511602878570557,-1.5608808994293213,0.8852587938308716,0.44221481680870056,0.5114749670028687,0.411639004945755,0.43586140871047974,0.4279167354106903,0.43307551741600037,0.3530791401863098,0.38559862971305847,0.44144847989082336,0.3182925879955292,0.2876514792442322,0.2960911989212036,3122.9386087150997,0.1335615506482198,reggae
-265.6949768066406,80.61592102050781,9.722023010253906,36.65708541870117,27.836795806884766,12.086828231811523,15.014477729797363,15.116936683654785,6.558818817138672,6.284592151641846,7.48602294921875,5.644510269165039,4.349678993225098,0.3787030875682831,0.3679060935974121,0.3168237507343292,0.31936848163604736,0.41634342074394226,0.5001101493835449,0.6846978068351746,0.5935483574867249,0.456891268491745,0.43796923756599426,0.412354975938797,0.4532325267791748,2113.391953819571,0.06088285180437306,reggae
-168.56568908691406,109.54734802246094,-20.666072845458984,38.95631408691406,7.960122108459473,0.3354012072086334,6.036591053009033,4.08657169342041,-1.3609744310379028,0.11973307281732559,0.2429877072572708,0.35119831562042236,5.302457332611084,0.4791104197502136,0.5033376812934875,0.5894612073898315,0.4455204904079437,0.36183691024780273,0.40351665019989014,0.33207783102989197,0.35735660791397095,0.3505055904388428,0.4615229070186615,0.3942593038082123,0.31174740195274353,1910.6006441535096,0.0833796923374613,reggae
-70.11164855957031,54.3621826171875,15.596424102783203,19.821365356445312,27.005250930786133,13.251235008239746,0.7004847526550293,10.07564926147461,6.688830375671387,-0.30473047494888306,2.9781808853149414,6.023298263549805,1.092357873916626,0.44472000002861023,0.4701686501502991,0.3888273537158966,0.4183884263038635,0.49547192454338074,0.42142730951309204,0.3761814534664154,0.3329298198223114,0.3792434334754944,0.4015462398529053,0.3786766231060028,0.4940783679485321,3094.02220916496,0.10088072029798761,reggae
-66.1877670288086,97.88822174072266,-18.818099975585938,26.937904357910156,14.020184516906738,6.029330253601074,9.445992469787598,10.570343971252441,-0.136586993932724,8.126069068908691,10.541821479797363,8.009013175964355,3.8083314895629883,0.46852004528045654,0.34470999240875244,0.24674499034881592,0.2875829339027405,0.38394466042518616,0.5552343726158142,0.415944904088974,0.3730112612247467,0.3179301619529724,0.2969733476638794,0.4596453607082367,0.35954371094703674,2080.8998101028196,0.08281998294794891,reggae
-147.0893096923828,120.09329986572266,-21.591428756713867,39.64054870605469,6.949150562286377,15.087430953979492,-1.008193016052246,15.945317268371582,2.543234348297119,4.510831356048584,0.02295200526714325,4.332126617431641,4.638779163360596,0.29727301001548767,0.2915908396244049,0.416191965341568,0.43297693133354187,0.589671790599823,0.43945634365081787,0.3331911563873291,0.3905380368232727,0.3463759124279022,0.4316360056400299,0.33217325806617737,0.3693337142467499,1629.3916759342683,0.06711183908184984,reggae
-132.95237731933594,117.09168243408203,-2.7985999584198,22.529333114624023,25.919849395751953,0.2901603877544403,13.511026382446289,3.395885467529297,4.522271156311035,0.5429567694664001,-0.07208136469125748,5.095772743225098,-0.15914742648601532,0.3372363746166229,0.34489762783050537,0.4656520485877991,0.3855406641960144,0.41949737071990967,0.41264551877975464,0.3907138705253601,0.4315500557422638,0.44363364577293396,0.49603480100631714,0.3170830011367798,0.30871638655662537,1729.221510067004,0.06049774453366873,reggae
-194.80711364746094,83.02938842773438,-0.7573575973510742,32.375301361083984,2.8250601291656494,23.167728424072266,2.9668242931365967,14.221725463867188,8.545363426208496,10.447763442993164,7.068881511688232,8.804685592651367,1.408790111541748,0.31089287996292114,0.339970201253891,0.4981837272644043,0.4084910452365875,0.40304815769195557,0.32679611444473267,0.3005152642726898,0.41964536905288696,0.3136610984802246,0.341623991727829,0.29040592908859253,0.350470632314682,2104.9458967015426,0.07786158511513158,reggae
-142.7815399169922,83.62422943115234,21.906211853027344,33.849456787109375,4.624049186706543,4.1626973152160645,1.9368716478347778,21.812685012817383,-5.94234561920166,0.5001415610313416,17.423234939575195,-11.433121681213379,10.545722961425781,0.3645625412464142,0.30169251561164856,0.3258921205997467,0.2700801193714142,0.3228137791156769,0.4873715937137604,0.3227388560771942,0.26865243911743164,0.2981983423233032,0.40386995673179626,0.5922062993049622,0.39245355129241943,2461.457562285525,0.08041447973103716,reggae
-136.78912353515625,75.59191131591797,-5.333469867706299,23.440128326416016,0.7612740993499756,12.29259204864502,4.4802775382995605,5.15785026550293,-0.07490870356559753,9.033966064453125,4.9023919105529785,2.3301923274993896,5.475172996520996,0.3162280321121216,0.3876969516277313,0.5715259313583374,0.387058824300766,0.2865408957004547,0.27715006470680237,0.36779463291168213,0.45630255341529846,0.36539891362190247,0.3838629722595215,0.43254345655441284,0.3345410227775574,2288.9314176081257,0.06099963114357585,reggae
-141.76731872558594,44.17989730834961,21.71708869934082,43.29201126098633,21.742549896240234,11.178961753845215,3.5433034896850586,15.015563011169434,-1.744100570678711,6.435993671417236,6.909985542297363,0.7032583355903625,3.9693093299865723,0.5132253766059875,0.42891833186149597,0.4190541207790375,0.3648936450481415,0.38334977626800537,0.3780409097671509,0.36190181970596313,0.429410845041275,0.3878811001777649,0.43402981758117676,0.3984828591346741,0.4078218936920166,3109.580608719877,0.12166630889609133,reggae
-94.1405258178711,68.22994232177734,3.975480079650879,7.631386756896973,12.791033744812012,-3.185734987258911,-3.9074442386627197,3.8176004886627197,-6.1216511726379395,-0.35184240341186523,0.3375631868839264,-4.674421310424805,-3.0098025798797607,0.3677501976490021,0.46307873725891113,0.48164981603622437,0.4191390573978424,0.47144564986228943,0.44660112261772156,0.5133131742477417,0.4043010175228119,0.3930133283138275,0.48327764868736267,0.3704005479812622,0.3786487281322479,3086.1860008884605,0.13607514089106038,reggae
-105.88101959228516,87.99615478515625,19.372705459594727,30.62493133544922,10.02409553527832,18.0201473236084,3.6549272537231445,8.923995971679688,5.825234413146973,8.873672485351562,5.6649580001831055,10.555123329162598,5.9011640548706055,0.5264663696289062,0.42427587509155273,0.37224501371383667,0.33344170451164246,0.36696290969848633,0.3981945514678955,0.34820523858070374,0.37860387563705444,0.4196702837944031,0.5589097738265991,0.6760352253913879,0.5905799865722656,2153.2951509096097,0.05106696255804954,reggae
-105.86871337890625,88.18165588378906,19.30242347717285,30.579696655273438,9.983685493469238,17.954727172851562,3.689756155014038,8.922590255737305,5.854974269866943,8.851582527160645,5.623591423034668,10.514842987060547,5.916852951049805,0.48832187056541443,0.3998897671699524,0.3554166257381439,0.3426433503627777,0.4004368185997009,0.37331390380859375,0.3573770523071289,0.39804163575172424,0.4762941598892212,0.6485806107521057,0.6592158079147339,0.5562596321105957,2148.603575494345,0.051022745138351394,reggae
-63.82210159301758,88.2540512084961,-27.603097915649414,18.600967407226562,-3.577483654022217,5.198116302490234,0.9838290810585022,8.052980422973633,-4.396183013916016,2.2758755683898926,4.154455661773682,-2.208498001098633,10.26652717590332,0.4214009940624237,0.39174118638038635,0.4869765043258667,0.376801460981369,0.3207097053527832,0.3564585745334625,0.33121225237846375,0.3964105248451233,0.3191620707511902,0.45857980847358704,0.40756839513778687,0.4094119668006897,2481.191325890234,0.13506002987132354,reggae
-105.70984649658203,76.1017837524414,19.5106143951416,36.70929718017578,3.749850273132324,11.684267044067383,0.07589343935251236,7.092368125915527,7.659843444824219,10.457496643066406,0.9903630614280701,-2.199362277984619,-1.5104167461395264,0.35886478424072266,0.2650991976261139,0.2612493932247162,0.3472534120082855,0.5596397519111633,0.3982089161872864,0.39351412653923035,0.4687296748161316,0.5488631129264832,0.7327666282653809,0.5044284462928772,0.44649696350097656,2456.1544092561144,0.08827233093072756,reggae
-151.77394104003906,105.12451934814453,-6.166162490844727,47.94609069824219,11.344108581542969,15.08799934387207,11.635066986083984,6.607784748077393,6.817538738250732,2.3976094722747803,-1.034764289855957,-0.22057220339775085,-0.6423186659812927,0.4900780916213989,0.3733557462692261,0.3511151075363159,0.3297019898891449,0.37832343578338623,0.2976299226284027,0.3310646414756775,0.37199389934539795,0.37276914715766907,0.4742068350315094,0.4506099820137024,0.5250282287597656,1778.3264606974715,0.06091951069078947,reggae
-175.48696899414062,78.02301788330078,-2.5604965686798096,52.86769104003906,15.842401504516602,24.755294799804688,5.295869827270508,8.655302047729492,6.652233600616455,9.806406021118164,-3.3547556400299072,4.118610858917236,2.3579511642456055,0.5011216998100281,0.49359938502311707,0.5349612832069397,0.4773944914340973,0.403225302696228,0.3766974210739136,0.3812047243118286,0.5248655676841736,0.42370590567588806,0.398612380027771,0.49949967861175537,0.4189404845237732,2317.4758286832307,0.09380782277960527,reggae
-155.67242431640625,57.027366638183594,-35.24770736694336,33.28634262084961,-14.187575340270996,25.281808853149414,2.5339672565460205,4.247924327850342,8.487785339355469,4.56798791885376,2.8205196857452393,2.5739941596984863,2.8225185871124268,0.5323644876480103,0.7018126249313354,0.519730806350708,0.587587296962738,0.5319098234176636,0.41922158002853394,0.40638256072998047,0.417334645986557,0.455761194229126,0.3872205317020416,0.3754459023475647,0.3814893960952759,3003.0228526329006,0.18643386888061145,reggae
-103.10472106933594,67.23043823242188,2.2398650646209717,28.497493743896484,4.176846027374268,11.877421379089355,14.268193244934082,14.3020601272583,3.2598321437835693,15.845577239990234,8.033733367919922,4.457915782928467,8.679057121276855,0.5274255275726318,0.47339901328086853,0.3935222923755646,0.333193302154541,0.3267056345939636,0.3701362609863281,0.4277952313423157,0.4146113991737366,0.5166415572166443,0.5698952674865723,0.6750109791755676,0.69624263048172,2538.8183244874817,0.09431537828947369,reggae
-115.72032165527344,67.04470825195312,1.9207350015640259,29.12337875366211,4.00742769241333,12.044657707214355,13.98845100402832,14.918452262878418,2.2994470596313477,17.055818557739258,7.568181037902832,4.992762088775635,8.5475492477417,0.5737975239753723,0.48842746019363403,0.42372745275497437,0.3416716158390045,0.32291725277900696,0.33587151765823364,0.4150068461894989,0.40563642978668213,0.4688638150691986,0.5623525381088257,0.6229538917541504,0.7210718989372253,2567.6720453746466,0.0994389300744969,reggae
-115.72032165527344,67.04470825195312,1.9207350015640259,29.12337875366211,4.00742769241333,12.044657707214355,13.98845100402832,14.918452262878418,2.2994470596313477,17.055818557739258,7.568181037902832,4.992762088775635,8.5475492477417,0.5737975239753723,0.48842746019363403,0.42372745275497437,0.3416716158390045,0.32291725277900696,0.33587151765823364,0.4150068461894989,0.40563642978668213,0.4688638150691986,0.5623525381088257,0.6229538917541504,0.7210718989372253,2567.6720453746466,0.0994389300744969,reggae
-285.9736022949219,138.68746948242188,19.947643280029297,35.245121002197266,-7.994090557098389,7.078868865966797,5.405129432678223,-3.2063918113708496,-1.1585748195648193,3.208261728286743,1.496443748474121,-4.035818576812744,-6.334192752838135,0.43143025040626526,0.3116670846939087,0.37194180488586426,0.2228156477212906,0.31665751338005066,0.38884103298187256,0.2352573126554489,0.3176983594894409,0.3097021281719208,0.45176470279693604,0.30100753903388977,0.2623799443244934,1366.429347381977,0.07119609254063468,reggae
-150.912109375,111.76167297363281,2.91566801071167,42.73334884643555,-3.5954196453094482,15.153263092041016,3.4516782760620117,0.1891777068376541,-4.718381881713867,3.858656883239746,-0.8896032571792603,-5.351660251617432,0.6894755363464355,0.4880753755569458,0.6970650553703308,0.37202370166778564,0.27145513892173767,0.23244541883468628,0.3222179710865021,0.19557839632034302,0.21285571157932281,0.30849799513816833,0.2580495774745941,0.2355135977268219,0.23498958349227905,1788.5445972751872,0.07602221604102168,reggae
-175.1691436767578,116.6299819946289,-55.12920379638672,59.90557861328125,1.9614096879959106,1.0681365728378296,14.60234546661377,-3.2314059734344482,2.789919376373291,5.709691047668457,-1.8400202989578247,7.874343395233154,0.40650466084480286,0.38753676414489746,0.31912070512771606,0.4245426058769226,0.4109214246273041,0.5092261433601379,0.46302732825279236,0.41420888900756836,0.48550736904144287,0.3892516493797302,0.32936733961105347,0.28209182620048523,0.3350842297077179,1797.4051726737525,0.09941020764802631,reggae
42.11286544799805,37.424171447753906,-7.922309398651123,4.491990089416504,8.947957038879395,3.5308406352996826,3.0852081775665283,1.6274316310882568,6.2675347328186035,1.821806788444519,-0.5613662004470825,-0.39434319734573364,1.6282494068145752,0.6155014038085938,0.6404797434806824,0.7292855978012085,0.6043304204940796,0.6755840182304382,0.7030069231987,0.599969208240509,0.6427608728408813,0.585601806640625,0.6367741823196411,0.7324748635292053,0.7967318892478943,4434.948742523192,0.2602225383368808,reggae
-110.20217895507812,48.54799270629883,29.644615173339844,18.442466735839844,-0.47234880924224854,4.6547112464904785,-2.267071008682251,-6.58841609954834,-2.1527016162872314,-0.15998117625713348,-0.6845913529396057,0.5441744327545166,1.9038584232330322,0.4441353380680084,0.3737592101097107,0.4100242555141449,0.38679495453834534,0.4432353079319,0.2649107277393341,0.27719125151634216,0.40472713112831116,0.3660421371459961,0.415448933839798,0.39495593309402466,0.47152847051620483,3296.209659000533,0.1218802153879644,reggae
-75.23249816894531,44.853004455566406,10.078606605529785,1.1481962203979492,1.1562961339950562,-3.140685796737671,0.13975980877876282,0.07932741194963455,-3.4337422847747803,0.11067818850278854,-1.9280567169189453,-2.3146519660949707,-0.07721782475709915,0.3710119426250458,0.4404715895652771,0.3349447548389435,0.38029107451438904,0.3479553461074829,0.4355672001838684,0.3541662395000458,0.3219177722930908,0.47324615716934204,0.37250518798828125,0.3918009400367737,0.2845193147659302,3881.383875119963,0.18931631554760062,reggae
-194.45693969726562,157.13970947265625,-14.128241539001465,44.053367614746094,3.478423833847046,17.465808868408203,2.9772441387176514,5.83376407623291,3.0153086185455322,1.0755280256271362,2.5912234783172607,0.7998103499412537,0.6491770148277283,0.3076925277709961,0.33822205662727356,0.381133109331131,0.573113739490509,0.377515971660614,0.3210086524486542,0.30224308371543884,0.42343178391456604,0.5318666100502014,0.3849742114543915,0.28512465953826904,0.20762351155281067,1052.002100832135,0.03803831874032508,reggae
-127.36402893066406,65.99180603027344,4.458125114440918,30.05898666381836,16.64737319946289,16.52498435974121,-6.399656772613525,15.2887601852417,4.620022296905518,5.104029655456543,5.585709571838379,-0.7697422504425049,6.06221866607666,0.45637813210487366,0.42547696828842163,0.5823558568954468,0.4080415964126587,0.4135240614414215,0.41979730129241943,0.5417260527610779,0.6070965528488159,0.4558590054512024,0.46607261896133423,0.39981013536453247,0.46390870213508606,2867.992801312542,0.13065151533475233,reggae
-159.94081115722656,92.81088256835938,-28.70952606201172,31.46426010131836,-6.610722541809082,12.638018608093262,0.8522679805755615,10.961094856262207,-2.074934959411621,3.666249990463257,3.5795059204101562,0.3230552673339844,8.548465728759766,0.42887821793556213,0.3862456977367401,0.47761690616607666,0.3783130347728729,0.3401929438114166,0.38051852583885193,0.3520675301551819,0.39808446168899536,0.32609930634498596,0.45935648679733276,0.419018030166626,0.42954111099243164,2314.4949684089943,0.12388965146091331,reggae
-138.14389038085938,101.46946716308594,-35.31705093383789,36.16295623779297,-9.493778228759766,14.76218318939209,-0.23332880437374115,11.528227806091309,-2.106008768081665,3.405216693878174,4.204796314239502,0.13827939331531525,9.009115219116211,0.42344897985458374,0.3914799690246582,0.4849686622619629,0.359960675239563,0.34913039207458496,0.3758505880832672,0.3551030457019806,0.3995306193828583,0.33075132966041565,0.47882723808288574,0.4071325659751892,0.4315071702003479,2170.7030022441018,0.12004009046052631,reggae
-147.45053100585938,113.27776336669922,-6.279628276824951,9.088613510131836,24.541444778442383,-9.802510261535645,13.13619613647461,-1.9909199476242065,-2.7045507431030273,12.23032283782959,-4.112524509429932,-1.0004733800888062,1.969944953918457,0.341414213180542,0.31133222579956055,0.45634889602661133,0.3170146346092224,0.33373332023620605,0.2600913345813751,0.38055360317230225,0.5609114766120911,0.39782941341400146,0.3928104639053345,0.3032301068305969,0.39490413665771484,2109.6362127896273,0.08934072961010062,reggae
-97.76292419433594,108.83715057373047,-24.9234619140625,21.319738388061523,12.549696922302246,7.765998363494873,-3.3035848140716553,3.5284223556518555,0.6894371509552002,4.195521831512451,-9.684724807739258,4.261557579040527,2.4569170475006104,0.2807922959327698,0.2802368998527527,0.4561777412891388,0.5094643235206604,0.29155775904655457,0.24903909862041473,0.2746494710445404,0.36772435903549194,0.44760292768478394,0.38568782806396484,0.47940707206726074,0.36506593227386475,2022.437501264683,0.09566646611358359,reggae
-69.03168487548828,79.13812255859375,13.08932113647461,29.37102508544922,0.26556169986724854,4.156529903411865,-0.442613810300827,0.1885552704334259,2.8111445903778076,0.597999095916748,-2.7980496883392334,-0.5165508985519409,-3.1858015060424805,0.6589928269386292,0.4136093556880951,0.3295869529247284,0.33563631772994995,0.4820590317249298,0.4583713412284851,0.4132692813873291,0.4888942539691925,0.384299635887146,0.40171369910240173,0.32381755113601685,0.40476205945014954,2617.582608076272,0.10321517330205109,reggae
-167.01210021972656,116.64275360107422,-44.190364837646484,70.5038070678711,2.320695400238037,16.017593383789062,12.503347396850586,4.100355625152588,5.3281402587890625,4.525841236114502,7.307662010192871,7.58745813369751,2.9061529636383057,0.3806725740432739,0.32076770067214966,0.3941953182220459,0.4131384789943695,0.5369634032249451,0.5150272250175476,0.547341525554657,0.5210007429122925,0.371263325214386,0.31189340353012085,0.2939082980155945,0.38904860615730286,1629.473422777735,0.07962990397639319,reggae
-142.7908935546875,103.1174545288086,-15.2323579788208,38.268043518066406,-12.985987663269043,2.749526023864746,-1.6750329732894897,-3.4322702884674072,-4.448258876800537,-9.285492897033691,-10.124065399169922,-2.116806745529175,-4.4709153175354,0.41541552543640137,0.2409554123878479,0.22183603048324585,0.2027217298746109,0.2922808825969696,0.3633430600166321,0.19190551340579987,0.23002889752388,0.2568961977958679,0.3865664601325989,0.24952007830142975,0.21313023567199707,2007.1841367892719,0.09403079951141641,reggae
-134.68275451660156,93.56442260742188,8.521570205688477,34.86943054199219,3.285515308380127,15.515955924987793,4.963839530944824,8.545495986938477,-1.2880831956863403,2.734834909439087,5.069406509399414,11.860010147094727,4.410373687744141,0.5696137547492981,0.4479583203792572,0.5165780186653137,0.5206903219223022,0.4264377951622009,0.36073264479637146,0.3430781662464142,0.4693625867366791,0.3076239228248596,0.2540225386619568,0.2712476849555969,0.43324482440948486,2025.3801449478724,0.06482538276412539,reggae
-67.13854217529297,80.72981262207031,-43.87337875366211,57.72443389892578,-12.790912628173828,33.593772888183594,-7.733452796936035,14.125051498413086,-1.2325958013534546,7.419583320617676,-2.0364301204681396,6.110562324523926,-6.631474018096924,0.4061830937862396,0.42151057720184326,0.40875688195228577,0.48902690410614014,0.5997870564460754,0.5455862879753113,0.3731137812137604,0.3585928976535797,0.3452989459037781,0.6541174054145813,0.3075565993785858,0.2652227580547333,2466.3392174966807,0.13958721338041796,reggae
-116.63066864013672,109.2781753540039,-23.151485443115234,40.68846130371094,-11.896858215332031,23.155595779418945,-15.398656845092773,15.127642631530762,-13.522637367248535,12.695952415466309,-10.886425018310547,8.50553035736084,-11.578760147094727,0.375154584646225,0.48952358961105347,0.4955240786075592,0.41709962487220764,0.47670572996139526,0.33138149976730347,0.28346508741378784,0.32564106583595276,0.3880860507488251,0.5038662552833557,0.2875724136829376,0.27481362223625183,1995.8245086755824,0.09019522179760062,rock
-111.17635345458984,134.16851806640625,-24.667320251464844,41.55748748779297,-3.0730130672454834,28.49441909790039,-10.584973335266113,14.932526588439941,-14.398836135864258,8.850727081298828,-4.554006576538086,9.948249816894531,-4.670233726501465,0.2950567603111267,0.31933483481407166,0.3385085463523865,0.39399975538253784,0.4790075421333313,0.31341713666915894,0.27690058946609497,0.3085123896598816,0.4132934808731079,0.4973171055316925,0.3940161168575287,0.35675811767578125,1529.3175590522962,0.054981526944659444,rock
-120.49427795410156,117.59748840332031,-27.599687576293945,42.825843811035156,-6.756321907043457,21.662517547607422,-12.098572731018066,17.94340705871582,-10.448060989379883,12.274320602416992,-6.567336082458496,13.52841854095459,-2.413079023361206,0.5072116851806641,0.48415976762771606,0.7300729751586914,0.3970714509487152,0.28901180624961853,0.2755720913410187,0.29284605383872986,0.2948489189147949,0.4265907108783722,0.6153426766395569,0.45199716091156006,0.47728052735328674,1874.829786811176,0.0767569054760062,rock
-156.60325622558594,130.69366455078125,-1.4667766094207764,36.23871612548828,0.3727351725101471,31.98138999938965,-0.6227637529373169,20.14137840270996,-11.3350830078125,13.838637351989746,-3.776273012161255,11.534398078918457,-3.22218918800354,0.3435589671134949,0.2516345679759979,0.24752391874790192,0.3203841745853424,0.47622165083885193,0.4810652732849121,0.44968998432159424,0.4815371036529541,0.48585066199302673,0.4414938688278198,0.3088873624801636,0.27374500036239624,1421.4880254979385,0.04309724506578947,rock
-127.97257232666016,134.4472198486328,1.0256680250167847,54.43772888183594,-0.46697676181793213,35.82834243774414,-10.860184669494629,16.37975311279297,-10.032896041870117,6.600140571594238,-6.69980525970459,11.046619415283203,-8.382890701293945,0.36350202560424805,0.36755141615867615,0.35945841670036316,0.33117038011550903,0.28575369715690613,0.2574831545352936,0.30428096652030945,0.5337053537368774,0.5168058276176453,0.4715067744255066,0.36434099078178406,0.3172782063484192,1345.8882551385968,0.04109914679276316,rock
-62.3817138671875,153.77310180664062,-55.11629104614258,28.01772689819336,-6.851470470428467,17.476470947265625,-22.606952667236328,18.144702911376953,-12.58642864227295,4.494895935058594,-8.387154579162598,7.204118251800537,-2.525789260864258,0.6358123421669006,0.46363356709480286,0.44848373532295227,0.3313996493816376,0.40364164113998413,0.19784753024578094,0.23316653072834015,0.2761519253253937,0.3139013350009918,0.48363539576530457,0.32158443331718445,0.41221845149993896,1542.2216281068565,0.07701994243421052,rock
-98.37913513183594,136.61773681640625,-46.71824645996094,46.47606658935547,-17.166423797607422,10.520159721374512,-14.581245422363281,16.5507869720459,-12.337285041809082,3.6909735202789307,-12.654891014099121,2.955455780029297,-12.512314796447754,0.3208995759487152,0.44583210349082947,0.44287046790122986,0.5140584707260132,0.2752312123775482,0.22428514063358307,0.2787034213542938,0.3266932964324951,0.4365861713886261,0.3261934518814087,0.3065556585788727,0.2359517365694046,1675.4999364261096,0.0872942567240712,rock
-140.4444122314453,149.3003387451172,-10.05985164642334,38.7481803894043,1.5280160903930664,20.129011154174805,-11.331474304199219,16.294490814208984,-13.257333755493164,10.190116882324219,-9.253554344177246,4.700298309326172,-8.369612693786621,0.40876471996307373,0.34233108162879944,0.36776864528656006,0.29006463289260864,0.5176886320114136,0.5218037366867065,0.33352014422416687,0.31769007444381714,0.35596632957458496,0.3662412464618683,0.20831941068172455,0.28090718388557434,1282.2760121933156,0.04718867913119195,rock
-14.93718147277832,138.4250946044922,-41.89853286743164,22.075092315673828,-18.672731399536133,31.993650436401367,-20.37347984313965,15.69235897064209,-17.352710723876953,14.868898391723633,-8.898109436035156,12.249725341796875,-5.823009967803955,0.36043304204940796,0.4776707589626312,0.4032551348209381,0.3691568672657013,0.3348730802536011,0.2925356328487396,0.37757501006126404,0.5205045938491821,0.4760248064994812,0.5341759324073792,0.39381927251815796,0.3659309446811676,1717.3419433944864,0.0849809676131966,rock
-178.59237670898438,153.98980712890625,-4.94950008392334,21.926918029785156,-2.061847686767578,23.677854537963867,-1.291935920715332,11.55847454071045,-6.040379047393799,4.9552412033081055,-2.951673746109009,5.406179904937744,-4.1217041015625,0.5447259545326233,0.3128716051578522,0.3147989809513092,0.22596098482608795,0.3789820373058319,0.5478610992431641,0.6072820425033569,0.5363850593566895,0.2980107367038727,0.2862012982368469,0.1453179121017456,0.31569045782089233,1181.5495135430565,0.04254093701625387,rock
-108.9864273071289,114.9559097290039,-5.198552131652832,46.206581115722656,-9.133127212524414,20.515317916870117,-17.025161743164062,24.2147216796875,-8.057453155517578,13.438204765319824,-18.381256103515625,8.588360786437988,-11.405960083007812,0.343594491481781,0.4125133752822876,0.4565774202346802,0.29676157236099243,0.31071051955223083,0.26441827416419983,0.38540118932724,0.46517273783683777,0.4615875482559204,0.547457754611969,0.42334815859794617,0.41094180941581726,1857.8624034566847,0.07170251427051083,rock
-169.74000549316406,119.11503601074219,7.171098709106445,53.4308967590332,4.141932010650635,23.13068962097168,-5.7138543128967285,24.995336532592773,-9.326623916625977,13.470993041992188,-14.286961555480957,5.954391002655029,-13.598769187927246,0.3781904876232147,0.28492143750190735,0.2689621150493622,0.34165480732917786,0.2304631471633911,0.24545598030090332,0.2403232604265213,0.4139966368675232,0.6575379371643066,0.41895154118537903,0.34792032837867737,0.29030805826187134,1536.9871799571386,0.05433413856907895,rock
-204.65545654296875,107.00343322753906,-10.197386741638184,45.55988693237305,3.0363900661468506,24.00913429260254,-7.501374244689941,20.058528900146484,-5.170926570892334,8.742727279663086,-10.101094245910645,4.365466594696045,-6.959644317626953,0.34187987446784973,0.41789230704307556,0.34916621446609497,0.2931874990463257,0.30544981360435486,0.2799746096134186,0.3041607737541199,0.27389058470726013,0.3687722980976105,0.416905015707016,0.3612558841705322,0.3542579114437103,1863.089813447186,0.06819006385448917,rock
-211.2082977294922,95.76803588867188,40.58082962036133,68.30281066894531,5.315100193023682,30.97361183166504,-5.270473003387451,22.828838348388672,-1.6150612831115723,17.489036560058594,-11.487265586853027,8.734695434570312,-10.456018447875977,0.37798169255256653,0.37123990058898926,0.5630760788917542,0.5793905854225159,0.4669555425643921,0.5063026547431946,0.36757755279541016,0.362134724855423,0.32834911346435547,0.42387187480926514,0.5373134613037109,0.40097782015800476,1596.5231665437618,0.046099872411958204,rock
-256.5845031738281,103.17071533203125,-8.463652610778809,48.5931510925293,-4.183111667633057,17.341554641723633,-6.668195724487305,17.03863525390625,-4.599119663238525,5.321588039398193,-10.013155937194824,8.242727279663086,-6.199188709259033,0.37801483273506165,0.29166874289512634,0.3035011291503906,0.31339359283447266,0.3485918641090393,0.35688599944114685,0.49946877360343933,0.47686266899108887,0.38384151458740234,0.3095833957195282,0.3984125554561615,0.506072998046875,1935.4498295716771,0.08359435468266253,rock
-174.94175720214844,90.89378356933594,-18.696542739868164,41.621612548828125,-8.882181167602539,9.097590446472168,-12.460493087768555,13.123887062072754,-9.697834014892578,4.337836742401123,-13.489968299865723,6.743155002593994,-10.383935928344727,0.37177082896232605,0.37833210825920105,0.6903762817382812,0.33705705404281616,0.24340307712554932,0.24768872559070587,0.2107551246881485,0.31393951177597046,0.2894878685474396,0.34814321994781494,0.3673408329486847,0.32631221413612366,2336.111675735068,0.11420150142705109,rock
-15.687385559082031,100.0982666015625,-37.590457916259766,45.97100067138672,-20.77373695373535,25.637006759643555,-18.643869400024414,26.51662254333496,-20.163169860839844,21.129619598388672,-13.649134635925293,10.978789329528809,-15.535990715026855,0.37501785159111023,0.3798377811908722,0.46053874492645264,0.41229721903800964,0.478980153799057,0.5261070132255554,0.452143132686615,0.5776039361953735,0.5506647825241089,0.5032393336296082,0.44373804330825806,0.37631669640541077,2459.3807747248898,0.1428422957381966,rock
-41.432640075683594,105.41606903076172,-43.95048141479492,54.10911560058594,-18.41774559020996,23.525930404663086,-17.6177921295166,20.664485931396484,-18.46294593811035,17.48168182373047,-15.181072235107422,11.308914184570312,-14.158966064453125,0.27014970779418945,0.4660850167274475,0.5887539386749268,0.3803754448890686,0.46104493737220764,0.3602299988269806,0.4271811246871948,0.42260944843292236,0.42682191729545593,0.557805597782135,0.32532528042793274,0.3401638865470886,2311.9417457073478,0.14058758526025542,rock
-67.55525970458984,109.12109375,-32.731327056884766,45.65721893310547,-11.699701309204102,27.49436378479004,-16.34174156188965,22.087678909301758,-15.454766273498535,19.40410614013672,-11.621109962463379,11.591024398803711,-10.52107048034668,0.4345017671585083,0.424263060092926,0.4327327013015747,0.46114492416381836,0.5621179342269897,0.5100036859512329,0.5341173410415649,0.5604581236839294,0.4996044933795929,0.43722108006477356,0.4402541518211365,0.4664270281791687,2209.573799429134,0.11580542218943499,rock
-84.2173080444336,102.3507308959961,-41.34684371948242,47.03287887573242,-16.961946487426758,26.2421817779541,-18.962617874145508,18.80251693725586,-21.69579315185547,11.055486679077148,-19.242597579956055,5.2391276359558105,-16.765684127807617,0.3430258333683014,0.3712442219257355,0.3513875901699066,0.4319881796836853,0.5659595131874084,0.48306187987327576,0.45348361134529114,0.4191831350326538,0.5912014842033386,0.3747522830963135,0.3506423532962799,0.4948945939540863,2321.139396040278,0.12819952713815788,rock
-56.943450927734375,115.21052551269531,-30.444604873657227,37.20380783081055,-21.99480438232422,21.870763778686523,-19.770648956298828,14.999987602233887,-24.074703216552734,17.787261962890625,-17.278642654418945,6.752427577972412,-10.744572639465332,0.30336397886276245,0.3167511820793152,0.5132278800010681,0.707420825958252,0.3882827162742615,0.34196123480796814,0.3345622718334198,0.3767314851284027,0.36351120471954346,0.35549506545066833,0.4880790114402771,0.28867167234420776,2188.2645254060567,0.11758961397058823,rock
-55.33060836791992,114.44246673583984,-34.06888961791992,37.984397888183594,-22.331317901611328,18.52655601501465,-18.157928466796875,13.806142807006836,-27.80347442626953,18.16130828857422,-14.623385429382324,6.555210590362549,-8.26966667175293,0.3043311834335327,0.4318467974662781,0.3516536355018616,0.4240802526473999,0.40294304490089417,0.5365520119667053,0.48439693450927734,0.36903926730155945,0.5250819325447083,0.35448116064071655,0.2834916114807129,0.2466229349374771,2157.8298998957625,0.12160357306985294,rock
-34.62348175048828,106.51091003417969,-41.074825286865234,33.66883850097656,-27.23453140258789,21.397689819335938,-21.319238662719727,14.007781982421875,-27.776123046875,16.067190170288086,-18.824478149414062,5.654366493225098,-14.290796279907227,0.271344393491745,0.2990436255931854,0.4118576645851135,0.6115843653678894,0.4278053343296051,0.3554677963256836,0.4211024343967438,0.4756377637386322,0.38529130816459656,0.3826206922531128,0.6010224223136902,0.3481481075286865,2342.3353774211027,0.13848895849458204,rock
-88.29214477539062,105.3929443359375,-24.510700225830078,41.84850311279297,-22.376440048217773,23.734203338623047,-19.802425384521484,15.150588989257812,-27.119735717773438,13.858992576599121,-15.214505195617676,8.941473960876465,-12.804369926452637,0.20131446421146393,0.1613626480102539,0.3264275789260864,0.3944483995437622,0.23094026744365692,0.4077589213848114,0.3000060021877289,0.3729515075683594,0.28055962920188904,0.24626588821411133,0.38261374831199646,0.2268354594707489,2295.565769219044,0.11561872641737617,rock
-52.4997444152832,99.70246124267578,-47.39474868774414,47.02238464355469,-21.03191566467285,22.88638687133789,-18.29364585876465,13.892620086669922,-23.449203491210938,13.50993824005127,-18.66952896118164,5.705556392669678,-12.896329879760742,0.32637572288513184,0.35440152883529663,0.5402936339378357,0.3419961929321289,0.3809231221675873,0.3765632212162018,0.5847079157829285,0.40148013830184937,0.3567408621311188,0.4950527846813202,0.33336013555526733,0.3696782886981964,2320.5556900857273,0.1434492459607198,rock
-47.05117416381836,95.76596069335938,-43.92543411254883,52.07753372192383,-22.552745819091797,20.855411529541016,-18.68784523010254,19.24420738220215,-21.26524543762207,21.887392044067383,-19.218746185302734,9.456287384033203,-12.582292556762695,0.354024738073349,0.290355920791626,0.31691622734069824,0.3838551938533783,0.44919413328170776,0.3731195330619812,0.3605552315711975,0.4542836844921112,0.4977954626083374,0.574660062789917,0.4909641146659851,0.4355064928531647,2510.3556189283613,0.15789020172213622,rock
-58.966331481933594,106.56531524658203,-31.7941837310791,47.91972732543945,-17.430267333984375,27.756452560424805,-14.035484313964844,22.419857025146484,-20.562475204467773,19.568918228149414,-14.586194038391113,10.188966751098633,-10.941551208496094,0.4504964351654053,0.33716851472854614,0.5083204507827759,0.2644282281398773,0.3095910847187042,0.4997200071811676,0.40608927607536316,0.49733656644821167,0.3300863206386566,0.39048755168914795,0.2999882996082306,0.3037656545639038,2263.522165083779,0.1229387879740712,rock
-123.3453369140625,74.88168334960938,-17.058034896850586,31.6099853515625,2.5446815490722656,17.328310012817383,-3.815232515335083,9.723453521728516,-7.237524032592773,11.25865650177002,0.3819888234138489,3.4685218334198,1.6636860370635986,0.318748414516449,0.35172146558761597,0.35739389061927795,0.44252991676330566,0.38809165358543396,0.532345175743103,0.47069454193115234,0.37323060631752014,0.42527884244918823,0.4046817123889923,0.44684550166130066,0.31869012117385864,2669.3593345236,0.13342209570917182,rock
-92.62162780761719,101.81189727783203,-33.4673957824707,48.70225143432617,12.402112007141113,20.806869506835938,8.704763412475586,9.274925231933594,2.767545700073242,5.239055156707764,-9.331888198852539,-3.4845621585845947,-4.351447105407715,0.40686672925949097,0.39283645153045654,0.38605746626853943,0.4075002670288086,0.3505007028579712,0.4760535657405853,0.3409876227378845,0.3752099275588989,0.49480700492858887,0.5509887933731079,0.658734917640686,0.4723640978336334,2047.1451067117212,0.101985399937113,rock
-42.4476203918457,85.06940460205078,-7.393642902374268,40.71378707885742,-1.0123374462127686,18.935546875,-3.5306551456451416,5.873620510101318,-5.017306804656982,4.243310451507568,-3.1803700923919678,-0.5721075534820557,-0.5273755788803101,0.5637409090995789,0.504362165927887,0.5165684223175049,0.35908031463623047,0.34413835406303406,0.3663548529148102,0.40779486298561096,0.47483131289482117,0.3480243384838104,0.38592949509620667,0.3457157611846924,0.40667223930358887,2444.584086039301,0.11148874383223684,rock
-131.44668579101562,67.7161636352539,32.89906311035156,34.58985900878906,-3.2580535411834717,21.883930206298828,-5.811072826385498,10.24113941192627,-7.056926250457764,2.2975733280181885,-4.3679585456848145,-3.33029842376709,-6.280026435852051,0.27192988991737366,0.34288743138313293,0.5329797267913818,0.47947895526885986,0.5178716778755188,0.4412769079208374,0.3314369022846222,0.264569491147995,0.3683526813983917,0.4143606722354889,0.338755339384079,0.38016051054000854,2945.1945450846843,0.11496000024187307,rock
-89.13876342773438,81.39791107177734,-12.569811820983887,22.79275131225586,-7.059605121612549,-0.4924919307231903,2.7757720947265625,-3.429509401321411,-7.712828636169434,-0.8480600714683533,-4.887397289276123,-2.6848654747009277,-5.287197113037109,0.3280930519104004,0.3173721730709076,0.5181567072868347,0.2925289571285248,0.32835954427719116,0.3577784597873688,0.4459720849990845,0.5425021648406982,0.2794012427330017,0.31002277135849,0.3371366262435913,0.3730950951576233,2638.867641788369,0.13247236600232198,rock
-26.406457901000977,85.7942886352539,-16.961444854736328,35.26088333129883,10.000133514404297,10.66892147064209,1.4469969272613525,4.710634231567383,-0.04728309065103531,2.0705881118774414,0.4205467402935028,5.425936222076416,-0.953118085861206,0.43060970306396484,0.3463960587978363,0.44818243384361267,0.33340173959732056,0.41670510172843933,0.3684156537055969,0.3670395612716675,0.3646494746208191,0.34013500809669495,0.4698812663555145,0.3244755268096924,0.3918420970439911,2345.8857364588525,0.1154928768382353,rock
-119.11726379394531,128.92799377441406,-17.85623550415039,29.175466537475586,2.7212584018707275,8.00131893157959,-7.05839204788208,3.877889633178711,-1.5081709623336792,-3.983858823776245,-7.040400981903076,-2.8670530319213867,-4.177796363830566,0.3723923861980438,0.606053352355957,0.34555256366729736,0.23532818257808685,0.2497366964817047,0.19768983125686646,0.2348640412092209,0.2149033397436142,0.3958863914012909,0.3999893069267273,0.2616327106952667,0.36821579933166504,1673.575889634683,0.07488654641544118,rock
-28.08936882019043,65.62969207763672,-7.35322904586792,33.59356689453125,11.073498725891113,14.760503768920898,2.1976208686828613,10.0637788772583,-0.329383909702301,10.136312484741211,-2.74882173538208,3.191470146179199,-1.683266282081604,0.5104292035102844,0.3510914146900177,0.31441423296928406,0.3058170676231384,0.4473798871040344,0.5642359256744385,0.4735877513885498,0.4504987895488739,0.4407629668712616,0.49822431802749634,0.3285388648509979,0.36564722657203674,2789.7940380072873,0.13500787599167957,rock
-124.00576782226562,109.50320434570312,5.883205413818359,32.8846549987793,10.982733726501465,11.693243026733398,12.6799955368042,12.969646453857422,1.6491059064865112,4.502442359924316,9.673786163330078,3.0551998615264893,3.530792713165283,0.46985769271850586,0.43277326226234436,0.45421725511550903,0.42379042506217957,0.5113279223442078,0.39766925573349,0.3519328236579895,0.28515729308128357,0.40643543004989624,0.5120176672935486,0.551781415939331,0.6898466944694519,1867.3888525990114,0.05698831753095975,rock
-0.45102089643478394,72.646728515625,-13.21434211730957,23.93039894104004,10.373188972473145,10.316969871520996,-4.924215793609619,14.358380317687988,-0.6711963415145874,9.922937393188477,0.7018816471099854,5.224045276641846,-4.066709995269775,0.4392227828502655,0.36755165457725525,0.4796190857887268,0.3761228024959564,0.4704066812992096,0.5320163369178772,0.38834112882614136,0.46393856406211853,0.4424363970756531,0.5049328804016113,0.31915903091430664,0.35698816180229187,2841.8971917238737,0.14617523098877708,rock
-71.16523742675781,79.44672393798828,-20.793611526489258,30.656105041503906,5.538387298583984,3.697484016418457,4.694746971130371,7.2714033126831055,-5.486176490783691,2.490971803665161,0.8379978537559509,-0.5833190083503723,-1.8935434818267822,0.5384738445281982,0.37784790992736816,0.4194887578487396,0.398686945438385,0.5362976789474487,0.5025846362113953,0.47094079852104187,0.5823389887809753,0.3983941376209259,0.36292359232902527,0.3946123421192169,0.43923288583755493,2627.053081238353,0.14631922104779413,rock
-15.928070068359375,67.15309143066406,-20.12190055847168,15.576830863952637,4.801263332366943,10.825858116149902,5.959400177001953,11.796420097351074,-0.39681529998779297,5.655035495758057,0.11372397094964981,1.097923994064331,-1.7415591478347778,0.4175938069820404,0.45080944895744324,0.34054532647132874,0.31278887391090393,0.2964822053909302,0.3811033368110657,0.49708664417266846,0.39840230345726013,0.4670009911060333,0.4283679127693176,0.47014251351356506,0.4774123728275299,2794.963091628599,0.14055017052051083,rock
-50.866233825683594,86.3950424194336,-14.416372299194336,12.843613624572754,21.69902992248535,4.238609790802002,1.738162636756897,3.706432580947876,4.691946506500244,-1.863010048866272,-1.1926677227020264,-0.010121466591954231,-4.118913650512695,0.39413753151893616,0.3500882685184479,0.45510491728782654,0.3647708594799042,0.5650880336761475,0.35070064663887024,0.432422399520874,0.3444264233112335,0.4171503484249115,0.6944125890731812,0.44611284136772156,0.49792948365211487,2559.2817874298944,0.12278761730843653,rock
-65.98846435546875,61.27696990966797,-1.9339221715927124,35.32307434082031,9.320188522338867,7.569520473480225,3.415292978286743,2.978025197982788,4.615322589874268,2.9165234565734863,1.7740639448165894,-0.39260396361351013,-5.753547191619873,0.39024633169174194,0.4470079839229584,0.5124948024749756,0.5133935213088989,0.4584040641784668,0.3702154755592346,0.35913804173469543,0.4195840060710907,0.4074733853340149,0.3855951428413391,0.3432604670524597,0.386251837015152,3009.9775310236832,0.14474440063854488,rock
-35.399131774902344,73.67545318603516,-20.210777282714844,17.16295623779297,14.951290130615234,10.214681625366211,7.604469299316406,1.5989147424697876,4.177347183227539,0.7355448603630066,-0.3854457437992096,-1.313180685043335,-2.049189567565918,0.5825343132019043,0.3452700972557068,0.3018414080142975,0.30954012274742126,0.35092395544052124,0.36565518379211426,0.3807864189147949,0.5291762948036194,0.3091089427471161,0.39793381094932556,0.42170441150665283,0.5321054458618164,2807.30058491141,0.14837174076044893,rock
-74.19892120361328,76.74987030029297,-3.812321186065674,28.032583236694336,8.144328117370605,6.01887321472168,4.306131362915039,0.505243718624115,2.8562192916870117,-0.9419192671775818,-2.350552797317505,-0.282863587141037,-1.4562792778015137,0.46312639117240906,0.3869172930717468,0.42881953716278076,0.4011441171169281,0.4956721365451813,0.4131526052951813,0.4010801911354065,0.44342508912086487,0.44300577044487,0.5469387769699097,0.42912760376930237,0.48019224405288696,2794.3709144990316,0.13764807166698917,rock
-62.0799446105957,75.84868621826172,-26.75746726989746,18.27989387512207,2.4523019790649414,5.82619571685791,11.583855628967285,0.009005851112306118,8.69517993927002,5.51440954208374,-0.251000314950943,2.399003744125366,-1.7422585487365723,0.4710504412651062,0.509318470954895,0.4778035581111908,0.41434159874916077,0.41294780373573303,0.3103385865688324,0.3512398898601532,0.48247477412223816,0.4195151925086975,0.5124562978744507,0.3374251127243042,0.34397590160369873,2740.1544161420566,0.1440289854634288,rock
-118.35712432861328,130.22547912597656,-3.0720033645629883,15.734302520751953,3.9399168491363525,10.663591384887695,6.8349127769470215,3.3929507732391357,0.7619886994361877,-2.5365586280822754,-3.1070427894592285,-2.8583638668060303,-1.622406244277954,0.5332776308059692,0.2444031685590744,0.20941570401191711,0.19077973067760468,0.35344091057777405,0.34746500849723816,0.3010243773460388,0.5034682154655457,0.3016223907470703,0.3484557271003723,0.1478770524263382,0.2555488348007202,1652.179327113778,0.06892966633610681,rock
-172.5916748046875,142.76536560058594,-55.78308868408203,79.31111907958984,-1.8683820962905884,4.8111419677734375,0.23752738535404205,-11.501947402954102,-0.27545619010925293,-9.372540473937988,-7.673828125,-11.25028133392334,-5.676462173461914,0.2660714089870453,0.2501645088195801,0.16539649665355682,0.247439906001091,0.6207771301269531,0.4047049880027771,0.26523062586784363,0.28846341371536255,0.32297173142433167,0.7141336798667908,0.45742669701576233,0.33341312408447266,1561.5465305371351,0.0789651309742647,rock
-83.09334564208984,91.52498626708984,-13.697012901306152,16.139076232910156,10.334052085876465,5.5303425788879395,-9.44882869720459,-6.6147942543029785,-3.031773090362549,4.939131259918213,2.6464743614196777,1.0551013946533203,-3.6679461002349854,0.263582706451416,0.3582333028316498,0.31676551699638367,0.26039576530456543,0.5888849496841431,0.2857482433319092,0.29661843180656433,0.4417625367641449,0.42671462893486023,0.5373969078063965,0.3047899305820465,0.25484994053840637,2428.532242218463,0.11816519627999227,rock
-58.28947830200195,62.49394226074219,-12.66530704498291,31.92991065979004,8.108556747436523,2.252082109451294,3.901430368423462,1.4481050968170166,-2.7169504165649414,1.1021153926849365,-0.4605376124382019,-2.382965564727783,1.2428723573684692,0.4121414124965668,0.4802226722240448,0.4723411202430725,0.36316829919815063,0.40106022357940674,0.41009047627449036,0.5291414260864258,0.5932583212852478,0.5054048895835876,0.516404390335083,0.4586607813835144,0.3946821391582489,2998.5568440596116,0.15630366558630032,rock
-93.35920715332031,137.46543884277344,-45.09274673461914,37.81913375854492,-9.423070907592773,12.591269493103027,-7.494570732116699,5.548374176025391,-3.7386364936828613,-2.0140531063079834,-2.458911895751953,-9.575428009033203,-3.1775431632995605,0.33156147599220276,0.23280951380729675,0.21220219135284424,0.18636499345302582,0.3368176221847534,0.16999363899230957,0.2209276556968689,0.264460951089859,0.3870914578437805,0.6787099242210388,0.4177621603012085,0.4196600317955017,1646.6339142770562,0.0852647905379257,rock
-142.48468017578125,116.1689224243164,2.269467353820801,31.065383911132812,6.192659854888916,0.11036233603954315,0.3172527253627777,7.7940239906311035,3.2462353706359863,-3.0221729278564453,1.7105085849761963,0.7426469922065735,0.14290639758110046,0.30426791310310364,0.5317855477333069,0.221968874335289,0.2581038773059845,0.5202373266220093,0.433476060628891,0.6804550290107727,0.3784324824810028,0.3689948618412018,0.3512265086174011,0.28048086166381836,0.42386606335639954,2077.5446322647385,0.09130519241002322,rock
-145.00860595703125,118.48389434814453,20.532211303710938,28.56977081298828,2.352550506591797,10.085841178894043,11.913154602050781,4.856400489807129,-0.06745915114879608,3.293766975402832,3.4043331146240234,3.653158664703369,5.371288776397705,0.4170418381690979,0.7216698527336121,0.3761596977710724,0.3397258520126343,0.3340219259262085,0.4181554317474365,0.3495013117790222,0.3385075330734253,0.45531201362609863,0.3377349078655243,0.3454696238040924,0.3024064004421234,1720.5912503156892,0.053289549269543345,rock
-66.34944915771484,66.78922271728516,25.184574127197266,26.302906036376953,5.300069808959961,10.46248722076416,2.4782750606536865,0.7563055753707886,-0.37080544233322144,1.7285492420196533,3.213731050491333,5.036754608154297,-1.940718412399292,0.2802903354167938,0.4270450472831726,0.33739182353019714,0.532355785369873,0.3297165334224701,0.3088653087615967,0.3259817361831665,0.39744481444358826,0.6419520378112793,0.37248921394348145,0.2579137086868286,0.21388329565525055,3030.4355509553056,0.12080841536861456,rock
-181.2550811767578,103.40521240234375,9.393451690673828,19.076099395751953,13.793488502502441,-0.4987662732601166,4.365122318267822,-7.60660457611084,-8.104534149169922,-0.1455000638961792,-5.163271903991699,-6.306929588317871,-5.4644317626953125,0.2185976207256317,0.19311103224754333,0.2835478186607361,0.4127536118030548,0.22873957455158234,0.25850483775138855,0.37188076972961426,0.43080762028694153,0.5829676985740662,0.40107613801956177,0.3416332006454468,0.3647936284542084,2187.2085144317775,0.08860566224845201,rock
4.066039085388184,52.615936279296875,-11.040759086608887,19.7084903717041,11.29083251953125,7.062537670135498,5.064019203186035,4.561151027679443,0.028141139075160027,5.148392677307129,3.39976167678833,1.1702251434326172,0.5825346112251282,0.7868888974189758,0.42137107253074646,0.33246132731437683,0.28560230135917664,0.3797677159309387,0.41571253538131714,0.34589245915412903,0.4563615620136261,0.29676347970962524,0.3598722219467163,0.39288458228111267,0.4361371397972107,3361.7673453402167,0.18757331777283281,rock
-156.23690795898438,75.61201477050781,-16.506853103637695,16.34114646911621,5.8195719718933105,6.018424034118652,-4.133172512054443,-3.7573888301849365,-6.168892860412598,-8.928879737854004,-4.102284908294678,-2.2225193977355957,-4.650421619415283,0.4882420301437378,0.2697414755821228,0.3218526542186737,0.3490833342075348,0.2685244679450989,0.2609822452068329,0.2612728774547577,0.6255216598510742,0.26060572266578674,0.27396950125694275,0.4244939982891083,0.3554515242576599,2632.7402137243284,0.13243306162925697,rock
-91.8997802734375,130.0064697265625,1.790188193321228,11.658317565917969,3.228639602661133,-1.966854453086853,-2.212193727493286,-0.8591418862342834,-4.337864398956299,-3.5468602180480957,-1.5544235706329346,-0.5467613339424133,0.4062906801700592,0.6360693573951721,0.4350593090057373,0.3285312056541443,0.31292855739593506,0.5388334393501282,0.4928084909915924,0.3458015024662018,0.5243200063705444,0.3866039514541626,0.4909287095069885,0.3170536756515503,0.3704276382923126,1711.1893544921813,0.06657442736551858,rock
-7.851338863372803,59.508636474609375,3.669032573699951,28.985015869140625,4.145484924316406,10.275527954101562,2.544891834259033,7.594005584716797,-1.3849740028381348,2.960132122039795,4.042452335357666,-0.7512194514274597,1.0540920495986938,0.4081641137599945,0.38004159927368164,0.42803654074668884,0.5168927311897278,0.773364245891571,0.5061482191085815,0.4793325960636139,0.43805643916130066,0.4537322223186493,0.4861309826374054,0.4522993862628937,0.5400282144546509,3303.904679679877,0.17756393007449692,rock
-58.60115051269531,64.89225769042969,15.939432144165039,5.449437141418457,7.535342216491699,9.880082130432129,1.5892502069473267,5.345211505889893,-1.2376223802566528,-2.029954433441162,2.443626642227173,-0.7237524390220642,-0.31555259227752686,0.3999660313129425,0.2727224826812744,0.4245148301124573,0.3297969102859497,0.43738335371017456,0.44382891058921814,0.42470216751098633,0.4153623878955841,0.3071868121623993,0.4703580439090729,0.3083031475543976,0.44737938046455383,3488.995725081282,0.1751028716379644,rock
-142.0154266357422,96.99694061279297,23.240543365478516,10.443575859069824,6.282169342041016,4.967879295349121,1.0824390649795532,1.0958389043807983,-4.841728210449219,0.8765875101089478,-3.4558091163635254,-2.0117530822753906,-5.893535137176514,0.38794898986816406,0.2264895886182785,0.3521353602409363,0.2789197862148285,0.2076113373041153,0.27824363112449646,0.3309917151927948,0.5571761727333069,0.2524675726890564,0.195335254073143,0.26765570044517517,0.2777550518512726,2437.580126873773,0.09894309029121517,rock
-219.125244140625,94.35542297363281,42.787418365478516,16.116039276123047,9.527345657348633,12.908823013305664,7.72127628326416,2.3854546546936035,-1.0225296020507812,-1.9537667036056519,-1.979730248451233,3.1503796577453613,-0.8850412368774414,0.3104129731655121,0.30853575468063354,0.5191375613212585,0.31582075357437134,0.3843476474285126,0.2414051741361618,0.3148210048675537,0.36375734210014343,0.27036574482917786,0.3230273723602295,0.2666431963443756,0.456104040145874,2424.966690601346,0.0865675037490325,rock
-82.66664123535156,83.48526000976562,-0.5739465355873108,10.484199523925781,10.418731689453125,7.0719404220581055,5.080420017242432,0.0834524929523468,-0.20796477794647217,-0.9347753524780273,-0.09718938916921616,-1.6991580724716187,-1.0245147943496704,0.40800055861473083,0.294407457113266,0.4279933571815491,0.37556400895118713,0.5989767909049988,0.38383087515830994,0.3265708386898041,0.4396095871925354,0.3573733866214752,0.5467727184295654,0.3132629990577698,0.3934614956378937,2797.3841277516685,0.13467605638061145,rock
-193.56298828125,98.39903259277344,44.0577278137207,23.779394149780273,12.564505577087402,8.460668563842773,2.1713907718658447,-0.34650662541389465,-8.192858695983887,-9.118400573730469,-5.235873222351074,-4.838527202606201,-1.3708207607269287,0.21089807152748108,0.17281284928321838,0.2950103282928467,0.2831808626651764,0.5218197107315063,0.292048841714859,0.2679177224636078,0.2750875651836395,0.269813597202301,0.5310327410697937,0.22502759099006653,0.2525292634963989,2072.9854708489925,0.06909104102167182,rock
-212.29835510253906,65.75984954833984,45.1823616027832,19.73008155822754,11.80588436126709,8.06157398223877,4.434144973754883,4.215857982635498,-2.318168878555298,-2.189948081970215,-1.6369863748550415,-4.651898384094238,-3.726616859436035,0.2898940145969391,0.39483481645584106,0.31175753474235535,0.34848055243492126,0.32195037603378296,0.292072057723999,0.2952509820461273,0.3152714669704437,0.40645673871040344,0.27608412504196167,0.2844938039779663,0.3001715838909149,2947.109224451956,0.10857001620549536,rock
-302.7938232421875,116.16437530517578,44.75728988647461,25.957435607910156,18.726181030273438,7.572909832000732,7.33574914932251,4.042331218719482,-4.186881065368652,0.8677524924278259,0.9239050149917603,2.8157293796539307,1.4195157289505005,0.4629462659358978,0.3568277955055237,0.3942190706729889,0.33593088388442993,0.32657796144485474,0.2936863303184509,0.2805521488189697,0.4223926067352295,0.3373672366142273,0.1984734982252121,0.22800864279270172,0.31855109333992004,1711.662555940787,0.0558345074255031,rock
-118.81869506835938,104.41145324707031,-29.167768478393555,42.10883712768555,-13.289315223693848,29.063268661499023,-20.876985549926758,21.613054275512695,-24.322349548339844,10.711962699890137,-15.105816841125488,5.9485650062561035,-11.778100967407227,0.3839550018310547,0.334790974855423,0.4506455063819885,0.35158583521842957,0.34801968932151794,0.39718425273895264,0.3833526372909546,0.4723474383354187,0.3420872390270233,0.37299615144729614,0.3397029638290405,0.3153824806213379,2181.717912335607,0.10637615192047213,rock
-95.29631042480469,103.81673431396484,-37.021419525146484,52.69776916503906,-20.76406478881836,27.576885223388672,-17.5366268157959,24.813133239746094,-11.30056095123291,16.64461898803711,-9.249601364135742,10.18789291381836,-8.786783218383789,0.44059351086616516,0.41216567158699036,0.33255165815353394,0.3921735882759094,0.35681307315826416,0.47089114785194397,0.33452895283699036,0.3663201332092285,0.4129416048526764,0.4310821294784546,0.44463321566581726,0.347848504781723,2294.29156586485,0.12912129027186534,rock
-245.18563842773438,95.09854125976562,-21.243844985961914,45.65591812133789,-3.5624685287475586,14.98202896118164,-20.670310974121094,19.526782989501953,-21.713743209838867,7.3274712562561035,-9.289677619934082,0.8187548518180847,-13.016045570373535,0.31971633434295654,0.3091307282447815,0.43665027618408203,0.33092302083969116,0.34853947162628174,0.3071427345275879,0.34606245160102844,0.42684346437454224,0.3654896914958954,0.46317294239997864,0.3155030906200409,0.35195204615592957,2209.342049406717,0.10714712231520898,rock
-123.72794342041016,94.75421905517578,-9.56672191619873,53.2689094543457,-13.7581148147583,17.72808265686035,-19.212339401245117,25.298622131347656,-18.704410552978516,15.385912895202637,-12.513976097106934,9.367707252502441,-11.601577758789062,0.320687860250473,0.39530321955680847,0.40761029720306396,0.29601597785949707,0.3181520700454712,0.3376688063144684,0.5187559127807617,0.4103863537311554,0.41853615641593933,0.4857880771160126,0.3857514560222626,0.4202292859554291,2414.00286655524,0.11991915392801858,rock
-121.09557342529297,91.74797058105469,-14.709611892700195,52.973697662353516,-11.412967681884766,31.00334358215332,-17.49176788330078,24.202194213867188,-24.778627395629883,17.113521575927734,-15.886059761047363,10.376738548278809,-8.625384330749512,0.3391262888908386,0.2888203561306,0.31820106506347656,0.38061290979385376,0.6024845838546753,0.4583044946193695,0.3793414235115051,0.3567889332771301,0.398095041513443,0.5071055889129639,0.36162492632865906,0.4348751902580261,2467.0646621546953,0.11828008598587461,rock
-203.31390380859375,85.3817138671875,-11.569647789001465,54.77840042114258,-11.609861373901367,20.57291603088379,-27.770662307739258,18.87808609008789,-31.656442642211914,10.70988941192627,-11.932769775390625,4.121627330780029,-4.0036139488220215,0.21877345442771912,0.2089579701423645,0.21237756311893463,0.19988968968391418,0.38335418701171875,0.23846842348575592,0.2661985456943512,0.3734786808490753,0.38223057985305786,0.5763266086578369,0.3328971564769745,0.3443349599838257,2569.1052765811332,0.13768964360003869,rock
-202.2282257080078,75.21359252929688,-14.220876693725586,66.3117904663086,-8.28917407989502,24.374107360839844,-16.250934600830078,17.125219345092773,-21.2917537689209,3.9677858352661133,-19.749534606933594,0.4896693229675293,-4.503657341003418,0.2980141341686249,0.33777177333831787,0.3739974796772003,0.2970494031906128,0.38263341784477234,0.24051456153392792,0.3006943166255951,0.34210291504859924,0.4312593936920166,0.5821917057037354,0.38504135608673096,0.44464361667633057,2512.1443220871984,0.13914088199013158,rock
-79.84978485107422,109.94087219238281,-17.126644134521484,47.195335388183594,-11.945710182189941,33.33559799194336,-11.699732780456543,23.630064010620117,-13.667415618896484,18.453720092773438,-6.937197685241699,13.033838272094727,-11.58344841003418,0.42562517523765564,0.44742345809936523,0.6443229913711548,0.47449156641960144,0.49282601475715637,0.4911070466041565,0.4596177339553833,0.5053470730781555,0.42927300930023193,0.4466268718242645,0.30929648876190186,0.3271794021129608,2024.9672114930113,0.09080821884674922,rock
-95.32930755615234,112.44343566894531,-2.0780863761901855,47.04460525512695,-10.373583793640137,29.782087326049805,-15.11297607421875,20.185731887817383,-12.67420482635498,16.488859176635742,-7.857435703277588,11.875227928161621,-11.181129455566406,0.3414205014705658,0.3018082082271576,0.4412471055984497,0.34694600105285645,0.3716653287410736,0.3201145529747009,0.47359880805015564,0.48444586992263794,0.3721342384815216,0.5203414559364319,0.43266579508781433,0.4340323209762573,1933.566634741674,0.08172853074206657,rock
-61.65255355834961,103.55276489257812,-16.907657623291016,49.269325256347656,-14.810510635375977,31.711088180541992,-17.215972900390625,24.628934860229492,-14.482388496398926,18.02622413635254,-11.670495986938477,11.484824180603027,-9.816041946411133,0.4450376629829407,0.3644627332687378,0.6024389863014221,0.39324888586997986,0.4569874703884125,0.49974438548088074,0.44484272599220276,0.6414501070976257,0.42187631130218506,0.4071212708950043,0.406232625246048,0.42035937309265137,2224.311094028381,0.11005866933533281,rock
-83.33729553222656,103.88043975830078,-13.938496589660645,56.89741134643555,-14.43038272857666,32.189998626708984,-14.128750801086426,19.15924644470215,-9.344779014587402,13.159194946289062,-11.727716445922852,8.406355857849121,-9.399951934814453,0.3047143816947937,0.22778521478176117,0.3556419610977173,0.34231674671173096,0.4535422921180725,0.28544673323631287,0.32818618416786194,0.5742368698120117,0.5051422715187073,0.5809928178787231,0.3850104808807373,0.3898256719112396,2140.7591092398616,0.09116309198432662,rock
-113.69888305664062,94.93524169921875,-4.118005275726318,51.78670883178711,-13.77385425567627,34.33351516723633,-17.59379005432129,22.54424476623535,-12.406814575195312,17.20265769958496,-9.234708786010742,9.976574897766113,-13.472090721130371,0.35904574394226074,0.351085901260376,0.3651636242866516,0.3916260898113251,0.47922608256340027,0.3870648741722107,0.35297513008117676,0.4312083125114441,0.45055678486824036,0.5270242691040039,0.41521984338760376,0.39217373728752136,2301.691479215312,0.11154543283184984,rock
-132.3564453125,124.6559829711914,-9.664942741394043,46.451988220214844,-6.28532600402832,30.546499252319336,-11.1397705078125,20.411029815673828,-11.21324348449707,9.37702465057373,-5.824519634246826,7.82903528213501,-8.72843074798584,0.3765715956687927,0.35923585295677185,0.3050837516784668,0.2891120910644531,0.4124058187007904,0.31459346413612366,0.28966784477233887,0.24204404652118683,0.32703813910484314,0.4812074601650238,0.3721887171268463,0.3784882128238678,1659.8731482944434,0.0712066744872291,rock
-103.93917846679688,101.90093994140625,-10.340606689453125,43.674171447753906,-11.524457931518555,26.93070411682129,-9.990091323852539,25.020719528198242,-14.218496322631836,19.7019100189209,-10.535614013671875,12.671650886535645,-12.685294151306152,0.38839760422706604,0.42649516463279724,0.3877065181732178,0.5441388487815857,0.47885194420814514,0.4871257245540619,0.5555984973907471,0.4704526662826538,0.5307360887527466,0.349089652299881,0.4538003206253052,0.39250364899635315,2188.176213337053,0.10627675720781733,rock
-130.98988342285156,111.0154800415039,-2.153920888900757,41.78767013549805,-3.1985132694244385,34.658477783203125,-17.611370086669922,19.876789093017578,-9.144963264465332,14.890434265136719,-6.844168663024902,9.199766159057617,-6.975000858306885,0.46494022011756897,0.39546123147010803,0.4529908299446106,0.34812459349632263,0.29393628239631653,0.26586681604385376,0.3000442385673523,0.4226185381412506,0.33092254400253296,0.3963968753814697,0.29666537046432495,0.3278181850910187,1878.0900592313533,0.07173048084365326,rock
-91.38539123535156,112.11522674560547,-27.342018127441406,47.98101806640625,-19.606639862060547,27.728473663330078,-18.553401947021484,17.439449310302734,-13.1617431640625,14.429666519165039,-15.21798038482666,11.52908992767334,-12.585803031921387,0.2658732235431671,0.34136319160461426,0.4752615690231323,0.28594064712524414,0.36229848861694336,0.3205955922603607,0.5348708033561707,0.551846981048584,0.2966984510421753,0.2956572473049164,0.2553159296512604,0.3350614309310913,2148.4701088464726,0.1091164981617647,rock
-88.00072479248047,93.53732299804688,-23.228851318359375,48.1299934387207,-21.44626808166504,27.758792877197266,-20.340560913085938,18.754474639892578,-15.226568222045898,16.13050651550293,-21.412471771240234,10.874083518981934,-12.021344184875488,0.34705257415771484,0.29059627652168274,0.36281371116638184,0.44458267092704773,0.29735067486763,0.40667426586151123,0.2755817770957947,0.41408970952033997,0.34451502561569214,0.309308797121048,0.5575766563415527,0.3736388683319092,2606.2565496233246,0.1496808787248452,rock
-121.43798065185547,89.51823425292969,-33.493106842041016,41.97275161743164,-25.92999839782715,23.025859832763672,-20.269113540649414,14.35069751739502,-16.349435806274414,17.03437042236328,-16.95542335510254,9.146751403808594,-10.111248016357422,0.333352655172348,0.2602574825286865,0.39320334792137146,0.5058608055114746,0.30751433968544006,0.3746076226234436,0.31197524070739746,0.36620059609413147,0.3235999643802643,0.3277513384819031,0.2917586863040924,0.23326648771762848,2553.8992233935824,0.13617340182372292,rock
-95.47613525390625,78.3237533569336,-26.22216033935547,44.23744583129883,-22.463899612426758,29.737852096557617,-21.56705093383789,23.95587921142578,-16.57855796813965,20.470060348510742,-19.642690658569336,13.886457443237305,-12.624654769897461,0.47177422046661377,0.31879186630249023,0.340223103761673,0.2837434709072113,0.4013640582561493,0.37072280049324036,0.3276316225528717,0.4344584345817566,0.354259192943573,0.4790136516094208,0.35847124457359314,0.44894707202911377,2976.0030874979825,0.1837358504256966,rock
-119.17545318603516,107.44642639160156,-10.972755432128906,58.55445098876953,-12.931377410888672,26.83179473876953,-17.6407413482666,19.37105369567871,-15.608501434326172,13.566648483276367,-16.671030044555664,11.872086524963379,-12.187864303588867,0.2959604859352112,0.36514928936958313,0.4144168198108673,0.2646840214729309,0.420438677072525,0.29939794540405273,0.39121246337890625,0.3372287452220917,0.35717496275901794,0.5175743699073792,0.3876655399799347,0.4946129322052002,2115.9838949624827,0.09280102614647832,rock
-94.30160522460938,91.88177490234375,-17.58851432800293,45.52394104003906,-15.698275566101074,32.63909149169922,-18.020702362060547,21.573335647583008,-15.734346389770508,16.795480728149414,-18.303876876831055,13.33747386932373,-15.461037635803223,0.3303440511226654,0.2975618243217468,0.4387965202331543,0.2583963871002197,0.3632471561431885,0.2650463879108429,0.3653703033924103,0.5250170230865479,0.3197671175003052,0.39815467596054077,0.3234153985977173,0.39615899324417114,2581.8092292667184,0.13921608939628483,rock
-185.45333862304688,98.93243408203125,-36.44243240356445,44.426692962646484,-17.757999420166016,21.304088592529297,-20.296018600463867,13.779586791992188,-15.489944458007812,11.040962219238281,-16.79224967956543,2.326029062271118,-12.639384269714355,0.4496546983718872,0.27914658188819885,0.35456234216690063,0.24347661435604095,0.30266836285591125,0.4682452380657196,0.2715435326099396,0.3040469288825989,0.24698606133460999,0.32357633113861084,0.3115882873535156,0.3072158098220825,2256.0047067984315,0.12098982016737617,rock
-160.12103271484375,88.73147583007812,-35.49324417114258,47.491817474365234,-12.622673034667969,17.308822631835938,-19.139455795288086,14.591328620910645,-20.38043975830078,11.096237182617188,-11.145569801330566,7.704707622528076,-9.865750312805176,0.2926119863986969,0.3871813714504242,0.46237844228744507,0.38842782378196716,0.48922932147979736,0.3676753044128418,0.38984444737434387,0.2983938753604889,0.3512097895145416,0.511259138584137,0.3770922124385834,0.37637054920196533,2521.464032225308,0.14632451202109134,rock
-42.66564178466797,102.98204040527344,-36.866947174072266,44.534725189208984,-11.986276626586914,25.571468353271484,-22.683826446533203,28.34067726135254,-19.27325439453125,21.487628936767578,-15.257318496704102,11.752054214477539,-11.576942443847656,0.32954469323158264,0.35068607330322266,0.5676523447036743,0.39242205023765564,0.4993945062160492,0.2829354405403137,0.3520469665527344,0.6001819968223572,0.3610638976097107,0.3013886511325836,0.2455814629793167,0.4347507357597351,2334.758795031705,0.12858085514222137,rock
-118.01446533203125,84.0493392944336,-50.279659271240234,46.06394958496094,-17.69577407836914,20.860382080078125,-21.651596069335938,16.67853546142578,-12.957173347473145,12.828729629516602,-13.105274200439453,11.298574447631836,-12.60710334777832,0.4418608546257019,0.4186309576034546,0.5348349213600159,0.4304286539554596,0.41798216104507446,0.3928767144680023,0.3285430073738098,0.39094078540802,0.3987179696559906,0.47665831446647644,0.31035274267196655,0.3592548072338104,2591.1167911589937,0.16178095672890866,rock
-156.2683868408203,130.7677459716797,-25.246170043945312,43.49665832519531,-12.14410400390625,25.410446166992188,-7.9474592208862305,17.621599197387695,-8.632111549377441,9.57370662689209,-8.363633155822754,5.776412487030029,-7.044429779052734,0.3044377267360687,0.25777316093444824,0.41051140427589417,0.29283520579338074,0.3337042033672333,0.2531392574310303,0.3828738331794739,0.41329365968704224,0.3301447629928589,0.42534276843070984,0.3112274706363678,0.4062134921550751,1610.189714452553,0.0732932075996517,rock
-89.05668640136719,86.21659851074219,-24.4185848236084,47.110076904296875,-33.64547348022461,29.479248046875,-19.750383377075195,21.647640228271484,-16.7561092376709,6.549621105194092,-13.397908210754395,7.489511013031006,-12.868062973022461,0.4617388844490051,0.21255408227443695,0.19692309200763702,0.13644371926784515,0.16847524046897888,0.21658091247081757,0.19450384378433228,0.31256040930747986,0.22966700792312622,0.3084758520126343,0.30950284004211426,0.3209782540798187,2495.6204189789773,0.1206425055630805,rock
-74.30169677734375,100.11320495605469,-47.37080764770508,49.623390197753906,-18.414453506469727,24.62058448791504,-15.91473388671875,23.901294708251953,-22.833791732788086,23.33636474609375,-16.94891929626465,14.9324312210083,-11.504433631896973,0.3400288224220276,0.42031851410865784,0.4546491205692291,0.5070953369140625,0.5812496542930603,0.3519001603126526,0.4313042163848877,0.3289458751678467,0.4176608920097351,0.5341747403144836,0.4023081660270691,0.5533691644668579,2474.554693163817,0.15018352118808048,rock
-70.11753845214844,94.18165588378906,-50.328033447265625,46.96289825439453,-16.114253997802734,19.996185302734375,-23.95972442626953,16.34402847290039,-22.188528060913086,14.435193061828613,-20.092636108398438,12.150915145874023,-14.765588760375977,0.5405855178833008,0.38290584087371826,0.3342883884906769,0.5435107946395874,0.3509104251861572,0.391608327627182,0.27569735050201416,0.33952581882476807,0.4592150151729584,0.3793107867240906,0.5804183483123779,0.41980472207069397,2471.302263920436,0.15094504341621517,rock
-114.74584197998047,119.2917251586914,-50.72455978393555,42.63133239746094,-6.70927095413208,19.71417808532715,-16.88706398010254,19.3933048248291,-17.41594696044922,17.31191635131836,-10.866726875305176,6.668211936950684,-15.753815650939941,0.3211075961589813,0.4290265142917633,0.2523384392261505,0.2740458548069,0.17605391144752502,0.3253699243068695,0.6980912685394287,0.3236500322818756,0.3170057237148285,0.20375242829322815,0.3348531424999237,0.466844767332077,1939.9141779559488,0.09836637420181889,rock
-90.21276092529297,80.05299377441406,-46.36942672729492,56.04584884643555,-8.101378440856934,27.485427856445312,-17.328845977783203,22.97190284729004,-17.603975296020508,18.401447296142578,-17.448110580444336,7.651446342468262,-19.30083656311035,0.2877483665943146,0.5051259994506836,0.324593186378479,0.2898657023906708,0.27729591727256775,0.39955639839172363,0.8039202094078064,0.44620445370674133,0.29682350158691406,0.23029956221580505,0.4597063660621643,0.348555326461792,2629.304423185467,0.14670470624516255,rock
-153.61648559570312,109.89451599121094,-23.106590270996094,59.00746154785156,-7.5279951095581055,19.730127334594727,-16.48607635498047,18.083520889282227,-22.215627670288086,15.403846740722656,-12.378472328186035,12.349250793457031,-12.316457748413086,0.18143536150455475,0.42862316966056824,0.7740222811698914,0.4057105481624603,0.330304890871048,0.21710370481014252,0.349665105342865,0.3819062113761902,0.2940279543399811,0.4348243772983551,0.23297365009784698,0.19330337643623352,2008.5370455020434,0.08926665598393962,rock
-142.4420623779297,116.23844146728516,-32.1903190612793,49.11460876464844,-8.395415306091309,22.87228775024414,-18.311134338378906,20.106487274169922,-22.106910705566406,10.796754837036133,-13.00155258178711,14.067452430725098,-16.397626876831055,0.27372926473617554,0.49905115365982056,0.32811352610588074,0.3471605181694031,0.5619075298309326,0.2984401285648346,0.2637578248977661,0.26037830114364624,0.5627186298370361,0.703376293182373,0.36360839009284973,0.32288965582847595,2006.0092476458424,0.0976588954866486,rock
-125.06510925292969,115.20330810546875,-48.00468063354492,52.843101501464844,-13.491937637329102,21.76540756225586,-12.42856216430664,20.139965057373047,-18.370885848999023,10.11968994140625,-16.055442810058594,10.486739158630371,-17.95963478088379,0.38388729095458984,0.3758702874183655,0.5338373780250549,0.40733546018600464,0.45648062229156494,0.3424013555049896,0.47859540581703186,0.4660068154335022,0.3559342622756958,0.5271535515785217,0.38669073581695557,0.4687196612358093,2077.166787874547,0.12182428224167957,rock
-224.99404907226562,123.66968536376953,-9.775933265686035,56.6057243347168,10.427105903625488,20.634145736694336,-10.257256507873535,15.5733060836792,-8.251973152160645,12.805177688598633,-9.004446029663086,7.690067768096924,-10.085665702819824,0.4698413014411926,0.3562435805797577,0.2964925765991211,0.2281263768672943,0.33564457297325134,0.37928029894828796,0.35623058676719666,0.5616468191146851,0.42452025413513184,0.33662790060043335,0.2634664475917816,0.341011643409729,1398.5815744518925,0.04873137577399381,rock
-235.21820068359375,123.89323425292969,-22.541746139526367,52.92485427856445,-1.4473310708999634,24.66827392578125,-7.072872638702393,14.884822845458984,-12.778573989868164,16.70909881591797,-2.9464380741119385,10.071948051452637,-15.021038055419922,0.3616164028644562,0.26398563385009766,0.21086439490318298,0.42249351739883423,0.6718150973320007,0.4279423654079437,0.3353506624698639,0.22347484529018402,0.3200671076774597,0.23771804571151733,0.2812270224094391,0.5414230823516846,1609.3699366383669,0.07628978811919504,rock
